<?xml version="1.0" encoding="UTF-8"?>
<gpx creator="StravaGPX" version="1.1" xmlns="http://www.topografix.com/GPX/1/1" xmlns:xsi="http://www.w3.org/2001/XMLSchema-instance" xsi:schemaLocation="http://www.topografix.com/GPX/1/1 http://www.topografix.com/GPX/1/1/gpx.xsd">
 <metadata>
  <time>2026-05-03T21:13:15Z</time>
 </metadata>
 <trk>
  <name>Afternoon Run</name>
  <type>running</type>
  <trkseg>
   <trkpt lat="37.8053600" lon="-122.4341720">
    <ele>4.4</ele>
    <time>2026-05-03T21:13:15Z</time>
   </trkpt>
   <trkpt lat="37.8053770" lon="-122.4341930">
    <ele>4.4</ele>
    <time>2026-05-03T21:13:16Z</time>
   </trkpt>
   <trkpt lat="37.8053890" lon="-122.4342100">
    <ele>4.4</ele>
    <time>2026-05-03T21:13:17Z</time>
   </trkpt>
   <trkpt lat="37.8054000" lon="-122.4342270">
    <ele>4.4</ele>
    <time>2026-05-03T21:13:18Z</time>
   </trkpt>
   <trkpt lat="37.8054210" lon="-122.4342580">
    <ele>4.3</ele>
    <time>2026-05-03T21:13:19Z</time>
   </trkpt>
   <trkpt lat="37.8054500" lon="-122.4342970">
    <ele>4.3</ele>
    <time>2026-05-03T21:13:20Z</time>
   </trkpt>
   <trkpt lat="37.8054580" lon="-122.4343140">
    <ele>4.3</ele>
    <time>2026-05-03T21:13:21Z</time>
   </trkpt>
   <trkpt lat="37.8054810" lon="-122.4343490">
    <ele>4.2</ele>
    <time>2026-05-03T21:13:22Z</time>
   </trkpt>
   <trkpt lat="37.8055020" lon="-122.4343830">
    <ele>4.2</ele>
    <time>2026-05-03T21:13:23Z</time>
   </trkpt>
   <trkpt lat="37.8055320" lon="-122.4344240">
    <ele>4.1</ele>
    <time>2026-05-03T21:13:24Z</time>
   </trkpt>
   <trkpt lat="37.8055440" lon="-122.4344410">
    <ele>4.1</ele>
    <time>2026-05-03T21:13:25Z</time>
   </trkpt>
   <trkpt lat="37.8055610" lon="-122.4344760">
    <ele>4.1</ele>
    <time>2026-05-03T21:13:26Z</time>
   </trkpt>
   <trkpt lat="37.8055890" lon="-122.4345140">
    <ele>4.0</ele>
    <time>2026-05-03T21:13:27Z</time>
   </trkpt>
   <trkpt lat="37.8055960" lon="-122.4345580">
    <ele>4.0</ele>
    <time>2026-05-03T21:13:28Z</time>
   </trkpt>
   <trkpt lat="37.8056260" lon="-122.4345950">
    <ele>4.0</ele>
    <time>2026-05-03T21:13:29Z</time>
   </trkpt>
   <trkpt lat="37.8056460" lon="-122.4346330">
    <ele>3.9</ele>
    <time>2026-05-03T21:13:30Z</time>
   </trkpt>
   <trkpt lat="37.8056670" lon="-122.4346590">
    <ele>3.9</ele>
    <time>2026-05-03T21:13:31Z</time>
   </trkpt>
   <trkpt lat="37.8057020" lon="-122.4346970">
    <ele>3.9</ele>
    <time>2026-05-03T21:13:32Z</time>
   </trkpt>
   <trkpt lat="37.8057380" lon="-122.4347400">
    <ele>3.8</ele>
    <time>2026-05-03T21:13:33Z</time>
   </trkpt>
   <trkpt lat="37.8057580" lon="-122.4347770">
    <ele>3.8</ele>
    <time>2026-05-03T21:13:34Z</time>
   </trkpt>
   <trkpt lat="37.8057720" lon="-122.4348090">
    <ele>3.8</ele>
    <time>2026-05-03T21:13:35Z</time>
   </trkpt>
   <trkpt lat="37.8057900" lon="-122.4348430">
    <ele>3.8</ele>
    <time>2026-05-03T21:13:36Z</time>
   </trkpt>
   <trkpt lat="37.8058040" lon="-122.4348770">
    <ele>3.7</ele>
    <time>2026-05-03T21:13:37Z</time>
   </trkpt>
   <trkpt lat="37.8058300" lon="-122.4349100">
    <ele>3.7</ele>
    <time>2026-05-03T21:13:38Z</time>
   </trkpt>
   <trkpt lat="37.8058560" lon="-122.4349530">
    <ele>3.7</ele>
    <time>2026-05-03T21:13:39Z</time>
   </trkpt>
   <trkpt lat="37.8058650" lon="-122.4349710">
    <ele>3.7</ele>
    <time>2026-05-03T21:13:40Z</time>
   </trkpt>
   <trkpt lat="37.8058850" lon="-122.4350150">
    <ele>3.6</ele>
    <time>2026-05-03T21:13:41Z</time>
   </trkpt>
   <trkpt lat="37.8059040" lon="-122.4350480">
    <ele>3.6</ele>
    <time>2026-05-03T21:13:42Z</time>
   </trkpt>
   <trkpt lat="37.8059280" lon="-122.4350750">
    <ele>3.6</ele>
    <time>2026-05-03T21:13:43Z</time>
   </trkpt>
   <trkpt lat="37.8059620" lon="-122.4351010">
    <ele>3.6</ele>
    <time>2026-05-03T21:13:44Z</time>
   </trkpt>
   <trkpt lat="37.8059890" lon="-122.4351350">
    <ele>3.6</ele>
    <time>2026-05-03T21:13:45Z</time>
   </trkpt>
   <trkpt lat="37.8060150" lon="-122.4351720">
    <ele>3.5</ele>
    <time>2026-05-03T21:13:46Z</time>
   </trkpt>
   <trkpt lat="37.8060330" lon="-122.4352100">
    <ele>3.5</ele>
    <time>2026-05-03T21:13:47Z</time>
   </trkpt>
   <trkpt lat="37.8060550" lon="-122.4352420">
    <ele>3.5</ele>
    <time>2026-05-03T21:13:48Z</time>
   </trkpt>
   <trkpt lat="37.8060730" lon="-122.4352780">
    <ele>3.5</ele>
    <time>2026-05-03T21:13:49Z</time>
   </trkpt>
   <trkpt lat="37.8060960" lon="-122.4353120">
    <ele>3.5</ele>
    <time>2026-05-03T21:13:50Z</time>
   </trkpt>
   <trkpt lat="37.8061220" lon="-122.4353500">
    <ele>3.5</ele>
    <time>2026-05-03T21:13:51Z</time>
   </trkpt>
   <trkpt lat="37.8061370" lon="-122.4353840">
    <ele>3.5</ele>
    <time>2026-05-03T21:13:52Z</time>
   </trkpt>
   <trkpt lat="37.8061610" lon="-122.4354270">
    <ele>3.5</ele>
    <time>2026-05-03T21:13:53Z</time>
   </trkpt>
   <trkpt lat="37.8061710" lon="-122.4354430">
    <ele>3.5</ele>
    <time>2026-05-03T21:13:54Z</time>
   </trkpt>
   <trkpt lat="37.8061910" lon="-122.4354740">
    <ele>3.5</ele>
    <time>2026-05-03T21:13:55Z</time>
   </trkpt>
   <trkpt lat="37.8062180" lon="-122.4355040">
    <ele>3.5</ele>
    <time>2026-05-03T21:13:56Z</time>
   </trkpt>
   <trkpt lat="37.8062470" lon="-122.4355380">
    <ele>3.5</ele>
    <time>2026-05-03T21:13:57Z</time>
   </trkpt>
   <trkpt lat="37.8062720" lon="-122.4355730">
    <ele>3.4</ele>
    <time>2026-05-03T21:13:58Z</time>
   </trkpt>
   <trkpt lat="37.8062950" lon="-122.4356090">
    <ele>3.4</ele>
    <time>2026-05-03T21:13:59Z</time>
   </trkpt>
   <trkpt lat="37.8063230" lon="-122.4356490">
    <ele>3.4</ele>
    <time>2026-05-03T21:14:00Z</time>
   </trkpt>
   <trkpt lat="37.8063410" lon="-122.4356900">
    <ele>3.4</ele>
    <time>2026-05-03T21:14:01Z</time>
   </trkpt>
   <trkpt lat="37.8063630" lon="-122.4357170">
    <ele>3.4</ele>
    <time>2026-05-03T21:14:02Z</time>
   </trkpt>
   <trkpt lat="37.8063800" lon="-122.4357560">
    <ele>3.4</ele>
    <time>2026-05-03T21:14:03Z</time>
   </trkpt>
   <trkpt lat="37.8063980" lon="-122.4357880">
    <ele>3.4</ele>
    <time>2026-05-03T21:14:04Z</time>
   </trkpt>
   <trkpt lat="37.8064180" lon="-122.4358210">
    <ele>3.4</ele>
    <time>2026-05-03T21:14:05Z</time>
   </trkpt>
   <trkpt lat="37.8064410" lon="-122.4358610">
    <ele>3.4</ele>
    <time>2026-05-03T21:14:06Z</time>
   </trkpt>
   <trkpt lat="37.8064530" lon="-122.4358990">
    <ele>3.4</ele>
    <time>2026-05-03T21:14:07Z</time>
   </trkpt>
   <trkpt lat="37.8064710" lon="-122.4359340">
    <ele>3.4</ele>
    <time>2026-05-03T21:14:08Z</time>
   </trkpt>
   <trkpt lat="37.8064930" lon="-122.4359620">
    <ele>3.5</ele>
    <time>2026-05-03T21:14:09Z</time>
   </trkpt>
   <trkpt lat="37.8065060" lon="-122.4359690">
    <ele>3.5</ele>
    <time>2026-05-03T21:14:10Z</time>
   </trkpt>
   <trkpt lat="37.8065280" lon="-122.4360090">
    <ele>3.5</ele>
    <time>2026-05-03T21:14:11Z</time>
   </trkpt>
   <trkpt lat="37.8065380" lon="-122.4360440">
    <ele>3.5</ele>
    <time>2026-05-03T21:14:12Z</time>
   </trkpt>
   <trkpt lat="37.8065570" lon="-122.4360740">
    <ele>3.5</ele>
    <time>2026-05-03T21:14:13Z</time>
   </trkpt>
   <trkpt lat="37.8065700" lon="-122.4361060">
    <ele>3.5</ele>
    <time>2026-05-03T21:14:14Z</time>
   </trkpt>
   <trkpt lat="37.8065840" lon="-122.4361410">
    <ele>3.5</ele>
    <time>2026-05-03T21:14:15Z</time>
   </trkpt>
   <trkpt lat="37.8066000" lon="-122.4361770">
    <ele>3.5</ele>
    <time>2026-05-03T21:14:16Z</time>
   </trkpt>
   <trkpt lat="37.8065990" lon="-122.4362180">
    <ele>3.5</ele>
    <time>2026-05-03T21:14:17Z</time>
   </trkpt>
   <trkpt lat="37.8066080" lon="-122.4362560">
    <ele>3.5</ele>
    <time>2026-05-03T21:14:18Z</time>
   </trkpt>
   <trkpt lat="37.8066210" lon="-122.4363050">
    <ele>3.5</ele>
    <time>2026-05-03T21:14:19Z</time>
   </trkpt>
   <trkpt lat="37.8066310" lon="-122.4363550">
    <ele>3.5</ele>
    <time>2026-05-03T21:14:20Z</time>
   </trkpt>
   <trkpt lat="37.8066410" lon="-122.4363870">
    <ele>3.5</ele>
    <time>2026-05-03T21:14:21Z</time>
   </trkpt>
   <trkpt lat="37.8066360" lon="-122.4364280">
    <ele>3.5</ele>
    <time>2026-05-03T21:14:22Z</time>
   </trkpt>
   <trkpt lat="37.8066320" lon="-122.4364730">
    <ele>3.5</ele>
    <time>2026-05-03T21:14:23Z</time>
   </trkpt>
   <trkpt lat="37.8066360" lon="-122.4365160">
    <ele>3.4</ele>
    <time>2026-05-03T21:14:24Z</time>
   </trkpt>
   <trkpt lat="37.8066330" lon="-122.4365610">
    <ele>3.4</ele>
    <time>2026-05-03T21:14:25Z</time>
   </trkpt>
   <trkpt lat="37.8066330" lon="-122.4366010">
    <ele>3.4</ele>
    <time>2026-05-03T21:14:26Z</time>
   </trkpt>
   <trkpt lat="37.8066210" lon="-122.4366530">
    <ele>3.4</ele>
    <time>2026-05-03T21:14:27Z</time>
   </trkpt>
   <trkpt lat="37.8066150" lon="-122.4366990">
    <ele>3.4</ele>
    <time>2026-05-03T21:14:28Z</time>
   </trkpt>
   <trkpt lat="37.8066110" lon="-122.4367200">
    <ele>3.4</ele>
    <time>2026-05-03T21:14:29Z</time>
   </trkpt>
   <trkpt lat="37.8066050" lon="-122.4367700">
    <ele>3.4</ele>
    <time>2026-05-03T21:14:30Z</time>
   </trkpt>
   <trkpt lat="37.8066020" lon="-122.4368270">
    <ele>3.4</ele>
    <time>2026-05-03T21:14:31Z</time>
   </trkpt>
   <trkpt lat="37.8066000" lon="-122.4368500">
    <ele>3.4</ele>
    <time>2026-05-03T21:14:32Z</time>
   </trkpt>
   <trkpt lat="37.8066070" lon="-122.4368990">
    <ele>3.4</ele>
    <time>2026-05-03T21:14:33Z</time>
   </trkpt>
   <trkpt lat="37.8066020" lon="-122.4369380">
    <ele>3.4</ele>
    <time>2026-05-03T21:14:34Z</time>
   </trkpt>
   <trkpt lat="37.8065910" lon="-122.4369910">
    <ele>3.4</ele>
    <time>2026-05-03T21:14:35Z</time>
   </trkpt>
   <trkpt lat="37.8065860" lon="-122.4370150">
    <ele>3.4</ele>
    <time>2026-05-03T21:14:36Z</time>
   </trkpt>
   <trkpt lat="37.8065750" lon="-122.4370580">
    <ele>3.4</ele>
    <time>2026-05-03T21:14:37Z</time>
   </trkpt>
   <trkpt lat="37.8065580" lon="-122.4370990">
    <ele>3.3</ele>
    <time>2026-05-03T21:14:38Z</time>
   </trkpt>
   <trkpt lat="37.8065520" lon="-122.4371380">
    <ele>3.3</ele>
    <time>2026-05-03T21:14:39Z</time>
   </trkpt>
   <trkpt lat="37.8065430" lon="-122.4371910">
    <ele>3.3</ele>
    <time>2026-05-03T21:14:40Z</time>
   </trkpt>
   <trkpt lat="37.8065400" lon="-122.4372120">
    <ele>3.3</ele>
    <time>2026-05-03T21:14:41Z</time>
   </trkpt>
   <trkpt lat="37.8065380" lon="-122.4372600">
    <ele>3.3</ele>
    <time>2026-05-03T21:14:42Z</time>
   </trkpt>
   <trkpt lat="37.8065450" lon="-122.4373080">
    <ele>3.3</ele>
    <time>2026-05-03T21:14:43Z</time>
   </trkpt>
   <trkpt lat="37.8065520" lon="-122.4373430">
    <ele>3.3</ele>
    <time>2026-05-03T21:14:44Z</time>
   </trkpt>
   <trkpt lat="37.8065390" lon="-122.4373800">
    <ele>3.3</ele>
    <time>2026-05-03T21:14:45Z</time>
   </trkpt>
   <trkpt lat="37.8065360" lon="-122.4374170">
    <ele>3.3</ele>
    <time>2026-05-03T21:14:46Z</time>
   </trkpt>
   <trkpt lat="37.8065220" lon="-122.4374620">
    <ele>3.3</ele>
    <time>2026-05-03T21:14:47Z</time>
   </trkpt>
   <trkpt lat="37.8065230" lon="-122.4375020">
    <ele>3.3</ele>
    <time>2026-05-03T21:14:48Z</time>
   </trkpt>
   <trkpt lat="37.8065200" lon="-122.4375410">
    <ele>3.2</ele>
    <time>2026-05-03T21:14:49Z</time>
   </trkpt>
   <trkpt lat="37.8065190" lon="-122.4375790">
    <ele>3.2</ele>
    <time>2026-05-03T21:14:50Z</time>
   </trkpt>
   <trkpt lat="37.8065160" lon="-122.4376300">
    <ele>3.2</ele>
    <time>2026-05-03T21:14:51Z</time>
   </trkpt>
   <trkpt lat="37.8065110" lon="-122.4376660">
    <ele>3.2</ele>
    <time>2026-05-03T21:14:52Z</time>
   </trkpt>
   <trkpt lat="37.8064930" lon="-122.4377030">
    <ele>3.2</ele>
    <time>2026-05-03T21:14:53Z</time>
   </trkpt>
   <trkpt lat="37.8064890" lon="-122.4377430">
    <ele>3.2</ele>
    <time>2026-05-03T21:14:54Z</time>
   </trkpt>
   <trkpt lat="37.8064780" lon="-122.4377790">
    <ele>3.2</ele>
    <time>2026-05-03T21:14:55Z</time>
   </trkpt>
   <trkpt lat="37.8064750" lon="-122.4378180">
    <ele>3.2</ele>
    <time>2026-05-03T21:14:56Z</time>
   </trkpt>
   <trkpt lat="37.8064700" lon="-122.4378620">
    <ele>3.2</ele>
    <time>2026-05-03T21:14:57Z</time>
   </trkpt>
   <trkpt lat="37.8064640" lon="-122.4379010">
    <ele>3.2</ele>
    <time>2026-05-03T21:14:58Z</time>
   </trkpt>
   <trkpt lat="37.8064620" lon="-122.4379580">
    <ele>3.2</ele>
    <time>2026-05-03T21:14:59Z</time>
   </trkpt>
   <trkpt lat="37.8064580" lon="-122.4379820">
    <ele>3.2</ele>
    <time>2026-05-03T21:15:00Z</time>
   </trkpt>
   <trkpt lat="37.8064540" lon="-122.4380170">
    <ele>3.2</ele>
    <time>2026-05-03T21:15:01Z</time>
   </trkpt>
   <trkpt lat="37.8064390" lon="-122.4380510">
    <ele>3.2</ele>
    <time>2026-05-03T21:15:02Z</time>
   </trkpt>
   <trkpt lat="37.8064360" lon="-122.4380890">
    <ele>3.2</ele>
    <time>2026-05-03T21:15:03Z</time>
   </trkpt>
   <trkpt lat="37.8064290" lon="-122.4381220">
    <ele>3.2</ele>
    <time>2026-05-03T21:15:04Z</time>
   </trkpt>
   <trkpt lat="37.8064220" lon="-122.4381610">
    <ele>3.1</ele>
    <time>2026-05-03T21:15:05Z</time>
   </trkpt>
   <trkpt lat="37.8064170" lon="-122.4382040">
    <ele>3.1</ele>
    <time>2026-05-03T21:15:06Z</time>
   </trkpt>
   <trkpt lat="37.8064140" lon="-122.4382430">
    <ele>3.1</ele>
    <time>2026-05-03T21:15:07Z</time>
   </trkpt>
   <trkpt lat="37.8064140" lon="-122.4382890">
    <ele>3.1</ele>
    <time>2026-05-03T21:15:08Z</time>
   </trkpt>
   <trkpt lat="37.8064060" lon="-122.4383420">
    <ele>3.1</ele>
    <time>2026-05-03T21:15:09Z</time>
   </trkpt>
   <trkpt lat="37.8064030" lon="-122.4383620">
    <ele>3.1</ele>
    <time>2026-05-03T21:15:10Z</time>
   </trkpt>
   <trkpt lat="37.8064000" lon="-122.4383990">
    <ele>3.1</ele>
    <time>2026-05-03T21:15:11Z</time>
   </trkpt>
   <trkpt lat="37.8064000" lon="-122.4384510">
    <ele>3.1</ele>
    <time>2026-05-03T21:15:12Z</time>
   </trkpt>
   <trkpt lat="37.8063980" lon="-122.4384700">
    <ele>3.1</ele>
    <time>2026-05-03T21:15:13Z</time>
   </trkpt>
   <trkpt lat="37.8063950" lon="-122.4385090">
    <ele>3.1</ele>
    <time>2026-05-03T21:15:14Z</time>
   </trkpt>
   <trkpt lat="37.8063940" lon="-122.4385480">
    <ele>3.1</ele>
    <time>2026-05-03T21:15:15Z</time>
   </trkpt>
   <trkpt lat="37.8063870" lon="-122.4385940">
    <ele>3.1</ele>
    <time>2026-05-03T21:15:16Z</time>
   </trkpt>
   <trkpt lat="37.8063840" lon="-122.4386070">
    <ele>3.1</ele>
    <time>2026-05-03T21:15:17Z</time>
   </trkpt>
   <trkpt lat="37.8063770" lon="-122.4386510">
    <ele>3.2</ele>
    <time>2026-05-03T21:15:18Z</time>
   </trkpt>
   <trkpt lat="37.8063760" lon="-122.4386910">
    <ele>3.2</ele>
    <time>2026-05-03T21:15:19Z</time>
   </trkpt>
   <trkpt lat="37.8063730" lon="-122.4387310">
    <ele>3.2</ele>
    <time>2026-05-03T21:15:20Z</time>
   </trkpt>
   <trkpt lat="37.8063690" lon="-122.4387740">
    <ele>3.2</ele>
    <time>2026-05-03T21:15:21Z</time>
   </trkpt>
   <trkpt lat="37.8063600" lon="-122.4388080">
    <ele>3.2</ele>
    <time>2026-05-03T21:15:22Z</time>
   </trkpt>
   <trkpt lat="37.8063600" lon="-122.4388500">
    <ele>3.2</ele>
    <time>2026-05-03T21:15:23Z</time>
   </trkpt>
   <trkpt lat="37.8063460" lon="-122.4388870">
    <ele>3.2</ele>
    <time>2026-05-03T21:15:24Z</time>
   </trkpt>
   <trkpt lat="37.8063420" lon="-122.4389240">
    <ele>3.2</ele>
    <time>2026-05-03T21:15:25Z</time>
   </trkpt>
   <trkpt lat="37.8063280" lon="-122.4389540">
    <ele>3.3</ele>
    <time>2026-05-03T21:15:26Z</time>
   </trkpt>
   <trkpt lat="37.8063250" lon="-122.4389970">
    <ele>3.3</ele>
    <time>2026-05-03T21:15:27Z</time>
   </trkpt>
   <trkpt lat="37.8063240" lon="-122.4390380">
    <ele>3.3</ele>
    <time>2026-05-03T21:15:28Z</time>
   </trkpt>
   <trkpt lat="37.8063250" lon="-122.4390740">
    <ele>3.3</ele>
    <time>2026-05-03T21:15:29Z</time>
   </trkpt>
   <trkpt lat="37.8063240" lon="-122.4391190">
    <ele>3.3</ele>
    <time>2026-05-03T21:15:30Z</time>
   </trkpt>
   <trkpt lat="37.8063120" lon="-122.4391650">
    <ele>3.3</ele>
    <time>2026-05-03T21:15:31Z</time>
   </trkpt>
   <trkpt lat="37.8063060" lon="-122.4392040">
    <ele>3.3</ele>
    <time>2026-05-03T21:15:32Z</time>
   </trkpt>
   <trkpt lat="37.8063050" lon="-122.4392490">
    <ele>3.3</ele>
    <time>2026-05-03T21:15:33Z</time>
   </trkpt>
   <trkpt lat="37.8062970" lon="-122.4392820">
    <ele>3.3</ele>
    <time>2026-05-03T21:15:34Z</time>
   </trkpt>
   <trkpt lat="37.8062980" lon="-122.4393210">
    <ele>3.3</ele>
    <time>2026-05-03T21:15:35Z</time>
   </trkpt>
   <trkpt lat="37.8063030" lon="-122.4393750">
    <ele>3.3</ele>
    <time>2026-05-03T21:15:36Z</time>
   </trkpt>
   <trkpt lat="37.8062860" lon="-122.4394170">
    <ele>3.3</ele>
    <time>2026-05-03T21:15:37Z</time>
   </trkpt>
   <trkpt lat="37.8062800" lon="-122.4394300">
    <ele>3.3</ele>
    <time>2026-05-03T21:15:38Z</time>
   </trkpt>
   <trkpt lat="37.8062730" lon="-122.4394810">
    <ele>3.3</ele>
    <time>2026-05-03T21:15:39Z</time>
   </trkpt>
   <trkpt lat="37.8062650" lon="-122.4395270">
    <ele>3.3</ele>
    <time>2026-05-03T21:15:40Z</time>
   </trkpt>
   <trkpt lat="37.8062640" lon="-122.4395640">
    <ele>3.2</ele>
    <time>2026-05-03T21:15:41Z</time>
   </trkpt>
   <trkpt lat="37.8062490" lon="-122.4396040">
    <ele>3.2</ele>
    <time>2026-05-03T21:15:42Z</time>
   </trkpt>
   <trkpt lat="37.8062480" lon="-122.4396180">
    <ele>3.2</ele>
    <time>2026-05-03T21:15:43Z</time>
   </trkpt>
   <trkpt lat="37.8062460" lon="-122.4396790">
    <ele>3.2</ele>
    <time>2026-05-03T21:15:44Z</time>
   </trkpt>
   <trkpt lat="37.8062480" lon="-122.4397080">
    <ele>3.2</ele>
    <time>2026-05-03T21:15:45Z</time>
   </trkpt>
   <trkpt lat="37.8062420" lon="-122.4397570">
    <ele>3.2</ele>
    <time>2026-05-03T21:15:46Z</time>
   </trkpt>
   <trkpt lat="37.8062400" lon="-122.4397740">
    <ele>3.2</ele>
    <time>2026-05-03T21:15:47Z</time>
   </trkpt>
   <trkpt lat="37.8062330" lon="-122.4398260">
    <ele>3.2</ele>
    <time>2026-05-03T21:15:48Z</time>
   </trkpt>
   <trkpt lat="37.8062260" lon="-122.4398440">
    <ele>3.2</ele>
    <time>2026-05-03T21:15:49Z</time>
   </trkpt>
   <trkpt lat="37.8062220" lon="-122.4398840">
    <ele>3.2</ele>
    <time>2026-05-03T21:15:50Z</time>
   </trkpt>
   <trkpt lat="37.8062190" lon="-122.4399230">
    <ele>3.2</ele>
    <time>2026-05-03T21:15:51Z</time>
   </trkpt>
   <trkpt lat="37.8062080" lon="-122.4399610">
    <ele>3.2</ele>
    <time>2026-05-03T21:15:52Z</time>
   </trkpt>
   <trkpt lat="37.8062010" lon="-122.4400090">
    <ele>3.2</ele>
    <time>2026-05-03T21:15:53Z</time>
   </trkpt>
   <trkpt lat="37.8061970" lon="-122.4400240">
    <ele>3.2</ele>
    <time>2026-05-03T21:15:54Z</time>
   </trkpt>
   <trkpt lat="37.8061900" lon="-122.4400580">
    <ele>3.2</ele>
    <time>2026-05-03T21:15:55Z</time>
   </trkpt>
   <trkpt lat="37.8061850" lon="-122.4401080">
    <ele>3.2</ele>
    <time>2026-05-03T21:15:56Z</time>
   </trkpt>
   <trkpt lat="37.8061810" lon="-122.4401240">
    <ele>3.2</ele>
    <time>2026-05-03T21:15:57Z</time>
   </trkpt>
   <trkpt lat="37.8061790" lon="-122.4401600">
    <ele>3.2</ele>
    <time>2026-05-03T21:15:58Z</time>
   </trkpt>
   <trkpt lat="37.8061720" lon="-122.4401930">
    <ele>3.2</ele>
    <time>2026-05-03T21:15:59Z</time>
   </trkpt>
   <trkpt lat="37.8061810" lon="-122.4402390">
    <ele>3.2</ele>
    <time>2026-05-03T21:16:00Z</time>
   </trkpt>
   <trkpt lat="37.8061760" lon="-122.4402770">
    <ele>3.2</ele>
    <time>2026-05-03T21:16:01Z</time>
   </trkpt>
   <trkpt lat="37.8061670" lon="-122.4403200">
    <ele>3.2</ele>
    <time>2026-05-03T21:16:02Z</time>
   </trkpt>
   <trkpt lat="37.8061650" lon="-122.4403600">
    <ele>3.2</ele>
    <time>2026-05-03T21:16:03Z</time>
   </trkpt>
   <trkpt lat="37.8061550" lon="-122.4403980">
    <ele>3.2</ele>
    <time>2026-05-03T21:16:04Z</time>
   </trkpt>
   <trkpt lat="37.8061510" lon="-122.4404480">
    <ele>3.2</ele>
    <time>2026-05-03T21:16:05Z</time>
   </trkpt>
   <trkpt lat="37.8061360" lon="-122.4404940">
    <ele>3.2</ele>
    <time>2026-05-03T21:16:06Z</time>
   </trkpt>
   <trkpt lat="37.8061310" lon="-122.4405100">
    <ele>3.2</ele>
    <time>2026-05-03T21:16:07Z</time>
   </trkpt>
   <trkpt lat="37.8061250" lon="-122.4405530">
    <ele>3.2</ele>
    <time>2026-05-03T21:16:08Z</time>
   </trkpt>
   <trkpt lat="37.8061300" lon="-122.4405880">
    <ele>3.2</ele>
    <time>2026-05-03T21:16:09Z</time>
   </trkpt>
   <trkpt lat="37.8061080" lon="-122.4406360">
    <ele>3.2</ele>
    <time>2026-05-03T21:16:10Z</time>
   </trkpt>
   <trkpt lat="37.8061010" lon="-122.4406800">
    <ele>3.2</ele>
    <time>2026-05-03T21:16:11Z</time>
   </trkpt>
   <trkpt lat="37.8060990" lon="-122.4407160">
    <ele>3.2</ele>
    <time>2026-05-03T21:16:12Z</time>
   </trkpt>
   <trkpt lat="37.8061010" lon="-122.4407670">
    <ele>3.2</ele>
    <time>2026-05-03T21:16:13Z</time>
   </trkpt>
   <trkpt lat="37.8060990" lon="-122.4407850">
    <ele>3.2</ele>
    <time>2026-05-03T21:16:14Z</time>
   </trkpt>
   <trkpt lat="37.8060960" lon="-122.4408300">
    <ele>3.2</ele>
    <time>2026-05-03T21:16:15Z</time>
   </trkpt>
   <trkpt lat="37.8060900" lon="-122.4408700">
    <ele>3.2</ele>
    <time>2026-05-03T21:16:16Z</time>
   </trkpt>
   <trkpt lat="37.8060930" lon="-122.4409130">
    <ele>3.2</ele>
    <time>2026-05-03T21:16:17Z</time>
   </trkpt>
   <trkpt lat="37.8060870" lon="-122.4409530">
    <ele>3.2</ele>
    <time>2026-05-03T21:16:18Z</time>
   </trkpt>
   <trkpt lat="37.8060770" lon="-122.4409980">
    <ele>3.2</ele>
    <time>2026-05-03T21:16:19Z</time>
   </trkpt>
   <trkpt lat="37.8060680" lon="-122.4410470">
    <ele>3.2</ele>
    <time>2026-05-03T21:16:20Z</time>
   </trkpt>
   <trkpt lat="37.8060670" lon="-122.4410650">
    <ele>3.2</ele>
    <time>2026-05-03T21:16:21Z</time>
   </trkpt>
   <trkpt lat="37.8060630" lon="-122.4411020">
    <ele>3.2</ele>
    <time>2026-05-03T21:16:22Z</time>
   </trkpt>
   <trkpt lat="37.8060560" lon="-122.4411440">
    <ele>3.2</ele>
    <time>2026-05-03T21:16:23Z</time>
   </trkpt>
   <trkpt lat="37.8060550" lon="-122.4411890">
    <ele>3.2</ele>
    <time>2026-05-03T21:16:24Z</time>
   </trkpt>
   <trkpt lat="37.8060480" lon="-122.4412380">
    <ele>3.2</ele>
    <time>2026-05-03T21:16:25Z</time>
   </trkpt>
   <trkpt lat="37.8060460" lon="-122.4412540">
    <ele>3.2</ele>
    <time>2026-05-03T21:16:26Z</time>
   </trkpt>
   <trkpt lat="37.8060430" lon="-122.4413030">
    <ele>3.2</ele>
    <time>2026-05-03T21:16:27Z</time>
   </trkpt>
   <trkpt lat="37.8060310" lon="-122.4413390">
    <ele>3.2</ele>
    <time>2026-05-03T21:16:28Z</time>
   </trkpt>
   <trkpt lat="37.8060320" lon="-122.4413760">
    <ele>3.2</ele>
    <time>2026-05-03T21:16:29Z</time>
   </trkpt>
   <trkpt lat="37.8060250" lon="-122.4414300">
    <ele>3.2</ele>
    <time>2026-05-03T21:16:30Z</time>
   </trkpt>
   <trkpt lat="37.8060230" lon="-122.4414520">
    <ele>3.2</ele>
    <time>2026-05-03T21:16:31Z</time>
   </trkpt>
   <trkpt lat="37.8060160" lon="-122.4414900">
    <ele>3.2</ele>
    <time>2026-05-03T21:16:32Z</time>
   </trkpt>
   <trkpt lat="37.8060120" lon="-122.4415100">
    <ele>3.2</ele>
    <time>2026-05-03T21:16:33Z</time>
   </trkpt>
   <trkpt lat="37.8060110" lon="-122.4415520">
    <ele>3.2</ele>
    <time>2026-05-03T21:16:34Z</time>
   </trkpt>
   <trkpt lat="37.8060010" lon="-122.4415980">
    <ele>3.2</ele>
    <time>2026-05-03T21:16:35Z</time>
   </trkpt>
   <trkpt lat="37.8059930" lon="-122.4416500">
    <ele>3.2</ele>
    <time>2026-05-03T21:16:36Z</time>
   </trkpt>
   <trkpt lat="37.8059900" lon="-122.4416720">
    <ele>3.2</ele>
    <time>2026-05-03T21:16:37Z</time>
   </trkpt>
   <trkpt lat="37.8059700" lon="-122.4417160">
    <ele>3.2</ele>
    <time>2026-05-03T21:16:38Z</time>
   </trkpt>
   <trkpt lat="37.8059700" lon="-122.4417680">
    <ele>3.1</ele>
    <time>2026-05-03T21:16:39Z</time>
   </trkpt>
   <trkpt lat="37.8059680" lon="-122.4417890">
    <ele>3.1</ele>
    <time>2026-05-03T21:16:40Z</time>
   </trkpt>
   <trkpt lat="37.8059650" lon="-122.4418250">
    <ele>3.1</ele>
    <time>2026-05-03T21:16:41Z</time>
   </trkpt>
   <trkpt lat="37.8059610" lon="-122.4418630">
    <ele>3.1</ele>
    <time>2026-05-03T21:16:42Z</time>
   </trkpt>
   <trkpt lat="37.8059450" lon="-122.4419010">
    <ele>3.1</ele>
    <time>2026-05-03T21:16:43Z</time>
   </trkpt>
   <trkpt lat="37.8059420" lon="-122.4419510">
    <ele>3.1</ele>
    <time>2026-05-03T21:16:44Z</time>
   </trkpt>
   <trkpt lat="37.8059350" lon="-122.4419830">
    <ele>3.1</ele>
    <time>2026-05-03T21:16:45Z</time>
   </trkpt>
   <trkpt lat="37.8059270" lon="-122.4420720">
    <ele>3.1</ele>
    <time>2026-05-03T21:16:46Z</time>
   </trkpt>
   <trkpt lat="37.8059280" lon="-122.4421310">
    <ele>3.1</ele>
    <time>2026-05-03T21:16:52Z</time>
   </trkpt>
   <trkpt lat="37.8059280" lon="-122.4421900">
    <ele>3.1</ele>
    <time>2026-05-03T21:16:53Z</time>
   </trkpt>
   <trkpt lat="37.8059290" lon="-122.4422490">
    <ele>3.1</ele>
    <time>2026-05-03T21:16:54Z</time>
   </trkpt>
   <trkpt lat="37.8059270" lon="-122.4422900">
    <ele>3.1</ele>
    <time>2026-05-03T21:16:55Z</time>
   </trkpt>
   <trkpt lat="37.8059310" lon="-122.4423370">
    <ele>3.1</ele>
    <time>2026-05-03T21:16:56Z</time>
   </trkpt>
   <trkpt lat="37.8059270" lon="-122.4423770">
    <ele>3.1</ele>
    <time>2026-05-03T21:16:57Z</time>
   </trkpt>
   <trkpt lat="37.8059320" lon="-122.4424120">
    <ele>3.1</ele>
    <time>2026-05-03T21:16:58Z</time>
   </trkpt>
   <trkpt lat="37.8059180" lon="-122.4424550">
    <ele>3.1</ele>
    <time>2026-05-03T21:16:59Z</time>
   </trkpt>
   <trkpt lat="37.8059110" lon="-122.4424900">
    <ele>3.1</ele>
    <time>2026-05-03T21:17:00Z</time>
   </trkpt>
   <trkpt lat="37.8058880" lon="-122.4425260">
    <ele>3.1</ele>
    <time>2026-05-03T21:17:01Z</time>
   </trkpt>
   <trkpt lat="37.8058920" lon="-122.4425630">
    <ele>3.0</ele>
    <time>2026-05-03T21:17:02Z</time>
   </trkpt>
   <trkpt lat="37.8058840" lon="-122.4426000">
    <ele>3.0</ele>
    <time>2026-05-03T21:17:03Z</time>
   </trkpt>
   <trkpt lat="37.8058770" lon="-122.4426370">
    <ele>3.0</ele>
    <time>2026-05-03T21:17:04Z</time>
   </trkpt>
   <trkpt lat="37.8058740" lon="-122.4426760">
    <ele>3.0</ele>
    <time>2026-05-03T21:17:05Z</time>
   </trkpt>
   <trkpt lat="37.8058640" lon="-122.4427120">
    <ele>3.0</ele>
    <time>2026-05-03T21:17:06Z</time>
   </trkpt>
   <trkpt lat="37.8058570" lon="-122.4427690">
    <ele>3.0</ele>
    <time>2026-05-03T21:17:07Z</time>
   </trkpt>
   <trkpt lat="37.8058510" lon="-122.4427910">
    <ele>3.0</ele>
    <time>2026-05-03T21:17:08Z</time>
   </trkpt>
   <trkpt lat="37.8058510" lon="-122.4428430">
    <ele>3.0</ele>
    <time>2026-05-03T21:17:09Z</time>
   </trkpt>
   <trkpt lat="37.8058480" lon="-122.4428610">
    <ele>3.0</ele>
    <time>2026-05-03T21:17:10Z</time>
   </trkpt>
   <trkpt lat="37.8058400" lon="-122.4428970">
    <ele>3.0</ele>
    <time>2026-05-03T21:17:11Z</time>
   </trkpt>
   <trkpt lat="37.8058270" lon="-122.4429470">
    <ele>3.1</ele>
    <time>2026-05-03T21:17:12Z</time>
   </trkpt>
   <trkpt lat="37.8058270" lon="-122.4429960">
    <ele>3.1</ele>
    <time>2026-05-03T21:17:13Z</time>
   </trkpt>
   <trkpt lat="37.8058250" lon="-122.4430150">
    <ele>3.1</ele>
    <time>2026-05-03T21:17:14Z</time>
   </trkpt>
   <trkpt lat="37.8058210" lon="-122.4430570">
    <ele>3.1</ele>
    <time>2026-05-03T21:17:15Z</time>
   </trkpt>
   <trkpt lat="37.8058200" lon="-122.4431000">
    <ele>3.0</ele>
    <time>2026-05-03T21:17:16Z</time>
   </trkpt>
   <trkpt lat="37.8058120" lon="-122.4431410">
    <ele>3.0</ele>
    <time>2026-05-03T21:17:17Z</time>
   </trkpt>
   <trkpt lat="37.8058130" lon="-122.4431790">
    <ele>3.0</ele>
    <time>2026-05-03T21:17:18Z</time>
   </trkpt>
   <trkpt lat="37.8058100" lon="-122.4432260">
    <ele>3.0</ele>
    <time>2026-05-03T21:17:19Z</time>
   </trkpt>
   <trkpt lat="37.8058000" lon="-122.4432640">
    <ele>3.0</ele>
    <time>2026-05-03T21:17:20Z</time>
   </trkpt>
   <trkpt lat="37.8057920" lon="-122.4433020">
    <ele>3.0</ele>
    <time>2026-05-03T21:17:21Z</time>
   </trkpt>
   <trkpt lat="37.8057890" lon="-122.4433460">
    <ele>3.0</ele>
    <time>2026-05-03T21:17:22Z</time>
   </trkpt>
   <trkpt lat="37.8057910" lon="-122.4433920">
    <ele>3.0</ele>
    <time>2026-05-03T21:17:23Z</time>
   </trkpt>
   <trkpt lat="37.8057850" lon="-122.4434300">
    <ele>3.0</ele>
    <time>2026-05-03T21:17:24Z</time>
   </trkpt>
   <trkpt lat="37.8057820" lon="-122.4434830">
    <ele>3.0</ele>
    <time>2026-05-03T21:17:25Z</time>
   </trkpt>
   <trkpt lat="37.8057810" lon="-122.4435020">
    <ele>3.0</ele>
    <time>2026-05-03T21:17:26Z</time>
   </trkpt>
   <trkpt lat="37.8057790" lon="-122.4435500">
    <ele>2.9</ele>
    <time>2026-05-03T21:17:27Z</time>
   </trkpt>
   <trkpt lat="37.8057680" lon="-122.4436030">
    <ele>2.9</ele>
    <time>2026-05-03T21:17:28Z</time>
   </trkpt>
   <trkpt lat="37.8057680" lon="-122.4436400">
    <ele>2.9</ele>
    <time>2026-05-03T21:17:29Z</time>
   </trkpt>
   <trkpt lat="37.8057630" lon="-122.4436810">
    <ele>2.9</ele>
    <time>2026-05-03T21:17:30Z</time>
   </trkpt>
   <trkpt lat="37.8057580" lon="-122.4437230">
    <ele>2.9</ele>
    <time>2026-05-03T21:17:31Z</time>
   </trkpt>
   <trkpt lat="37.8057500" lon="-122.4437600">
    <ele>2.9</ele>
    <time>2026-05-03T21:17:32Z</time>
   </trkpt>
   <trkpt lat="37.8057370" lon="-122.4437910">
    <ele>2.9</ele>
    <time>2026-05-03T21:17:33Z</time>
   </trkpt>
   <trkpt lat="37.8057300" lon="-122.4438380">
    <ele>2.9</ele>
    <time>2026-05-03T21:17:34Z</time>
   </trkpt>
   <trkpt lat="37.8057230" lon="-122.4438780">
    <ele>2.9</ele>
    <time>2026-05-03T21:17:35Z</time>
   </trkpt>
   <trkpt lat="37.8057160" lon="-122.4439230">
    <ele>2.9</ele>
    <time>2026-05-03T21:17:36Z</time>
   </trkpt>
   <trkpt lat="37.8057230" lon="-122.4439620">
    <ele>2.9</ele>
    <time>2026-05-03T21:17:37Z</time>
   </trkpt>
   <trkpt lat="37.8057160" lon="-122.4440060">
    <ele>2.9</ele>
    <time>2026-05-03T21:17:38Z</time>
   </trkpt>
   <trkpt lat="37.8057120" lon="-122.4440590">
    <ele>2.9</ele>
    <time>2026-05-03T21:17:39Z</time>
   </trkpt>
   <trkpt lat="37.8057130" lon="-122.4440820">
    <ele>2.9</ele>
    <time>2026-05-03T21:17:40Z</time>
   </trkpt>
   <trkpt lat="37.8057080" lon="-122.4441340">
    <ele>2.9</ele>
    <time>2026-05-03T21:17:41Z</time>
   </trkpt>
   <trkpt lat="37.8057030" lon="-122.4441530">
    <ele>2.9</ele>
    <time>2026-05-03T21:17:42Z</time>
   </trkpt>
   <trkpt lat="37.8056890" lon="-122.4441970">
    <ele>2.9</ele>
    <time>2026-05-03T21:17:43Z</time>
   </trkpt>
   <trkpt lat="37.8056760" lon="-122.4442490">
    <ele>2.9</ele>
    <time>2026-05-03T21:17:44Z</time>
   </trkpt>
   <trkpt lat="37.8056740" lon="-122.4442710">
    <ele>2.9</ele>
    <time>2026-05-03T21:17:45Z</time>
   </trkpt>
   <trkpt lat="37.8056750" lon="-122.4443130">
    <ele>2.9</ele>
    <time>2026-05-03T21:17:46Z</time>
   </trkpt>
   <trkpt lat="37.8056610" lon="-122.4443480">
    <ele>2.9</ele>
    <time>2026-05-03T21:17:47Z</time>
   </trkpt>
   <trkpt lat="37.8056730" lon="-122.4443860">
    <ele>2.9</ele>
    <time>2026-05-03T21:17:48Z</time>
   </trkpt>
   <trkpt lat="37.8056620" lon="-122.4444250">
    <ele>2.9</ele>
    <time>2026-05-03T21:17:49Z</time>
   </trkpt>
   <trkpt lat="37.8056560" lon="-122.4444770">
    <ele>2.9</ele>
    <time>2026-05-03T21:17:50Z</time>
   </trkpt>
   <trkpt lat="37.8056500" lon="-122.4444980">
    <ele>2.9</ele>
    <time>2026-05-03T21:17:51Z</time>
   </trkpt>
   <trkpt lat="37.8056380" lon="-122.4445280">
    <ele>2.9</ele>
    <time>2026-05-03T21:17:52Z</time>
   </trkpt>
   <trkpt lat="37.8056350" lon="-122.4445710">
    <ele>3.0</ele>
    <time>2026-05-03T21:17:53Z</time>
   </trkpt>
   <trkpt lat="37.8056370" lon="-122.4446160">
    <ele>3.0</ele>
    <time>2026-05-03T21:17:54Z</time>
   </trkpt>
   <trkpt lat="37.8056220" lon="-122.4446520">
    <ele>3.0</ele>
    <time>2026-05-03T21:17:55Z</time>
   </trkpt>
   <trkpt lat="37.8056240" lon="-122.4447040">
    <ele>3.0</ele>
    <time>2026-05-03T21:17:56Z</time>
   </trkpt>
   <trkpt lat="37.8056210" lon="-122.4447380">
    <ele>3.0</ele>
    <time>2026-05-03T21:17:57Z</time>
   </trkpt>
   <trkpt lat="37.8056210" lon="-122.4447810">
    <ele>3.0</ele>
    <time>2026-05-03T21:17:58Z</time>
   </trkpt>
   <trkpt lat="37.8056070" lon="-122.4448280">
    <ele>3.0</ele>
    <time>2026-05-03T21:17:59Z</time>
   </trkpt>
   <trkpt lat="37.8056000" lon="-122.4448410">
    <ele>3.0</ele>
    <time>2026-05-03T21:18:00Z</time>
   </trkpt>
   <trkpt lat="37.8055950" lon="-122.4448920">
    <ele>3.1</ele>
    <time>2026-05-03T21:18:01Z</time>
   </trkpt>
   <trkpt lat="37.8055940" lon="-122.4449300">
    <ele>3.1</ele>
    <time>2026-05-03T21:18:02Z</time>
   </trkpt>
   <trkpt lat="37.8055880" lon="-122.4449690">
    <ele>3.1</ele>
    <time>2026-05-03T21:18:03Z</time>
   </trkpt>
   <trkpt lat="37.8055860" lon="-122.4450070">
    <ele>3.1</ele>
    <time>2026-05-03T21:18:04Z</time>
   </trkpt>
   <trkpt lat="37.8055810" lon="-122.4450550">
    <ele>3.1</ele>
    <time>2026-05-03T21:18:05Z</time>
   </trkpt>
   <trkpt lat="37.8055800" lon="-122.4450710">
    <ele>3.1</ele>
    <time>2026-05-03T21:18:06Z</time>
   </trkpt>
   <trkpt lat="37.8055750" lon="-122.4451180">
    <ele>3.2</ele>
    <time>2026-05-03T21:18:07Z</time>
   </trkpt>
   <trkpt lat="37.8055640" lon="-122.4451600">
    <ele>3.2</ele>
    <time>2026-05-03T21:18:08Z</time>
   </trkpt>
   <trkpt lat="37.8055530" lon="-122.4452110">
    <ele>3.2</ele>
    <time>2026-05-03T21:18:09Z</time>
   </trkpt>
   <trkpt lat="37.8055500" lon="-122.4452300">
    <ele>3.2</ele>
    <time>2026-05-03T21:18:10Z</time>
   </trkpt>
   <trkpt lat="37.8055470" lon="-122.4452650">
    <ele>3.2</ele>
    <time>2026-05-03T21:18:11Z</time>
   </trkpt>
   <trkpt lat="37.8055410" lon="-122.4453100">
    <ele>3.2</ele>
    <time>2026-05-03T21:18:12Z</time>
   </trkpt>
   <trkpt lat="37.8055340" lon="-122.4453460">
    <ele>3.2</ele>
    <time>2026-05-03T21:18:13Z</time>
   </trkpt>
   <trkpt lat="37.8055220" lon="-122.4453820">
    <ele>3.2</ele>
    <time>2026-05-03T21:18:14Z</time>
   </trkpt>
   <trkpt lat="37.8055270" lon="-122.4454210">
    <ele>3.2</ele>
    <time>2026-05-03T21:18:15Z</time>
   </trkpt>
   <trkpt lat="37.8055280" lon="-122.4454730">
    <ele>3.2</ele>
    <time>2026-05-03T21:18:16Z</time>
   </trkpt>
   <trkpt lat="37.8055230" lon="-122.4454920">
    <ele>3.2</ele>
    <time>2026-05-03T21:18:17Z</time>
   </trkpt>
   <trkpt lat="37.8055200" lon="-122.4455330">
    <ele>3.2</ele>
    <time>2026-05-03T21:18:18Z</time>
   </trkpt>
   <trkpt lat="37.8055120" lon="-122.4455830">
    <ele>3.2</ele>
    <time>2026-05-03T21:18:19Z</time>
   </trkpt>
   <trkpt lat="37.8055110" lon="-122.4456010">
    <ele>3.2</ele>
    <time>2026-05-03T21:18:20Z</time>
   </trkpt>
   <trkpt lat="37.8055120" lon="-122.4456390">
    <ele>3.2</ele>
    <time>2026-05-03T21:18:21Z</time>
   </trkpt>
   <trkpt lat="37.8055050" lon="-122.4456810">
    <ele>3.2</ele>
    <time>2026-05-03T21:18:22Z</time>
   </trkpt>
   <trkpt lat="37.8054950" lon="-122.4457140">
    <ele>3.2</ele>
    <time>2026-05-03T21:18:23Z</time>
   </trkpt>
   <trkpt lat="37.8054970" lon="-122.4457610">
    <ele>3.2</ele>
    <time>2026-05-03T21:18:24Z</time>
   </trkpt>
   <trkpt lat="37.8054840" lon="-122.4458100">
    <ele>3.2</ele>
    <time>2026-05-03T21:18:25Z</time>
   </trkpt>
   <trkpt lat="37.8054830" lon="-122.4458310">
    <ele>3.2</ele>
    <time>2026-05-03T21:18:26Z</time>
   </trkpt>
   <trkpt lat="37.8054770" lon="-122.4458670">
    <ele>3.2</ele>
    <time>2026-05-03T21:18:27Z</time>
   </trkpt>
   <trkpt lat="37.8054720" lon="-122.4459110">
    <ele>3.3</ele>
    <time>2026-05-03T21:18:28Z</time>
   </trkpt>
   <trkpt lat="37.8054590" lon="-122.4459590">
    <ele>3.3</ele>
    <time>2026-05-03T21:18:29Z</time>
   </trkpt>
   <trkpt lat="37.8054500" lon="-122.4459750">
    <ele>3.3</ele>
    <time>2026-05-03T21:18:30Z</time>
   </trkpt>
   <trkpt lat="37.8054440" lon="-122.4460210">
    <ele>3.3</ele>
    <time>2026-05-03T21:18:31Z</time>
   </trkpt>
   <trkpt lat="37.8054380" lon="-122.4460820">
    <ele>3.2</ele>
    <time>2026-05-03T21:18:32Z</time>
   </trkpt>
   <trkpt lat="37.8054380" lon="-122.4461100">
    <ele>3.2</ele>
    <time>2026-05-03T21:18:33Z</time>
   </trkpt>
   <trkpt lat="37.8054320" lon="-122.4461560">
    <ele>3.2</ele>
    <time>2026-05-03T21:18:34Z</time>
   </trkpt>
   <trkpt lat="37.8054280" lon="-122.4461740">
    <ele>3.2</ele>
    <time>2026-05-03T21:18:35Z</time>
   </trkpt>
   <trkpt lat="37.8054290" lon="-122.4462120">
    <ele>3.2</ele>
    <time>2026-05-03T21:18:36Z</time>
   </trkpt>
   <trkpt lat="37.8054230" lon="-122.4462630">
    <ele>3.2</ele>
    <time>2026-05-03T21:18:37Z</time>
   </trkpt>
   <trkpt lat="37.8054150" lon="-122.4462830">
    <ele>3.2</ele>
    <time>2026-05-03T21:18:38Z</time>
   </trkpt>
   <trkpt lat="37.8054130" lon="-122.4463200">
    <ele>3.2</ele>
    <time>2026-05-03T21:18:39Z</time>
   </trkpt>
   <trkpt lat="37.8053970" lon="-122.4463690">
    <ele>3.2</ele>
    <time>2026-05-03T21:18:40Z</time>
   </trkpt>
   <trkpt lat="37.8053930" lon="-122.4463870">
    <ele>3.2</ele>
    <time>2026-05-03T21:18:41Z</time>
   </trkpt>
   <trkpt lat="37.8053810" lon="-122.4464380">
    <ele>3.2</ele>
    <time>2026-05-03T21:18:42Z</time>
   </trkpt>
   <trkpt lat="37.8053840" lon="-122.4464850">
    <ele>3.3</ele>
    <time>2026-05-03T21:18:43Z</time>
   </trkpt>
   <trkpt lat="37.8053800" lon="-122.4465320">
    <ele>3.3</ele>
    <time>2026-05-03T21:18:44Z</time>
   </trkpt>
   <trkpt lat="37.8053770" lon="-122.4465460">
    <ele>3.3</ele>
    <time>2026-05-03T21:18:45Z</time>
   </trkpt>
   <trkpt lat="37.8053700" lon="-122.4465830">
    <ele>3.3</ele>
    <time>2026-05-03T21:18:46Z</time>
   </trkpt>
   <trkpt lat="37.8053630" lon="-122.4466240">
    <ele>3.3</ele>
    <time>2026-05-03T21:18:47Z</time>
   </trkpt>
   <trkpt lat="37.8053670" lon="-122.4466700">
    <ele>3.3</ele>
    <time>2026-05-03T21:18:48Z</time>
   </trkpt>
   <trkpt lat="37.8053640" lon="-122.4467110">
    <ele>3.3</ele>
    <time>2026-05-03T21:18:49Z</time>
   </trkpt>
   <trkpt lat="37.8053620" lon="-122.4467490">
    <ele>3.3</ele>
    <time>2026-05-03T21:18:50Z</time>
   </trkpt>
   <trkpt lat="37.8053640" lon="-122.4467950">
    <ele>3.3</ele>
    <time>2026-05-03T21:18:51Z</time>
   </trkpt>
   <trkpt lat="37.8053670" lon="-122.4468340">
    <ele>3.3</ele>
    <time>2026-05-03T21:18:52Z</time>
   </trkpt>
   <trkpt lat="37.8053590" lon="-122.4468750">
    <ele>3.3</ele>
    <time>2026-05-03T21:18:53Z</time>
   </trkpt>
   <trkpt lat="37.8053410" lon="-122.4469160">
    <ele>3.3</ele>
    <time>2026-05-03T21:18:54Z</time>
   </trkpt>
   <trkpt lat="37.8053300" lon="-122.4469310">
    <ele>3.3</ele>
    <time>2026-05-03T21:18:55Z</time>
   </trkpt>
   <trkpt lat="37.8053310" lon="-122.4469770">
    <ele>3.3</ele>
    <time>2026-05-03T21:18:56Z</time>
   </trkpt>
   <trkpt lat="37.8053360" lon="-122.4470120">
    <ele>3.4</ele>
    <time>2026-05-03T21:18:57Z</time>
   </trkpt>
   <trkpt lat="37.8053320" lon="-122.4470500">
    <ele>3.4</ele>
    <time>2026-05-03T21:18:58Z</time>
   </trkpt>
   <trkpt lat="37.8053250" lon="-122.4470930">
    <ele>3.4</ele>
    <time>2026-05-03T21:18:59Z</time>
   </trkpt>
   <trkpt lat="37.8053140" lon="-122.4471250">
    <ele>3.4</ele>
    <time>2026-05-03T21:19:00Z</time>
   </trkpt>
   <trkpt lat="37.8053080" lon="-122.4471610">
    <ele>3.4</ele>
    <time>2026-05-03T21:19:01Z</time>
   </trkpt>
   <trkpt lat="37.8053010" lon="-122.4472060">
    <ele>3.4</ele>
    <time>2026-05-03T21:19:02Z</time>
   </trkpt>
   <trkpt lat="37.8052840" lon="-122.4472410">
    <ele>3.4</ele>
    <time>2026-05-03T21:19:03Z</time>
   </trkpt>
   <trkpt lat="37.8052990" lon="-122.4472830">
    <ele>3.4</ele>
    <time>2026-05-03T21:19:04Z</time>
   </trkpt>
   <trkpt lat="37.8052850" lon="-122.4473270">
    <ele>3.4</ele>
    <time>2026-05-03T21:19:05Z</time>
   </trkpt>
   <trkpt lat="37.8052820" lon="-122.4473470">
    <ele>3.4</ele>
    <time>2026-05-03T21:19:06Z</time>
   </trkpt>
   <trkpt lat="37.8052740" lon="-122.4473970">
    <ele>3.4</ele>
    <time>2026-05-03T21:19:07Z</time>
   </trkpt>
   <trkpt lat="37.8052670" lon="-122.4474200">
    <ele>3.4</ele>
    <time>2026-05-03T21:19:08Z</time>
   </trkpt>
   <trkpt lat="37.8052650" lon="-122.4474540">
    <ele>3.4</ele>
    <time>2026-05-03T21:19:09Z</time>
   </trkpt>
   <trkpt lat="37.8052620" lon="-122.4474880">
    <ele>3.4</ele>
    <time>2026-05-03T21:19:11Z</time>
   </trkpt>
   <trkpt lat="37.8052590" lon="-122.4475330">
    <ele>3.4</ele>
    <time>2026-05-03T21:19:12Z</time>
   </trkpt>
   <trkpt lat="37.8052680" lon="-122.4475740">
    <ele>3.4</ele>
    <time>2026-05-03T21:19:13Z</time>
   </trkpt>
   <trkpt lat="37.8052530" lon="-122.4476180">
    <ele>3.4</ele>
    <time>2026-05-03T21:19:14Z</time>
   </trkpt>
   <trkpt lat="37.8052480" lon="-122.4476400">
    <ele>3.4</ele>
    <time>2026-05-03T21:19:15Z</time>
   </trkpt>
   <trkpt lat="37.8052430" lon="-122.4476780">
    <ele>3.4</ele>
    <time>2026-05-03T21:19:16Z</time>
   </trkpt>
   <trkpt lat="37.8052300" lon="-122.4477090">
    <ele>3.4</ele>
    <time>2026-05-03T21:19:17Z</time>
   </trkpt>
   <trkpt lat="37.8052170" lon="-122.4477530">
    <ele>3.4</ele>
    <time>2026-05-03T21:19:18Z</time>
   </trkpt>
   <trkpt lat="37.8052210" lon="-122.4477920">
    <ele>3.4</ele>
    <time>2026-05-03T21:19:19Z</time>
   </trkpt>
   <trkpt lat="37.8052120" lon="-122.4478410">
    <ele>3.4</ele>
    <time>2026-05-03T21:19:20Z</time>
   </trkpt>
   <trkpt lat="37.8052020" lon="-122.4478570">
    <ele>3.4</ele>
    <time>2026-05-03T21:19:21Z</time>
   </trkpt>
   <trkpt lat="37.8051880" lon="-122.4478890">
    <ele>3.4</ele>
    <time>2026-05-03T21:19:22Z</time>
   </trkpt>
   <trkpt lat="37.8051820" lon="-122.4479230">
    <ele>3.4</ele>
    <time>2026-05-03T21:19:23Z</time>
   </trkpt>
   <trkpt lat="37.8051830" lon="-122.4479650">
    <ele>3.4</ele>
    <time>2026-05-03T21:19:24Z</time>
   </trkpt>
   <trkpt lat="37.8051690" lon="-122.4480070">
    <ele>3.4</ele>
    <time>2026-05-03T21:19:25Z</time>
   </trkpt>
   <trkpt lat="37.8051760" lon="-122.4480400">
    <ele>3.4</ele>
    <time>2026-05-03T21:19:26Z</time>
   </trkpt>
   <trkpt lat="37.8051770" lon="-122.4480760">
    <ele>3.4</ele>
    <time>2026-05-03T21:19:27Z</time>
   </trkpt>
   <trkpt lat="37.8051740" lon="-122.4481160">
    <ele>3.4</ele>
    <time>2026-05-03T21:19:28Z</time>
   </trkpt>
   <trkpt lat="37.8051840" lon="-122.4481500">
    <ele>3.4</ele>
    <time>2026-05-03T21:19:29Z</time>
   </trkpt>
   <trkpt lat="37.8051740" lon="-122.4482030">
    <ele>3.4</ele>
    <time>2026-05-03T21:19:30Z</time>
   </trkpt>
   <trkpt lat="37.8051730" lon="-122.4482240">
    <ele>3.4</ele>
    <time>2026-05-03T21:19:31Z</time>
   </trkpt>
   <trkpt lat="37.8051590" lon="-122.4482960">
    <ele>3.4</ele>
    <time>2026-05-03T21:19:32Z</time>
   </trkpt>
   <trkpt lat="37.8051510" lon="-122.4483340">
    <ele>3.4</ele>
    <time>2026-05-03T21:19:33Z</time>
   </trkpt>
   <trkpt lat="37.8051250" lon="-122.4483440">
    <ele>3.4</ele>
    <time>2026-05-03T21:19:34Z</time>
   </trkpt>
   <trkpt lat="37.8051140" lon="-122.4483790">
    <ele>3.4</ele>
    <time>2026-05-03T21:19:35Z</time>
   </trkpt>
   <trkpt lat="37.8051140" lon="-122.4484270">
    <ele>3.4</ele>
    <time>2026-05-03T21:19:36Z</time>
   </trkpt>
   <trkpt lat="37.8051250" lon="-122.4484810">
    <ele>3.4</ele>
    <time>2026-05-03T21:19:37Z</time>
   </trkpt>
   <trkpt lat="37.8051270" lon="-122.4485040">
    <ele>3.4</ele>
    <time>2026-05-03T21:19:38Z</time>
   </trkpt>
   <trkpt lat="37.8051270" lon="-122.4485400">
    <ele>3.4</ele>
    <time>2026-05-03T21:19:39Z</time>
   </trkpt>
   <trkpt lat="37.8051180" lon="-122.4485930">
    <ele>3.4</ele>
    <time>2026-05-03T21:19:40Z</time>
   </trkpt>
   <trkpt lat="37.8051040" lon="-122.4486270">
    <ele>3.4</ele>
    <time>2026-05-03T21:19:41Z</time>
   </trkpt>
   <trkpt lat="37.8050940" lon="-122.4486620">
    <ele>3.4</ele>
    <time>2026-05-03T21:19:42Z</time>
   </trkpt>
   <trkpt lat="37.8050740" lon="-122.4487020">
    <ele>3.4</ele>
    <time>2026-05-03T21:19:43Z</time>
   </trkpt>
   <trkpt lat="37.8050500" lon="-122.4487300">
    <ele>3.4</ele>
    <time>2026-05-03T21:19:44Z</time>
   </trkpt>
   <trkpt lat="37.8050370" lon="-122.4487620">
    <ele>3.4</ele>
    <time>2026-05-03T21:19:45Z</time>
   </trkpt>
   <trkpt lat="37.8050330" lon="-122.4488080">
    <ele>3.4</ele>
    <time>2026-05-03T21:19:46Z</time>
   </trkpt>
   <trkpt lat="37.8050350" lon="-122.4488320">
    <ele>3.4</ele>
    <time>2026-05-03T21:19:47Z</time>
   </trkpt>
   <trkpt lat="37.8050230" lon="-122.4488730">
    <ele>3.4</ele>
    <time>2026-05-03T21:19:48Z</time>
   </trkpt>
   <trkpt lat="37.8050150" lon="-122.4489070">
    <ele>3.4</ele>
    <time>2026-05-03T21:19:49Z</time>
   </trkpt>
   <trkpt lat="37.8050120" lon="-122.4489490">
    <ele>3.4</ele>
    <time>2026-05-03T21:19:50Z</time>
   </trkpt>
   <trkpt lat="37.8050030" lon="-122.4489810">
    <ele>3.4</ele>
    <time>2026-05-03T21:19:51Z</time>
   </trkpt>
   <trkpt lat="37.8049940" lon="-122.4490330">
    <ele>3.4</ele>
    <time>2026-05-03T21:19:52Z</time>
   </trkpt>
   <trkpt lat="37.8049880" lon="-122.4490540">
    <ele>3.4</ele>
    <time>2026-05-03T21:19:53Z</time>
   </trkpt>
   <trkpt lat="37.8049810" lon="-122.4491030">
    <ele>3.4</ele>
    <time>2026-05-03T21:19:54Z</time>
   </trkpt>
   <trkpt lat="37.8049760" lon="-122.4491220">
    <ele>3.4</ele>
    <time>2026-05-03T21:19:55Z</time>
   </trkpt>
   <trkpt lat="37.8049630" lon="-122.4491520">
    <ele>3.4</ele>
    <time>2026-05-03T21:19:56Z</time>
   </trkpt>
   <trkpt lat="37.8049640" lon="-122.4491990">
    <ele>3.4</ele>
    <time>2026-05-03T21:19:57Z</time>
   </trkpt>
   <trkpt lat="37.8049500" lon="-122.4492360">
    <ele>3.4</ele>
    <time>2026-05-03T21:19:58Z</time>
   </trkpt>
   <trkpt lat="37.8049460" lon="-122.4492560">
    <ele>3.4</ele>
    <time>2026-05-03T21:19:59Z</time>
   </trkpt>
   <trkpt lat="37.8049350" lon="-122.4492980">
    <ele>3.4</ele>
    <time>2026-05-03T21:20:00Z</time>
   </trkpt>
   <trkpt lat="37.8049320" lon="-122.4493320">
    <ele>3.4</ele>
    <time>2026-05-03T21:20:01Z</time>
   </trkpt>
   <trkpt lat="37.8049230" lon="-122.4493850">
    <ele>3.4</ele>
    <time>2026-05-03T21:20:02Z</time>
   </trkpt>
   <trkpt lat="37.8049200" lon="-122.4494070">
    <ele>3.4</ele>
    <time>2026-05-03T21:20:03Z</time>
   </trkpt>
   <trkpt lat="37.8049140" lon="-122.4494420">
    <ele>3.4</ele>
    <time>2026-05-03T21:20:04Z</time>
   </trkpt>
   <trkpt lat="37.8049100" lon="-122.4494770">
    <ele>3.4</ele>
    <time>2026-05-03T21:20:05Z</time>
   </trkpt>
   <trkpt lat="37.8048870" lon="-122.4495200">
    <ele>3.4</ele>
    <time>2026-05-03T21:20:06Z</time>
   </trkpt>
   <trkpt lat="37.8048900" lon="-122.4495570">
    <ele>3.4</ele>
    <time>2026-05-03T21:20:07Z</time>
   </trkpt>
   <trkpt lat="37.8048860" lon="-122.4496030">
    <ele>3.4</ele>
    <time>2026-05-03T21:20:08Z</time>
   </trkpt>
   <trkpt lat="37.8048790" lon="-122.4496200">
    <ele>3.4</ele>
    <time>2026-05-03T21:20:09Z</time>
   </trkpt>
   <trkpt lat="37.8048730" lon="-122.4496540">
    <ele>3.4</ele>
    <time>2026-05-03T21:20:10Z</time>
   </trkpt>
   <trkpt lat="37.8048660" lon="-122.4497040">
    <ele>3.4</ele>
    <time>2026-05-03T21:20:11Z</time>
   </trkpt>
   <trkpt lat="37.8048600" lon="-122.4497270">
    <ele>3.4</ele>
    <time>2026-05-03T21:20:12Z</time>
   </trkpt>
   <trkpt lat="37.8048560" lon="-122.4497750">
    <ele>3.4</ele>
    <time>2026-05-03T21:20:13Z</time>
   </trkpt>
   <trkpt lat="37.8048510" lon="-122.4497900">
    <ele>3.4</ele>
    <time>2026-05-03T21:20:14Z</time>
   </trkpt>
   <trkpt lat="37.8048400" lon="-122.4498270">
    <ele>3.3</ele>
    <time>2026-05-03T21:20:15Z</time>
   </trkpt>
   <trkpt lat="37.8048370" lon="-122.4498730">
    <ele>3.3</ele>
    <time>2026-05-03T21:20:16Z</time>
   </trkpt>
   <trkpt lat="37.8048320" lon="-122.4499210">
    <ele>3.3</ele>
    <time>2026-05-03T21:20:17Z</time>
   </trkpt>
   <trkpt lat="37.8048310" lon="-122.4499380">
    <ele>3.3</ele>
    <time>2026-05-03T21:20:18Z</time>
   </trkpt>
   <trkpt lat="37.8048260" lon="-122.4499850">
    <ele>3.3</ele>
    <time>2026-05-03T21:20:19Z</time>
   </trkpt>
   <trkpt lat="37.8048090" lon="-122.4500160">
    <ele>3.3</ele>
    <time>2026-05-03T21:20:20Z</time>
   </trkpt>
   <trkpt lat="37.8048100" lon="-122.4500580">
    <ele>3.3</ele>
    <time>2026-05-03T21:20:21Z</time>
   </trkpt>
   <trkpt lat="37.8048070" lon="-122.4500950">
    <ele>3.3</ele>
    <time>2026-05-03T21:20:22Z</time>
   </trkpt>
   <trkpt lat="37.8048080" lon="-122.4501330">
    <ele>3.2</ele>
    <time>2026-05-03T21:20:23Z</time>
   </trkpt>
   <trkpt lat="37.8048080" lon="-122.4501710">
    <ele>3.2</ele>
    <time>2026-05-03T21:20:24Z</time>
   </trkpt>
   <trkpt lat="37.8048400" lon="-122.4501920">
    <ele>3.2</ele>
    <time>2026-05-03T21:20:25Z</time>
   </trkpt>
   <trkpt lat="37.8048430" lon="-122.4502490">
    <ele>3.3</ele>
    <time>2026-05-03T21:20:26Z</time>
   </trkpt>
   <trkpt lat="37.8048180" lon="-122.4502960">
    <ele>3.3</ele>
    <time>2026-05-03T21:20:27Z</time>
   </trkpt>
   <trkpt lat="37.8048070" lon="-122.4503140">
    <ele>3.3</ele>
    <time>2026-05-03T21:20:28Z</time>
   </trkpt>
   <trkpt lat="37.8047880" lon="-122.4503490">
    <ele>3.3</ele>
    <time>2026-05-03T21:20:29Z</time>
   </trkpt>
   <trkpt lat="37.8047820" lon="-122.4504000">
    <ele>3.3</ele>
    <time>2026-05-03T21:20:30Z</time>
   </trkpt>
   <trkpt lat="37.8047850" lon="-122.4504270">
    <ele>3.3</ele>
    <time>2026-05-03T21:20:31Z</time>
   </trkpt>
   <trkpt lat="37.8047820" lon="-122.4504640">
    <ele>3.3</ele>
    <time>2026-05-03T21:20:32Z</time>
   </trkpt>
   <trkpt lat="37.8047840" lon="-122.4505000">
    <ele>3.3</ele>
    <time>2026-05-03T21:20:33Z</time>
   </trkpt>
   <trkpt lat="37.8047770" lon="-122.4505480">
    <ele>3.3</ele>
    <time>2026-05-03T21:20:34Z</time>
   </trkpt>
   <trkpt lat="37.8047750" lon="-122.4505650">
    <ele>3.3</ele>
    <time>2026-05-03T21:20:35Z</time>
   </trkpt>
   <trkpt lat="37.8047570" lon="-122.4506120">
    <ele>3.3</ele>
    <time>2026-05-03T21:20:36Z</time>
   </trkpt>
   <trkpt lat="37.8047400" lon="-122.4506540">
    <ele>3.3</ele>
    <time>2026-05-03T21:20:37Z</time>
   </trkpt>
   <trkpt lat="37.8047240" lon="-122.4506980">
    <ele>3.3</ele>
    <time>2026-05-03T21:20:38Z</time>
   </trkpt>
   <trkpt lat="37.8047250" lon="-122.4507390">
    <ele>3.3</ele>
    <time>2026-05-03T21:20:39Z</time>
   </trkpt>
   <trkpt lat="37.8047240" lon="-122.4507500">
    <ele>3.3</ele>
    <time>2026-05-03T21:20:40Z</time>
   </trkpt>
   <trkpt lat="37.8047250" lon="-122.4507930">
    <ele>3.3</ele>
    <time>2026-05-03T21:20:41Z</time>
   </trkpt>
   <trkpt lat="37.8047340" lon="-122.4508440">
    <ele>3.3</ele>
    <time>2026-05-03T21:20:42Z</time>
   </trkpt>
   <trkpt lat="37.8047310" lon="-122.4508630">
    <ele>3.3</ele>
    <time>2026-05-03T21:20:43Z</time>
   </trkpt>
   <trkpt lat="37.8047250" lon="-122.4509010">
    <ele>3.3</ele>
    <time>2026-05-03T21:20:44Z</time>
   </trkpt>
   <trkpt lat="37.8047250" lon="-122.4509410">
    <ele>3.2</ele>
    <time>2026-05-03T21:20:45Z</time>
   </trkpt>
   <trkpt lat="37.8047200" lon="-122.4509760">
    <ele>3.2</ele>
    <time>2026-05-03T21:20:46Z</time>
   </trkpt>
   <trkpt lat="37.8047250" lon="-122.4510200">
    <ele>3.3</ele>
    <time>2026-05-03T21:20:47Z</time>
   </trkpt>
   <trkpt lat="37.8047200" lon="-122.4510400">
    <ele>3.3</ele>
    <time>2026-05-03T21:20:48Z</time>
   </trkpt>
   <trkpt lat="37.8047120" lon="-122.4510860">
    <ele>3.3</ele>
    <time>2026-05-03T21:20:49Z</time>
   </trkpt>
   <trkpt lat="37.8047140" lon="-122.4511080">
    <ele>3.3</ele>
    <time>2026-05-03T21:20:50Z</time>
   </trkpt>
   <trkpt lat="37.8047090" lon="-122.4511480">
    <ele>3.3</ele>
    <time>2026-05-03T21:20:51Z</time>
   </trkpt>
   <trkpt lat="37.8047100" lon="-122.4511670">
    <ele>3.3</ele>
    <time>2026-05-03T21:20:52Z</time>
   </trkpt>
   <trkpt lat="37.8046960" lon="-122.4512070">
    <ele>3.3</ele>
    <time>2026-05-03T21:20:53Z</time>
   </trkpt>
   <trkpt lat="37.8046870" lon="-122.4512420">
    <ele>3.3</ele>
    <time>2026-05-03T21:20:54Z</time>
   </trkpt>
   <trkpt lat="37.8046730" lon="-122.4512830">
    <ele>3.3</ele>
    <time>2026-05-03T21:20:55Z</time>
   </trkpt>
   <trkpt lat="37.8046490" lon="-122.4513250">
    <ele>3.3</ele>
    <time>2026-05-03T21:20:56Z</time>
   </trkpt>
   <trkpt lat="37.8046690" lon="-122.4513530">
    <ele>3.3</ele>
    <time>2026-05-03T21:20:57Z</time>
   </trkpt>
   <trkpt lat="37.8046580" lon="-122.4513880">
    <ele>3.3</ele>
    <time>2026-05-03T21:20:58Z</time>
   </trkpt>
   <trkpt lat="37.8046580" lon="-122.4514240">
    <ele>3.3</ele>
    <time>2026-05-03T21:20:59Z</time>
   </trkpt>
   <trkpt lat="37.8046490" lon="-122.4514650">
    <ele>3.3</ele>
    <time>2026-05-03T21:21:00Z</time>
   </trkpt>
   <trkpt lat="37.8046480" lon="-122.4515030">
    <ele>3.3</ele>
    <time>2026-05-03T21:21:01Z</time>
   </trkpt>
   <trkpt lat="37.8046400" lon="-122.4515380">
    <ele>3.3</ele>
    <time>2026-05-03T21:21:02Z</time>
   </trkpt>
   <trkpt lat="37.8046310" lon="-122.4515780">
    <ele>3.3</ele>
    <time>2026-05-03T21:21:03Z</time>
   </trkpt>
   <trkpt lat="37.8046250" lon="-122.4516130">
    <ele>3.3</ele>
    <time>2026-05-03T21:21:04Z</time>
   </trkpt>
   <trkpt lat="37.8046220" lon="-122.4516510">
    <ele>3.3</ele>
    <time>2026-05-03T21:21:05Z</time>
   </trkpt>
   <trkpt lat="37.8046100" lon="-122.4516880">
    <ele>3.3</ele>
    <time>2026-05-03T21:21:06Z</time>
   </trkpt>
   <trkpt lat="37.8045840" lon="-122.4517220">
    <ele>3.3</ele>
    <time>2026-05-03T21:21:07Z</time>
   </trkpt>
   <trkpt lat="37.8045780" lon="-122.4517620">
    <ele>3.3</ele>
    <time>2026-05-03T21:21:08Z</time>
   </trkpt>
   <trkpt lat="37.8045930" lon="-122.4517960">
    <ele>3.3</ele>
    <time>2026-05-03T21:21:09Z</time>
   </trkpt>
   <trkpt lat="37.8045780" lon="-122.4518450">
    <ele>3.3</ele>
    <time>2026-05-03T21:21:10Z</time>
   </trkpt>
   <trkpt lat="37.8046010" lon="-122.4518750">
    <ele>3.3</ele>
    <time>2026-05-03T21:21:11Z</time>
   </trkpt>
   <trkpt lat="37.8045920" lon="-122.4519150">
    <ele>3.3</ele>
    <time>2026-05-03T21:21:12Z</time>
   </trkpt>
   <trkpt lat="37.8045780" lon="-122.4519590">
    <ele>3.3</ele>
    <time>2026-05-03T21:21:13Z</time>
   </trkpt>
   <trkpt lat="37.8045720" lon="-122.4519770">
    <ele>3.3</ele>
    <time>2026-05-03T21:21:14Z</time>
   </trkpt>
   <trkpt lat="37.8045690" lon="-122.4520050">
    <ele>3.3</ele>
    <time>2026-05-03T21:21:15Z</time>
   </trkpt>
   <trkpt lat="37.8045740" lon="-122.4520420">
    <ele>3.2</ele>
    <time>2026-05-03T21:21:17Z</time>
   </trkpt>
   <trkpt lat="37.8045720" lon="-122.4520780">
    <ele>3.2</ele>
    <time>2026-05-03T21:21:18Z</time>
   </trkpt>
   <trkpt lat="37.8045670" lon="-122.4521280">
    <ele>3.2</ele>
    <time>2026-05-03T21:21:19Z</time>
   </trkpt>
   <trkpt lat="37.8045590" lon="-122.4521500">
    <ele>3.2</ele>
    <time>2026-05-03T21:21:20Z</time>
   </trkpt>
   <trkpt lat="37.8045560" lon="-122.4521840">
    <ele>3.2</ele>
    <time>2026-05-03T21:21:21Z</time>
   </trkpt>
   <trkpt lat="37.8045540" lon="-122.4522260">
    <ele>3.2</ele>
    <time>2026-05-03T21:21:22Z</time>
   </trkpt>
   <trkpt lat="37.8045360" lon="-122.4522610">
    <ele>3.2</ele>
    <time>2026-05-03T21:21:23Z</time>
   </trkpt>
   <trkpt lat="37.8045410" lon="-122.4523100">
    <ele>3.2</ele>
    <time>2026-05-03T21:21:24Z</time>
   </trkpt>
   <trkpt lat="37.8045380" lon="-122.4523290">
    <ele>3.2</ele>
    <time>2026-05-03T21:21:25Z</time>
   </trkpt>
   <trkpt lat="37.8045530" lon="-122.4523700">
    <ele>3.2</ele>
    <time>2026-05-03T21:21:26Z</time>
   </trkpt>
   <trkpt lat="37.8045500" lon="-122.4523900">
    <ele>3.2</ele>
    <time>2026-05-03T21:21:27Z</time>
   </trkpt>
   <trkpt lat="37.8045380" lon="-122.4524240">
    <ele>3.2</ele>
    <time>2026-05-03T21:21:28Z</time>
   </trkpt>
   <trkpt lat="37.8045370" lon="-122.4524770">
    <ele>3.2</ele>
    <time>2026-05-03T21:21:29Z</time>
   </trkpt>
   <trkpt lat="37.8045350" lon="-122.4524960">
    <ele>3.2</ele>
    <time>2026-05-03T21:21:30Z</time>
   </trkpt>
   <trkpt lat="37.8045300" lon="-122.4525400">
    <ele>3.2</ele>
    <time>2026-05-03T21:21:31Z</time>
   </trkpt>
   <trkpt lat="37.8045300" lon="-122.4525790">
    <ele>3.2</ele>
    <time>2026-05-03T21:21:32Z</time>
   </trkpt>
   <trkpt lat="37.8045190" lon="-122.4526290">
    <ele>3.2</ele>
    <time>2026-05-03T21:21:33Z</time>
   </trkpt>
   <trkpt lat="37.8045130" lon="-122.4526480">
    <ele>3.2</ele>
    <time>2026-05-03T21:21:34Z</time>
   </trkpt>
   <trkpt lat="37.8045020" lon="-122.4526910">
    <ele>3.2</ele>
    <time>2026-05-03T21:21:35Z</time>
   </trkpt>
   <trkpt lat="37.8045000" lon="-122.4527310">
    <ele>3.2</ele>
    <time>2026-05-03T21:21:36Z</time>
   </trkpt>
   <trkpt lat="37.8045000" lon="-122.4527790">
    <ele>3.2</ele>
    <time>2026-05-03T21:21:37Z</time>
   </trkpt>
   <trkpt lat="37.8044990" lon="-122.4527940">
    <ele>3.2</ele>
    <time>2026-05-03T21:21:38Z</time>
   </trkpt>
   <trkpt lat="37.8044900" lon="-122.4528300">
    <ele>3.2</ele>
    <time>2026-05-03T21:21:39Z</time>
   </trkpt>
   <trkpt lat="37.8044740" lon="-122.4528840">
    <ele>3.2</ele>
    <time>2026-05-03T21:21:40Z</time>
   </trkpt>
   <trkpt lat="37.8044850" lon="-122.4529240">
    <ele>3.2</ele>
    <time>2026-05-03T21:21:41Z</time>
   </trkpt>
   <trkpt lat="37.8044760" lon="-122.4530230">
    <ele>3.1</ele>
    <time>2026-05-03T21:21:42Z</time>
   </trkpt>
   <trkpt lat="37.8044770" lon="-122.4530670">
    <ele>3.1</ele>
    <time>2026-05-03T21:21:43Z</time>
   </trkpt>
   <trkpt lat="37.8044950" lon="-122.4531090">
    <ele>3.1</ele>
    <time>2026-05-03T21:21:44Z</time>
   </trkpt>
   <trkpt lat="37.8044720" lon="-122.4531370">
    <ele>3.1</ele>
    <time>2026-05-03T21:21:45Z</time>
   </trkpt>
   <trkpt lat="37.8044620" lon="-122.4531740">
    <ele>3.1</ele>
    <time>2026-05-03T21:21:46Z</time>
   </trkpt>
   <trkpt lat="37.8044610" lon="-122.4532120">
    <ele>3.1</ele>
    <time>2026-05-03T21:21:47Z</time>
   </trkpt>
   <trkpt lat="37.8044530" lon="-122.4532640">
    <ele>3.1</ele>
    <time>2026-05-03T21:21:48Z</time>
   </trkpt>
   <trkpt lat="37.8044460" lon="-122.4533040">
    <ele>3.1</ele>
    <time>2026-05-03T21:21:49Z</time>
   </trkpt>
   <trkpt lat="37.8044510" lon="-122.4533410">
    <ele>3.1</ele>
    <time>2026-05-03T21:21:50Z</time>
   </trkpt>
   <trkpt lat="37.8044380" lon="-122.4533790">
    <ele>3.1</ele>
    <time>2026-05-03T21:21:51Z</time>
   </trkpt>
   <trkpt lat="37.8044340" lon="-122.4534260">
    <ele>3.1</ele>
    <time>2026-05-03T21:21:52Z</time>
   </trkpt>
   <trkpt lat="37.8044230" lon="-122.4534700">
    <ele>3.1</ele>
    <time>2026-05-03T21:21:53Z</time>
   </trkpt>
   <trkpt lat="37.8044190" lon="-122.4535190">
    <ele>3.1</ele>
    <time>2026-05-03T21:21:54Z</time>
   </trkpt>
   <trkpt lat="37.8044120" lon="-122.4535400">
    <ele>3.1</ele>
    <time>2026-05-03T21:21:55Z</time>
   </trkpt>
   <trkpt lat="37.8044200" lon="-122.4535840">
    <ele>3.1</ele>
    <time>2026-05-03T21:21:56Z</time>
   </trkpt>
   <trkpt lat="37.8044150" lon="-122.4536360">
    <ele>3.1</ele>
    <time>2026-05-03T21:21:57Z</time>
   </trkpt>
   <trkpt lat="37.8044100" lon="-122.4536610">
    <ele>3.1</ele>
    <time>2026-05-03T21:21:58Z</time>
   </trkpt>
   <trkpt lat="37.8043880" lon="-122.4536930">
    <ele>3.1</ele>
    <time>2026-05-03T21:21:59Z</time>
   </trkpt>
   <trkpt lat="37.8043810" lon="-122.4537330">
    <ele>3.1</ele>
    <time>2026-05-03T21:22:00Z</time>
   </trkpt>
   <trkpt lat="37.8043680" lon="-122.4537650">
    <ele>3.0</ele>
    <time>2026-05-03T21:22:01Z</time>
   </trkpt>
   <trkpt lat="37.8043610" lon="-122.4538020">
    <ele>3.0</ele>
    <time>2026-05-03T21:22:02Z</time>
   </trkpt>
   <trkpt lat="37.8043530" lon="-122.4538560">
    <ele>3.0</ele>
    <time>2026-05-03T21:22:03Z</time>
   </trkpt>
   <trkpt lat="37.8043570" lon="-122.4539100">
    <ele>3.0</ele>
    <time>2026-05-03T21:22:04Z</time>
   </trkpt>
   <trkpt lat="37.8043590" lon="-122.4539350">
    <ele>3.0</ele>
    <time>2026-05-03T21:22:05Z</time>
   </trkpt>
   <trkpt lat="37.8043430" lon="-122.4539890">
    <ele>3.0</ele>
    <time>2026-05-03T21:22:06Z</time>
   </trkpt>
   <trkpt lat="37.8043370" lon="-122.4540110">
    <ele>3.0</ele>
    <time>2026-05-03T21:22:07Z</time>
   </trkpt>
   <trkpt lat="37.8043230" lon="-122.4540430">
    <ele>3.0</ele>
    <time>2026-05-03T21:22:08Z</time>
   </trkpt>
   <trkpt lat="37.8043280" lon="-122.4540790">
    <ele>3.0</ele>
    <time>2026-05-03T21:22:09Z</time>
   </trkpt>
   <trkpt lat="37.8042990" lon="-122.4541310">
    <ele>3.0</ele>
    <time>2026-05-03T21:22:10Z</time>
   </trkpt>
   <trkpt lat="37.8043030" lon="-122.4541660">
    <ele>3.0</ele>
    <time>2026-05-03T21:22:11Z</time>
   </trkpt>
   <trkpt lat="37.8042970" lon="-122.4542170">
    <ele>3.0</ele>
    <time>2026-05-03T21:22:12Z</time>
   </trkpt>
   <trkpt lat="37.8043060" lon="-122.4542620">
    <ele>3.0</ele>
    <time>2026-05-03T21:22:13Z</time>
   </trkpt>
   <trkpt lat="37.8043020" lon="-122.4542800">
    <ele>3.0</ele>
    <time>2026-05-03T21:22:14Z</time>
   </trkpt>
   <trkpt lat="37.8042950" lon="-122.4543290">
    <ele>3.0</ele>
    <time>2026-05-03T21:22:15Z</time>
   </trkpt>
   <trkpt lat="37.8042950" lon="-122.4543670">
    <ele>3.0</ele>
    <time>2026-05-03T21:22:16Z</time>
   </trkpt>
   <trkpt lat="37.8042880" lon="-122.4544020">
    <ele>3.0</ele>
    <time>2026-05-03T21:22:17Z</time>
   </trkpt>
   <trkpt lat="37.8042750" lon="-122.4544380">
    <ele>3.0</ele>
    <time>2026-05-03T21:22:18Z</time>
   </trkpt>
   <trkpt lat="37.8042690" lon="-122.4544820">
    <ele>3.0</ele>
    <time>2026-05-03T21:22:19Z</time>
   </trkpt>
   <trkpt lat="37.8042680" lon="-122.4545290">
    <ele>3.0</ele>
    <time>2026-05-03T21:22:20Z</time>
   </trkpt>
   <trkpt lat="37.8042700" lon="-122.4545510">
    <ele>3.0</ele>
    <time>2026-05-03T21:22:21Z</time>
   </trkpt>
   <trkpt lat="37.8042670" lon="-122.4545970">
    <ele>3.0</ele>
    <time>2026-05-03T21:22:22Z</time>
   </trkpt>
   <trkpt lat="37.8042620" lon="-122.4546110">
    <ele>3.0</ele>
    <time>2026-05-03T21:22:23Z</time>
   </trkpt>
   <trkpt lat="37.8042550" lon="-122.4546470">
    <ele>3.0</ele>
    <time>2026-05-03T21:22:24Z</time>
   </trkpt>
   <trkpt lat="37.8042530" lon="-122.4546820">
    <ele>3.0</ele>
    <time>2026-05-03T21:22:25Z</time>
   </trkpt>
   <trkpt lat="37.8042450" lon="-122.4547180">
    <ele>3.0</ele>
    <time>2026-05-03T21:22:26Z</time>
   </trkpt>
   <trkpt lat="37.8042440" lon="-122.4547550">
    <ele>3.0</ele>
    <time>2026-05-03T21:22:27Z</time>
   </trkpt>
   <trkpt lat="37.8042420" lon="-122.4547910">
    <ele>3.0</ele>
    <time>2026-05-03T21:22:28Z</time>
   </trkpt>
   <trkpt lat="37.8042340" lon="-122.4548460">
    <ele>3.0</ele>
    <time>2026-05-03T21:22:29Z</time>
   </trkpt>
   <trkpt lat="37.8042300" lon="-122.4548680">
    <ele>3.0</ele>
    <time>2026-05-03T21:22:30Z</time>
   </trkpt>
   <trkpt lat="37.8042210" lon="-122.4549040">
    <ele>3.0</ele>
    <time>2026-05-03T21:22:31Z</time>
   </trkpt>
   <trkpt lat="37.8042080" lon="-122.4549450">
    <ele>3.0</ele>
    <time>2026-05-03T21:22:32Z</time>
   </trkpt>
   <trkpt lat="37.8042060" lon="-122.4550000">
    <ele>3.0</ele>
    <time>2026-05-03T21:22:33Z</time>
   </trkpt>
   <trkpt lat="37.8042050" lon="-122.4550220">
    <ele>3.0</ele>
    <time>2026-05-03T21:22:34Z</time>
   </trkpt>
   <trkpt lat="37.8041960" lon="-122.4550550">
    <ele>3.0</ele>
    <time>2026-05-03T21:22:35Z</time>
   </trkpt>
   <trkpt lat="37.8041940" lon="-122.4550890">
    <ele>3.0</ele>
    <time>2026-05-03T21:22:36Z</time>
   </trkpt>
   <trkpt lat="37.8041870" lon="-122.4551240">
    <ele>3.0</ele>
    <time>2026-05-03T21:22:37Z</time>
   </trkpt>
   <trkpt lat="37.8041720" lon="-122.4551640">
    <ele>3.0</ele>
    <time>2026-05-03T21:22:38Z</time>
   </trkpt>
   <trkpt lat="37.8041700" lon="-122.4552140">
    <ele>3.0</ele>
    <time>2026-05-03T21:22:39Z</time>
   </trkpt>
   <trkpt lat="37.8041660" lon="-122.4552330">
    <ele>3.0</ele>
    <time>2026-05-03T21:22:40Z</time>
   </trkpt>
   <trkpt lat="37.8041580" lon="-122.4552830">
    <ele>3.0</ele>
    <time>2026-05-03T21:22:41Z</time>
   </trkpt>
   <trkpt lat="37.8041540" lon="-122.4553040">
    <ele>3.0</ele>
    <time>2026-05-03T21:22:42Z</time>
   </trkpt>
   <trkpt lat="37.8041540" lon="-122.4553400">
    <ele>3.0</ele>
    <time>2026-05-03T21:22:43Z</time>
   </trkpt>
   <trkpt lat="37.8041410" lon="-122.4553840">
    <ele>3.0</ele>
    <time>2026-05-03T21:22:44Z</time>
   </trkpt>
   <trkpt lat="37.8041380" lon="-122.4554020">
    <ele>3.0</ele>
    <time>2026-05-03T21:22:45Z</time>
   </trkpt>
   <trkpt lat="37.8041480" lon="-122.4554380">
    <ele>3.0</ele>
    <time>2026-05-03T21:22:46Z</time>
   </trkpt>
   <trkpt lat="37.8041390" lon="-122.4554780">
    <ele>3.0</ele>
    <time>2026-05-03T21:22:47Z</time>
   </trkpt>
   <trkpt lat="37.8041350" lon="-122.4555170">
    <ele>3.1</ele>
    <time>2026-05-03T21:22:48Z</time>
   </trkpt>
   <trkpt lat="37.8041220" lon="-122.4555520">
    <ele>3.1</ele>
    <time>2026-05-03T21:22:49Z</time>
   </trkpt>
   <trkpt lat="37.8041180" lon="-122.4556030">
    <ele>3.1</ele>
    <time>2026-05-03T21:22:50Z</time>
   </trkpt>
   <trkpt lat="37.8041170" lon="-122.4556240">
    <ele>3.1</ele>
    <time>2026-05-03T21:22:51Z</time>
   </trkpt>
   <trkpt lat="37.8041100" lon="-122.4556590">
    <ele>3.1</ele>
    <time>2026-05-03T21:22:52Z</time>
   </trkpt>
   <trkpt lat="37.8041060" lon="-122.4556940">
    <ele>3.1</ele>
    <time>2026-05-03T21:22:53Z</time>
   </trkpt>
   <trkpt lat="37.8040950" lon="-122.4557350">
    <ele>3.1</ele>
    <time>2026-05-03T21:22:54Z</time>
   </trkpt>
   <trkpt lat="37.8041020" lon="-122.4557710">
    <ele>3.1</ele>
    <time>2026-05-03T21:22:55Z</time>
   </trkpt>
   <trkpt lat="37.8040820" lon="-122.4558040">
    <ele>3.1</ele>
    <time>2026-05-03T21:22:56Z</time>
   </trkpt>
   <trkpt lat="37.8040810" lon="-122.4558450">
    <ele>3.1</ele>
    <time>2026-05-03T21:22:57Z</time>
   </trkpt>
   <trkpt lat="37.8040860" lon="-122.4558810">
    <ele>3.1</ele>
    <time>2026-05-03T21:22:58Z</time>
   </trkpt>
   <trkpt lat="37.8040880" lon="-122.4559210">
    <ele>3.1</ele>
    <time>2026-05-03T21:22:59Z</time>
   </trkpt>
   <trkpt lat="37.8040780" lon="-122.4559610">
    <ele>3.1</ele>
    <time>2026-05-03T21:23:00Z</time>
   </trkpt>
   <trkpt lat="37.8040790" lon="-122.4559970">
    <ele>3.1</ele>
    <time>2026-05-03T21:23:01Z</time>
   </trkpt>
   <trkpt lat="37.8040700" lon="-122.4560430">
    <ele>3.1</ele>
    <time>2026-05-03T21:23:02Z</time>
   </trkpt>
   <trkpt lat="37.8040600" lon="-122.4560610">
    <ele>3.1</ele>
    <time>2026-05-03T21:23:03Z</time>
   </trkpt>
   <trkpt lat="37.8040590" lon="-122.4561160">
    <ele>3.1</ele>
    <time>2026-05-03T21:23:04Z</time>
   </trkpt>
   <trkpt lat="37.8040550" lon="-122.4561380">
    <ele>3.1</ele>
    <time>2026-05-03T21:23:05Z</time>
   </trkpt>
   <trkpt lat="37.8040580" lon="-122.4561740">
    <ele>3.1</ele>
    <time>2026-05-03T21:23:06Z</time>
   </trkpt>
   <trkpt lat="37.8040430" lon="-122.4562180">
    <ele>3.1</ele>
    <time>2026-05-03T21:23:07Z</time>
   </trkpt>
   <trkpt lat="37.8040340" lon="-122.4562650">
    <ele>3.1</ele>
    <time>2026-05-03T21:23:08Z</time>
   </trkpt>
   <trkpt lat="37.8040240" lon="-122.4562820">
    <ele>3.1</ele>
    <time>2026-05-03T21:23:09Z</time>
   </trkpt>
   <trkpt lat="37.8040200" lon="-122.4563280">
    <ele>3.1</ele>
    <time>2026-05-03T21:23:10Z</time>
   </trkpt>
   <trkpt lat="37.8040230" lon="-122.4563460">
    <ele>3.1</ele>
    <time>2026-05-03T21:23:11Z</time>
   </trkpt>
   <trkpt lat="37.8040230" lon="-122.4563850">
    <ele>3.1</ele>
    <time>2026-05-03T21:23:12Z</time>
   </trkpt>
   <trkpt lat="37.8040360" lon="-122.4564200">
    <ele>3.1</ele>
    <time>2026-05-03T21:23:13Z</time>
   </trkpt>
   <trkpt lat="37.8040230" lon="-122.4564650">
    <ele>3.1</ele>
    <time>2026-05-03T21:23:14Z</time>
   </trkpt>
   <trkpt lat="37.8040060" lon="-122.4565030">
    <ele>3.1</ele>
    <time>2026-05-03T21:23:15Z</time>
   </trkpt>
   <trkpt lat="37.8040060" lon="-122.4565580">
    <ele>3.1</ele>
    <time>2026-05-03T21:23:16Z</time>
   </trkpt>
   <trkpt lat="37.8040000" lon="-122.4565830">
    <ele>3.1</ele>
    <time>2026-05-03T21:23:17Z</time>
   </trkpt>
   <trkpt lat="37.8040080" lon="-122.4566170">
    <ele>3.1</ele>
    <time>2026-05-03T21:23:18Z</time>
   </trkpt>
   <trkpt lat="37.8039880" lon="-122.4566530">
    <ele>3.2</ele>
    <time>2026-05-03T21:23:19Z</time>
   </trkpt>
   <trkpt lat="37.8039810" lon="-122.4566940">
    <ele>3.2</ele>
    <time>2026-05-03T21:23:20Z</time>
   </trkpt>
   <trkpt lat="37.8039830" lon="-122.4567270">
    <ele>3.2</ele>
    <time>2026-05-03T21:23:21Z</time>
   </trkpt>
   <trkpt lat="37.8039730" lon="-122.4567710">
    <ele>3.2</ele>
    <time>2026-05-03T21:23:23Z</time>
   </trkpt>
   <trkpt lat="37.8039600" lon="-122.4568180">
    <ele>3.2</ele>
    <time>2026-05-03T21:23:24Z</time>
   </trkpt>
   <trkpt lat="37.8039570" lon="-122.4568430">
    <ele>3.2</ele>
    <time>2026-05-03T21:23:25Z</time>
   </trkpt>
   <trkpt lat="37.8039540" lon="-122.4568920">
    <ele>3.2</ele>
    <time>2026-05-03T21:23:26Z</time>
   </trkpt>
   <trkpt lat="37.8039550" lon="-122.4569110">
    <ele>3.2</ele>
    <time>2026-05-03T21:23:27Z</time>
   </trkpt>
   <trkpt lat="37.8039400" lon="-122.4569400">
    <ele>3.2</ele>
    <time>2026-05-03T21:23:28Z</time>
   </trkpt>
   <trkpt lat="37.8039440" lon="-122.4569960">
    <ele>3.2</ele>
    <time>2026-05-03T21:23:29Z</time>
   </trkpt>
   <trkpt lat="37.8039350" lon="-122.4570280">
    <ele>3.2</ele>
    <time>2026-05-03T21:23:30Z</time>
   </trkpt>
   <trkpt lat="37.8039310" lon="-122.4570760">
    <ele>3.2</ele>
    <time>2026-05-03T21:23:31Z</time>
   </trkpt>
   <trkpt lat="37.8039250" lon="-122.4570960">
    <ele>3.2</ele>
    <time>2026-05-03T21:23:32Z</time>
   </trkpt>
   <trkpt lat="37.8039250" lon="-122.4571310">
    <ele>3.1</ele>
    <time>2026-05-03T21:23:33Z</time>
   </trkpt>
   <trkpt lat="37.8039200" lon="-122.4571750">
    <ele>3.1</ele>
    <time>2026-05-03T21:23:34Z</time>
   </trkpt>
   <trkpt lat="37.8039060" lon="-122.4572130">
    <ele>3.1</ele>
    <time>2026-05-03T21:23:35Z</time>
   </trkpt>
   <trkpt lat="37.8039050" lon="-122.4572600">
    <ele>3.1</ele>
    <time>2026-05-03T21:23:36Z</time>
   </trkpt>
   <trkpt lat="37.8038890" lon="-122.4573000">
    <ele>3.1</ele>
    <time>2026-05-03T21:23:37Z</time>
   </trkpt>
   <trkpt lat="37.8038910" lon="-122.4573350">
    <ele>3.1</ele>
    <time>2026-05-03T21:23:38Z</time>
   </trkpt>
   <trkpt lat="37.8038910" lon="-122.4573580">
    <ele>3.1</ele>
    <time>2026-05-03T21:23:39Z</time>
   </trkpt>
   <trkpt lat="37.8038880" lon="-122.4574280">
    <ele>3.1</ele>
    <time>2026-05-03T21:23:40Z</time>
   </trkpt>
   <trkpt lat="37.8038860" lon="-122.4574640">
    <ele>3.1</ele>
    <time>2026-05-03T21:23:41Z</time>
   </trkpt>
   <trkpt lat="37.8038930" lon="-122.4575010">
    <ele>3.1</ele>
    <time>2026-05-03T21:23:42Z</time>
   </trkpt>
   <trkpt lat="37.8038840" lon="-122.4575470">
    <ele>3.1</ele>
    <time>2026-05-03T21:23:43Z</time>
   </trkpt>
   <trkpt lat="37.8038820" lon="-122.4576010">
    <ele>3.1</ele>
    <time>2026-05-03T21:23:44Z</time>
   </trkpt>
   <trkpt lat="37.8038760" lon="-122.4576260">
    <ele>3.1</ele>
    <time>2026-05-03T21:23:45Z</time>
   </trkpt>
   <trkpt lat="37.8038770" lon="-122.4576730">
    <ele>3.1</ele>
    <time>2026-05-03T21:23:46Z</time>
   </trkpt>
   <trkpt lat="37.8038750" lon="-122.4576910">
    <ele>3.1</ele>
    <time>2026-05-03T21:23:47Z</time>
   </trkpt>
   <trkpt lat="37.8038570" lon="-122.4577310">
    <ele>3.1</ele>
    <time>2026-05-03T21:23:48Z</time>
   </trkpt>
   <trkpt lat="37.8038620" lon="-122.4577660">
    <ele>3.1</ele>
    <time>2026-05-03T21:23:49Z</time>
   </trkpt>
   <trkpt lat="37.8038550" lon="-122.4578110">
    <ele>3.1</ele>
    <time>2026-05-03T21:23:50Z</time>
   </trkpt>
   <trkpt lat="37.8038510" lon="-122.4578680">
    <ele>3.1</ele>
    <time>2026-05-03T21:23:51Z</time>
   </trkpt>
   <trkpt lat="37.8038460" lon="-122.4578940">
    <ele>3.1</ele>
    <time>2026-05-03T21:23:52Z</time>
   </trkpt>
   <trkpt lat="37.8038510" lon="-122.4579420">
    <ele>3.1</ele>
    <time>2026-05-03T21:23:53Z</time>
   </trkpt>
   <trkpt lat="37.8038520" lon="-122.4579590">
    <ele>3.1</ele>
    <time>2026-05-03T21:23:54Z</time>
   </trkpt>
   <trkpt lat="37.8038400" lon="-122.4579970">
    <ele>3.1</ele>
    <time>2026-05-03T21:23:55Z</time>
   </trkpt>
   <trkpt lat="37.8038260" lon="-122.4580320">
    <ele>3.1</ele>
    <time>2026-05-03T21:23:56Z</time>
   </trkpt>
   <trkpt lat="37.8038130" lon="-122.4580780">
    <ele>3.1</ele>
    <time>2026-05-03T21:23:57Z</time>
   </trkpt>
   <trkpt lat="37.8038080" lon="-122.4581260">
    <ele>3.2</ele>
    <time>2026-05-03T21:23:58Z</time>
   </trkpt>
   <trkpt lat="37.8037990" lon="-122.4581650">
    <ele>3.2</ele>
    <time>2026-05-03T21:23:59Z</time>
   </trkpt>
   <trkpt lat="37.8037940" lon="-122.4582120">
    <ele>3.2</ele>
    <time>2026-05-03T21:24:00Z</time>
   </trkpt>
   <trkpt lat="37.8037910" lon="-122.4582300">
    <ele>3.2</ele>
    <time>2026-05-03T21:24:01Z</time>
   </trkpt>
   <trkpt lat="37.8037830" lon="-122.4582800">
    <ele>3.2</ele>
    <time>2026-05-03T21:24:02Z</time>
   </trkpt>
   <trkpt lat="37.8037790" lon="-122.4583360">
    <ele>3.2</ele>
    <time>2026-05-03T21:24:03Z</time>
   </trkpt>
   <trkpt lat="37.8037760" lon="-122.4583580">
    <ele>3.2</ele>
    <time>2026-05-03T21:24:04Z</time>
   </trkpt>
   <trkpt lat="37.8037700" lon="-122.4583940">
    <ele>3.2</ele>
    <time>2026-05-03T21:24:05Z</time>
   </trkpt>
   <trkpt lat="37.8037840" lon="-122.4584240">
    <ele>3.2</ele>
    <time>2026-05-03T21:24:06Z</time>
   </trkpt>
   <trkpt lat="37.8037660" lon="-122.4584600">
    <ele>3.2</ele>
    <time>2026-05-03T21:24:07Z</time>
   </trkpt>
   <trkpt lat="37.8037630" lon="-122.4585160">
    <ele>3.2</ele>
    <time>2026-05-03T21:24:08Z</time>
   </trkpt>
   <trkpt lat="37.8037590" lon="-122.4585400">
    <ele>3.2</ele>
    <time>2026-05-03T21:24:09Z</time>
   </trkpt>
   <trkpt lat="37.8037550" lon="-122.4586000">
    <ele>3.2</ele>
    <time>2026-05-03T21:24:10Z</time>
   </trkpt>
   <trkpt lat="37.8037490" lon="-122.4586280">
    <ele>3.2</ele>
    <time>2026-05-03T21:24:11Z</time>
   </trkpt>
   <trkpt lat="37.8037450" lon="-122.4586730">
    <ele>3.2</ele>
    <time>2026-05-03T21:24:12Z</time>
   </trkpt>
   <trkpt lat="37.8037380" lon="-122.4586870">
    <ele>3.2</ele>
    <time>2026-05-03T21:24:13Z</time>
   </trkpt>
   <trkpt lat="37.8037300" lon="-122.4587430">
    <ele>3.1</ele>
    <time>2026-05-03T21:24:14Z</time>
   </trkpt>
   <trkpt lat="37.8037330" lon="-122.4587860">
    <ele>3.1</ele>
    <time>2026-05-03T21:24:15Z</time>
   </trkpt>
   <trkpt lat="37.8037310" lon="-122.4588100">
    <ele>3.1</ele>
    <time>2026-05-03T21:24:16Z</time>
   </trkpt>
   <trkpt lat="37.8037230" lon="-122.4588620">
    <ele>3.1</ele>
    <time>2026-05-03T21:24:17Z</time>
   </trkpt>
   <trkpt lat="37.8037190" lon="-122.4588830">
    <ele>3.1</ele>
    <time>2026-05-03T21:24:18Z</time>
   </trkpt>
   <trkpt lat="37.8037160" lon="-122.4589250">
    <ele>3.1</ele>
    <time>2026-05-03T21:24:19Z</time>
   </trkpt>
   <trkpt lat="37.8037170" lon="-122.4589690">
    <ele>3.1</ele>
    <time>2026-05-03T21:24:20Z</time>
   </trkpt>
   <trkpt lat="37.8037040" lon="-122.4590060">
    <ele>3.1</ele>
    <time>2026-05-03T21:24:21Z</time>
   </trkpt>
   <trkpt lat="37.8036940" lon="-122.4590590">
    <ele>3.1</ele>
    <time>2026-05-03T21:24:22Z</time>
   </trkpt>
   <trkpt lat="37.8036900" lon="-122.4590780">
    <ele>3.1</ele>
    <time>2026-05-03T21:24:23Z</time>
   </trkpt>
   <trkpt lat="37.8036800" lon="-122.4591140">
    <ele>3.1</ele>
    <time>2026-05-03T21:24:24Z</time>
   </trkpt>
   <trkpt lat="37.8036720" lon="-122.4591550">
    <ele>3.1</ele>
    <time>2026-05-03T21:24:25Z</time>
   </trkpt>
   <trkpt lat="37.8036750" lon="-122.4592040">
    <ele>3.1</ele>
    <time>2026-05-03T21:24:26Z</time>
   </trkpt>
   <trkpt lat="37.8036770" lon="-122.4592230">
    <ele>3.1</ele>
    <time>2026-05-03T21:24:27Z</time>
   </trkpt>
   <trkpt lat="37.8036640" lon="-122.4592540">
    <ele>3.1</ele>
    <time>2026-05-03T21:24:28Z</time>
   </trkpt>
   <trkpt lat="37.8036580" lon="-122.4593050">
    <ele>3.1</ele>
    <time>2026-05-03T21:24:29Z</time>
   </trkpt>
   <trkpt lat="37.8036540" lon="-122.4593270">
    <ele>3.1</ele>
    <time>2026-05-03T21:24:30Z</time>
   </trkpt>
   <trkpt lat="37.8036740" lon="-122.4593570">
    <ele>3.1</ele>
    <time>2026-05-03T21:24:31Z</time>
   </trkpt>
   <trkpt lat="37.8036520" lon="-122.4593930">
    <ele>3.1</ele>
    <time>2026-05-03T21:24:32Z</time>
   </trkpt>
   <trkpt lat="37.8036370" lon="-122.4594310">
    <ele>3.1</ele>
    <time>2026-05-03T21:24:33Z</time>
   </trkpt>
   <trkpt lat="37.8036330" lon="-122.4594780">
    <ele>3.1</ele>
    <time>2026-05-03T21:24:34Z</time>
   </trkpt>
   <trkpt lat="37.8036300" lon="-122.4594970">
    <ele>3.1</ele>
    <time>2026-05-03T21:24:35Z</time>
   </trkpt>
   <trkpt lat="37.8036300" lon="-122.4595340">
    <ele>3.1</ele>
    <time>2026-05-03T21:24:36Z</time>
   </trkpt>
   <trkpt lat="37.8036280" lon="-122.4595740">
    <ele>3.1</ele>
    <time>2026-05-03T21:24:37Z</time>
   </trkpt>
   <trkpt lat="37.8036210" lon="-122.4596070">
    <ele>3.1</ele>
    <time>2026-05-03T21:24:38Z</time>
   </trkpt>
   <trkpt lat="37.8036150" lon="-122.4596420">
    <ele>3.1</ele>
    <time>2026-05-03T21:24:39Z</time>
   </trkpt>
   <trkpt lat="37.8036050" lon="-122.4596780">
    <ele>3.2</ele>
    <time>2026-05-03T21:24:40Z</time>
   </trkpt>
   <trkpt lat="37.8036020" lon="-122.4597270">
    <ele>3.2</ele>
    <time>2026-05-03T21:24:41Z</time>
   </trkpt>
   <trkpt lat="37.8035960" lon="-122.4597450">
    <ele>3.2</ele>
    <time>2026-05-03T21:24:42Z</time>
   </trkpt>
   <trkpt lat="37.8035910" lon="-122.4597850">
    <ele>3.2</ele>
    <time>2026-05-03T21:24:43Z</time>
   </trkpt>
   <trkpt lat="37.8035820" lon="-122.4598210">
    <ele>3.2</ele>
    <time>2026-05-03T21:24:44Z</time>
   </trkpt>
   <trkpt lat="37.8035760" lon="-122.4598610">
    <ele>3.2</ele>
    <time>2026-05-03T21:24:45Z</time>
   </trkpt>
   <trkpt lat="37.8035740" lon="-122.4598730">
    <ele>3.2</ele>
    <time>2026-05-03T21:24:46Z</time>
   </trkpt>
   <trkpt lat="37.8035630" lon="-122.4599060">
    <ele>3.2</ele>
    <time>2026-05-03T21:24:47Z</time>
   </trkpt>
   <trkpt lat="37.8035380" lon="-122.4599500">
    <ele>3.3</ele>
    <time>2026-05-03T21:24:48Z</time>
   </trkpt>
   <trkpt lat="37.8035290" lon="-122.4599690">
    <ele>3.3</ele>
    <time>2026-05-03T21:24:49Z</time>
   </trkpt>
   <trkpt lat="37.8035060" lon="-122.4600040">
    <ele>3.3</ele>
    <time>2026-05-03T21:24:50Z</time>
   </trkpt>
   <trkpt lat="37.8034910" lon="-122.4600340">
    <ele>3.3</ele>
    <time>2026-05-03T21:24:51Z</time>
   </trkpt>
   <trkpt lat="37.8034770" lon="-122.4600630">
    <ele>3.3</ele>
    <time>2026-05-03T21:24:52Z</time>
   </trkpt>
   <trkpt lat="37.8034670" lon="-122.4601020">
    <ele>3.3</ele>
    <time>2026-05-03T21:24:53Z</time>
   </trkpt>
   <trkpt lat="37.8034510" lon="-122.4601370">
    <ele>3.3</ele>
    <time>2026-05-03T21:24:54Z</time>
   </trkpt>
   <trkpt lat="37.8034330" lon="-122.4601820">
    <ele>3.3</ele>
    <time>2026-05-03T21:24:55Z</time>
   </trkpt>
   <trkpt lat="37.8034200" lon="-122.4601980">
    <ele>3.3</ele>
    <time>2026-05-03T21:24:56Z</time>
   </trkpt>
   <trkpt lat="37.8034100" lon="-122.4602310">
    <ele>3.3</ele>
    <time>2026-05-03T21:24:57Z</time>
   </trkpt>
   <trkpt lat="37.8033840" lon="-122.4602600">
    <ele>3.3</ele>
    <time>2026-05-03T21:24:58Z</time>
   </trkpt>
   <trkpt lat="37.8033750" lon="-122.4602730">
    <ele>3.3</ele>
    <time>2026-05-03T21:24:59Z</time>
   </trkpt>
   <trkpt lat="37.8033440" lon="-122.4602840">
    <ele>3.3</ele>
    <time>2026-05-03T21:25:00Z</time>
   </trkpt>
   <trkpt lat="37.8033260" lon="-122.4603110">
    <ele>3.3</ele>
    <time>2026-05-03T21:25:01Z</time>
   </trkpt>
   <trkpt lat="37.8033170" lon="-122.4603540">
    <ele>3.3</ele>
    <time>2026-05-03T21:25:02Z</time>
   </trkpt>
   <trkpt lat="37.8033130" lon="-122.4603660">
    <ele>3.3</ele>
    <time>2026-05-03T21:25:03Z</time>
   </trkpt>
   <trkpt lat="37.8032850" lon="-122.4603910">
    <ele>3.3</ele>
    <time>2026-05-03T21:25:04Z</time>
   </trkpt>
   <trkpt lat="37.8032670" lon="-122.4604190">
    <ele>3.3</ele>
    <time>2026-05-03T21:25:05Z</time>
   </trkpt>
   <trkpt lat="37.8032490" lon="-122.4604510">
    <ele>3.3</ele>
    <time>2026-05-03T21:25:06Z</time>
   </trkpt>
   <trkpt lat="37.8032240" lon="-122.4604860">
    <ele>3.3</ele>
    <time>2026-05-03T21:25:07Z</time>
   </trkpt>
   <trkpt lat="37.8032110" lon="-122.4604970">
    <ele>3.3</ele>
    <time>2026-05-03T21:25:08Z</time>
   </trkpt>
   <trkpt lat="37.8031910" lon="-122.4605390">
    <ele>3.3</ele>
    <time>2026-05-03T21:25:09Z</time>
   </trkpt>
   <trkpt lat="37.8031830" lon="-122.4605520">
    <ele>3.3</ele>
    <time>2026-05-03T21:25:10Z</time>
   </trkpt>
   <trkpt lat="37.8031550" lon="-122.4605770">
    <ele>3.3</ele>
    <time>2026-05-03T21:25:11Z</time>
   </trkpt>
   <trkpt lat="37.8031230" lon="-122.4606170">
    <ele>3.3</ele>
    <time>2026-05-03T21:25:12Z</time>
   </trkpt>
   <trkpt lat="37.8031090" lon="-122.4606350">
    <ele>3.3</ele>
    <time>2026-05-03T21:25:13Z</time>
   </trkpt>
   <trkpt lat="37.8030890" lon="-122.4606700">
    <ele>3.4</ele>
    <time>2026-05-03T21:25:14Z</time>
   </trkpt>
   <trkpt lat="37.8030850" lon="-122.4606910">
    <ele>3.4</ele>
    <time>2026-05-03T21:25:15Z</time>
   </trkpt>
   <trkpt lat="37.8030760" lon="-122.4607110">
    <ele>3.4</ele>
    <time>2026-05-03T21:25:16Z</time>
   </trkpt>
   <trkpt lat="37.8030570" lon="-122.4607450">
    <ele>3.4</ele>
    <time>2026-05-03T21:25:17Z</time>
   </trkpt>
   <trkpt lat="37.8030470" lon="-122.4607890">
    <ele>3.4</ele>
    <time>2026-05-03T21:25:18Z</time>
   </trkpt>
   <trkpt lat="37.8030240" lon="-122.4608340">
    <ele>3.4</ele>
    <time>2026-05-03T21:25:19Z</time>
   </trkpt>
   <trkpt lat="37.8030130" lon="-122.4608490">
    <ele>3.4</ele>
    <time>2026-05-03T21:25:20Z</time>
   </trkpt>
   <trkpt lat="37.8030040" lon="-122.4608920">
    <ele>3.4</ele>
    <time>2026-05-03T21:25:21Z</time>
   </trkpt>
   <trkpt lat="37.8030000" lon="-122.4609070">
    <ele>3.4</ele>
    <time>2026-05-03T21:25:22Z</time>
   </trkpt>
   <trkpt lat="37.8029770" lon="-122.4609330">
    <ele>3.4</ele>
    <time>2026-05-03T21:25:23Z</time>
   </trkpt>
   <trkpt lat="37.8029570" lon="-122.4609640">
    <ele>3.4</ele>
    <time>2026-05-03T21:25:24Z</time>
   </trkpt>
   <trkpt lat="37.8029580" lon="-122.4610120">
    <ele>3.4</ele>
    <time>2026-05-03T21:25:25Z</time>
   </trkpt>
   <trkpt lat="37.8029480" lon="-122.4610530">
    <ele>3.4</ele>
    <time>2026-05-03T21:25:26Z</time>
   </trkpt>
   <trkpt lat="37.8029460" lon="-122.4610980">
    <ele>3.4</ele>
    <time>2026-05-03T21:25:27Z</time>
   </trkpt>
   <trkpt lat="37.8029440" lon="-122.4611150">
    <ele>3.4</ele>
    <time>2026-05-03T21:25:28Z</time>
   </trkpt>
   <trkpt lat="37.8029390" lon="-122.4611500">
    <ele>3.4</ele>
    <time>2026-05-03T21:25:29Z</time>
   </trkpt>
   <trkpt lat="37.8029440" lon="-122.4612010">
    <ele>3.4</ele>
    <time>2026-05-03T21:25:30Z</time>
   </trkpt>
   <trkpt lat="37.8029460" lon="-122.4612190">
    <ele>3.4</ele>
    <time>2026-05-03T21:25:31Z</time>
   </trkpt>
   <trkpt lat="37.8029490" lon="-122.4612710">
    <ele>3.4</ele>
    <time>2026-05-03T21:25:32Z</time>
   </trkpt>
   <trkpt lat="37.8029540" lon="-122.4613100">
    <ele>3.4</ele>
    <time>2026-05-03T21:25:33Z</time>
   </trkpt>
   <trkpt lat="37.8029540" lon="-122.4613320">
    <ele>3.4</ele>
    <time>2026-05-03T21:25:34Z</time>
   </trkpt>
   <trkpt lat="37.8029660" lon="-122.4613680">
    <ele>3.4</ele>
    <time>2026-05-03T21:25:36Z</time>
   </trkpt>
   <trkpt lat="37.8029670" lon="-122.4614170">
    <ele>3.4</ele>
    <time>2026-05-03T21:25:37Z</time>
   </trkpt>
   <trkpt lat="37.8029710" lon="-122.4614520">
    <ele>3.4</ele>
    <time>2026-05-03T21:25:38Z</time>
   </trkpt>
   <trkpt lat="37.8029730" lon="-122.4614930">
    <ele>3.4</ele>
    <time>2026-05-03T21:25:39Z</time>
   </trkpt>
   <trkpt lat="37.8029770" lon="-122.4615300">
    <ele>3.4</ele>
    <time>2026-05-03T21:25:40Z</time>
   </trkpt>
   <trkpt lat="37.8029810" lon="-122.4615730">
    <ele>3.4</ele>
    <time>2026-05-03T21:25:41Z</time>
   </trkpt>
   <trkpt lat="37.8029800" lon="-122.4616270">
    <ele>3.3</ele>
    <time>2026-05-03T21:25:42Z</time>
   </trkpt>
   <trkpt lat="37.8029920" lon="-122.4616760">
    <ele>3.3</ele>
    <time>2026-05-03T21:25:43Z</time>
   </trkpt>
   <trkpt lat="37.8029950" lon="-122.4616930">
    <ele>3.3</ele>
    <time>2026-05-03T21:25:44Z</time>
   </trkpt>
   <trkpt lat="37.8029900" lon="-122.4617270">
    <ele>3.3</ele>
    <time>2026-05-03T21:25:45Z</time>
   </trkpt>
   <trkpt lat="37.8030140" lon="-122.4618000">
    <ele>3.3</ele>
    <time>2026-05-03T21:25:46Z</time>
   </trkpt>
   <trkpt lat="37.8030130" lon="-122.4618470">
    <ele>3.3</ele>
    <time>2026-05-03T21:25:47Z</time>
   </trkpt>
   <trkpt lat="37.8030180" lon="-122.4618850">
    <ele>3.2</ele>
    <time>2026-05-03T21:25:48Z</time>
   </trkpt>
   <trkpt lat="37.8030210" lon="-122.4619200">
    <ele>3.2</ele>
    <time>2026-05-03T21:25:49Z</time>
   </trkpt>
   <trkpt lat="37.8030270" lon="-122.4619690">
    <ele>3.2</ele>
    <time>2026-05-03T21:25:50Z</time>
   </trkpt>
   <trkpt lat="37.8030280" lon="-122.4620070">
    <ele>3.2</ele>
    <time>2026-05-03T21:25:51Z</time>
   </trkpt>
   <trkpt lat="37.8030350" lon="-122.4620430">
    <ele>3.2</ele>
    <time>2026-05-03T21:25:52Z</time>
   </trkpt>
   <trkpt lat="37.8030530" lon="-122.4620960">
    <ele>3.2</ele>
    <time>2026-05-03T21:25:53Z</time>
   </trkpt>
   <trkpt lat="37.8030630" lon="-122.4621210">
    <ele>3.2</ele>
    <time>2026-05-03T21:25:54Z</time>
   </trkpt>
   <trkpt lat="37.8030580" lon="-122.4621630">
    <ele>3.2</ele>
    <time>2026-05-03T21:25:55Z</time>
   </trkpt>
   <trkpt lat="37.8030600" lon="-122.4622010">
    <ele>3.2</ele>
    <time>2026-05-03T21:25:56Z</time>
   </trkpt>
   <trkpt lat="37.8030630" lon="-122.4622240">
    <ele>3.2</ele>
    <time>2026-05-03T21:25:57Z</time>
   </trkpt>
   <trkpt lat="37.8030650" lon="-122.4622650">
    <ele>3.2</ele>
    <time>2026-05-03T21:25:58Z</time>
   </trkpt>
   <trkpt lat="37.8030620" lon="-122.4623080">
    <ele>3.1</ele>
    <time>2026-05-03T21:25:59Z</time>
   </trkpt>
   <trkpt lat="37.8030570" lon="-122.4623430">
    <ele>3.1</ele>
    <time>2026-05-03T21:26:00Z</time>
   </trkpt>
   <trkpt lat="37.8030620" lon="-122.4623860">
    <ele>3.1</ele>
    <time>2026-05-03T21:26:01Z</time>
   </trkpt>
   <trkpt lat="37.8030620" lon="-122.4624280">
    <ele>3.1</ele>
    <time>2026-05-03T21:26:02Z</time>
   </trkpt>
   <trkpt lat="37.8030760" lon="-122.4624720">
    <ele>3.1</ele>
    <time>2026-05-03T21:26:03Z</time>
   </trkpt>
   <trkpt lat="37.8030740" lon="-122.4624970">
    <ele>3.1</ele>
    <time>2026-05-03T21:26:04Z</time>
   </trkpt>
   <trkpt lat="37.8030760" lon="-122.4625450">
    <ele>3.1</ele>
    <time>2026-05-03T21:26:05Z</time>
   </trkpt>
   <trkpt lat="37.8030740" lon="-122.4625640">
    <ele>3.1</ele>
    <time>2026-05-03T21:26:06Z</time>
   </trkpt>
   <trkpt lat="37.8030840" lon="-122.4626040">
    <ele>3.1</ele>
    <time>2026-05-03T21:26:07Z</time>
   </trkpt>
   <trkpt lat="37.8031050" lon="-122.4626370">
    <ele>3.1</ele>
    <time>2026-05-03T21:26:08Z</time>
   </trkpt>
   <trkpt lat="37.8031060" lon="-122.4626820">
    <ele>3.1</ele>
    <time>2026-05-03T21:26:09Z</time>
   </trkpt>
   <trkpt lat="37.8031090" lon="-122.4627190">
    <ele>3.1</ele>
    <time>2026-05-03T21:26:10Z</time>
   </trkpt>
   <trkpt lat="37.8031130" lon="-122.4627640">
    <ele>3.1</ele>
    <time>2026-05-03T21:26:11Z</time>
   </trkpt>
   <trkpt lat="37.8031170" lon="-122.4628020">
    <ele>3.1</ele>
    <time>2026-05-03T21:26:12Z</time>
   </trkpt>
   <trkpt lat="37.8031270" lon="-122.4628470">
    <ele>3.1</ele>
    <time>2026-05-03T21:26:13Z</time>
   </trkpt>
   <trkpt lat="37.8031290" lon="-122.4628690">
    <ele>3.1</ele>
    <time>2026-05-03T21:26:14Z</time>
   </trkpt>
   <trkpt lat="37.8031300" lon="-122.4629070">
    <ele>3.1</ele>
    <time>2026-05-03T21:26:15Z</time>
   </trkpt>
   <trkpt lat="37.8031340" lon="-122.4629520">
    <ele>3.2</ele>
    <time>2026-05-03T21:26:16Z</time>
   </trkpt>
   <trkpt lat="37.8031380" lon="-122.4629920">
    <ele>3.2</ele>
    <time>2026-05-03T21:26:17Z</time>
   </trkpt>
   <trkpt lat="37.8031390" lon="-122.4630380">
    <ele>3.2</ele>
    <time>2026-05-03T21:26:18Z</time>
   </trkpt>
   <trkpt lat="37.8031440" lon="-122.4630770">
    <ele>3.2</ele>
    <time>2026-05-03T21:26:19Z</time>
   </trkpt>
   <trkpt lat="37.8031500" lon="-122.4631130">
    <ele>3.3</ele>
    <time>2026-05-03T21:26:20Z</time>
   </trkpt>
   <trkpt lat="37.8031600" lon="-122.4631550">
    <ele>3.3</ele>
    <time>2026-05-03T21:26:21Z</time>
   </trkpt>
   <trkpt lat="37.8031420" lon="-122.4631940">
    <ele>3.3</ele>
    <time>2026-05-03T21:26:22Z</time>
   </trkpt>
   <trkpt lat="37.8031240" lon="-122.4632140">
    <ele>3.3</ele>
    <time>2026-05-03T21:26:23Z</time>
   </trkpt>
   <trkpt lat="37.8031410" lon="-122.4632610">
    <ele>3.3</ele>
    <time>2026-05-03T21:26:24Z</time>
   </trkpt>
   <trkpt lat="37.8031500" lon="-122.4632800">
    <ele>3.3</ele>
    <time>2026-05-03T21:26:25Z</time>
   </trkpt>
   <trkpt lat="37.8031640" lon="-122.4633140">
    <ele>3.3</ele>
    <time>2026-05-03T21:26:26Z</time>
   </trkpt>
   <trkpt lat="37.8031790" lon="-122.4633530">
    <ele>3.3</ele>
    <time>2026-05-03T21:26:27Z</time>
   </trkpt>
   <trkpt lat="37.8031850" lon="-122.4633980">
    <ele>3.3</ele>
    <time>2026-05-03T21:26:28Z</time>
   </trkpt>
   <trkpt lat="37.8031850" lon="-122.4634100">
    <ele>3.3</ele>
    <time>2026-05-03T21:26:29Z</time>
   </trkpt>
   <trkpt lat="37.8031940" lon="-122.4634460">
    <ele>3.3</ele>
    <time>2026-05-03T21:26:30Z</time>
   </trkpt>
   <trkpt lat="37.8032010" lon="-122.4634800">
    <ele>3.3</ele>
    <time>2026-05-03T21:26:31Z</time>
   </trkpt>
   <trkpt lat="37.8032090" lon="-122.4635240">
    <ele>3.3</ele>
    <time>2026-05-03T21:26:32Z</time>
   </trkpt>
   <trkpt lat="37.8032080" lon="-122.4635590">
    <ele>3.3</ele>
    <time>2026-05-03T21:26:33Z</time>
   </trkpt>
   <trkpt lat="37.8032130" lon="-122.4636000">
    <ele>3.3</ele>
    <time>2026-05-03T21:26:34Z</time>
   </trkpt>
   <trkpt lat="37.8032230" lon="-122.4636370">
    <ele>3.3</ele>
    <time>2026-05-03T21:26:35Z</time>
   </trkpt>
   <trkpt lat="37.8032350" lon="-122.4636700">
    <ele>3.3</ele>
    <time>2026-05-03T21:26:36Z</time>
   </trkpt>
   <trkpt lat="37.8032430" lon="-122.4637140">
    <ele>3.2</ele>
    <time>2026-05-03T21:26:37Z</time>
   </trkpt>
   <trkpt lat="37.8032460" lon="-122.4637300">
    <ele>3.2</ele>
    <time>2026-05-03T21:26:38Z</time>
   </trkpt>
   <trkpt lat="37.8032440" lon="-122.4637720">
    <ele>3.2</ele>
    <time>2026-05-03T21:26:39Z</time>
   </trkpt>
   <trkpt lat="37.8032660" lon="-122.4638110">
    <ele>3.2</ele>
    <time>2026-05-03T21:26:40Z</time>
   </trkpt>
   <trkpt lat="37.8032720" lon="-122.4638220">
    <ele>3.2</ele>
    <time>2026-05-03T21:26:41Z</time>
   </trkpt>
   <trkpt lat="37.8032620" lon="-122.4638780">
    <ele>3.2</ele>
    <time>2026-05-03T21:26:42Z</time>
   </trkpt>
   <trkpt lat="37.8032660" lon="-122.4639260">
    <ele>3.2</ele>
    <time>2026-05-03T21:26:43Z</time>
   </trkpt>
   <trkpt lat="37.8032740" lon="-122.4639800">
    <ele>3.2</ele>
    <time>2026-05-03T21:26:44Z</time>
   </trkpt>
   <trkpt lat="37.8032780" lon="-122.4640040">
    <ele>3.2</ele>
    <time>2026-05-03T21:26:45Z</time>
   </trkpt>
   <trkpt lat="37.8032810" lon="-122.4640410">
    <ele>3.2</ele>
    <time>2026-05-03T21:26:46Z</time>
   </trkpt>
   <trkpt lat="37.8032970" lon="-122.4640790">
    <ele>3.2</ele>
    <time>2026-05-03T21:26:47Z</time>
   </trkpt>
   <trkpt lat="37.8033000" lon="-122.4640940">
    <ele>3.2</ele>
    <time>2026-05-03T21:26:48Z</time>
   </trkpt>
   <trkpt lat="37.8033000" lon="-122.4641470">
    <ele>3.2</ele>
    <time>2026-05-03T21:26:49Z</time>
   </trkpt>
   <trkpt lat="37.8033060" lon="-122.4641880">
    <ele>3.1</ele>
    <time>2026-05-03T21:26:50Z</time>
   </trkpt>
   <trkpt lat="37.8033080" lon="-122.4642050">
    <ele>3.1</ele>
    <time>2026-05-03T21:26:51Z</time>
   </trkpt>
   <trkpt lat="37.8032980" lon="-122.4642400">
    <ele>3.1</ele>
    <time>2026-05-03T21:26:52Z</time>
   </trkpt>
   <trkpt lat="37.8032930" lon="-122.4642840">
    <ele>3.1</ele>
    <time>2026-05-03T21:26:53Z</time>
   </trkpt>
   <trkpt lat="37.8032930" lon="-122.4643320">
    <ele>3.1</ele>
    <time>2026-05-03T21:26:54Z</time>
   </trkpt>
   <trkpt lat="37.8033010" lon="-122.4643660">
    <ele>3.1</ele>
    <time>2026-05-03T21:26:55Z</time>
   </trkpt>
   <trkpt lat="37.8033090" lon="-122.4644150">
    <ele>3.1</ele>
    <time>2026-05-03T21:26:56Z</time>
   </trkpt>
   <trkpt lat="37.8033160" lon="-122.4644340">
    <ele>3.0</ele>
    <time>2026-05-03T21:26:57Z</time>
   </trkpt>
   <trkpt lat="37.8033090" lon="-122.4644750">
    <ele>3.0</ele>
    <time>2026-05-03T21:26:58Z</time>
   </trkpt>
   <trkpt lat="37.8033130" lon="-122.4645150">
    <ele>3.0</ele>
    <time>2026-05-03T21:26:59Z</time>
   </trkpt>
   <trkpt lat="37.8033160" lon="-122.4645580">
    <ele>3.0</ele>
    <time>2026-05-03T21:27:00Z</time>
   </trkpt>
   <trkpt lat="37.8033170" lon="-122.4645930">
    <ele>3.0</ele>
    <time>2026-05-03T21:27:01Z</time>
   </trkpt>
   <trkpt lat="37.8033280" lon="-122.4646280">
    <ele>3.0</ele>
    <time>2026-05-03T21:27:02Z</time>
   </trkpt>
   <trkpt lat="37.8033320" lon="-122.4646810">
    <ele>3.0</ele>
    <time>2026-05-03T21:27:03Z</time>
   </trkpt>
   <trkpt lat="37.8033320" lon="-122.4647050">
    <ele>3.0</ele>
    <time>2026-05-03T21:27:04Z</time>
   </trkpt>
   <trkpt lat="37.8033360" lon="-122.4647400">
    <ele>3.0</ele>
    <time>2026-05-03T21:27:05Z</time>
   </trkpt>
   <trkpt lat="37.8033440" lon="-122.4647750">
    <ele>3.0</ele>
    <time>2026-05-03T21:27:06Z</time>
   </trkpt>
   <trkpt lat="37.8033500" lon="-122.4648300">
    <ele>3.0</ele>
    <time>2026-05-03T21:27:07Z</time>
   </trkpt>
   <trkpt lat="37.8033490" lon="-122.4648510">
    <ele>3.0</ele>
    <time>2026-05-03T21:27:08Z</time>
   </trkpt>
   <trkpt lat="37.8033480" lon="-122.4648850">
    <ele>3.0</ele>
    <time>2026-05-03T21:27:09Z</time>
   </trkpt>
   <trkpt lat="37.8033580" lon="-122.4649270">
    <ele>3.0</ele>
    <time>2026-05-03T21:27:10Z</time>
   </trkpt>
   <trkpt lat="37.8033610" lon="-122.4649440">
    <ele>3.0</ele>
    <time>2026-05-03T21:27:11Z</time>
   </trkpt>
   <trkpt lat="37.8033630" lon="-122.4650000">
    <ele>3.0</ele>
    <time>2026-05-03T21:27:12Z</time>
   </trkpt>
   <trkpt lat="37.8033640" lon="-122.4650240">
    <ele>3.0</ele>
    <time>2026-05-03T21:27:13Z</time>
   </trkpt>
   <trkpt lat="37.8033750" lon="-122.4650570">
    <ele>3.0</ele>
    <time>2026-05-03T21:27:14Z</time>
   </trkpt>
   <trkpt lat="37.8033830" lon="-122.4651070">
    <ele>3.0</ele>
    <time>2026-05-03T21:27:15Z</time>
   </trkpt>
   <trkpt lat="37.8033850" lon="-122.4651430">
    <ele>3.0</ele>
    <time>2026-05-03T21:27:16Z</time>
   </trkpt>
   <trkpt lat="37.8033860" lon="-122.4651800">
    <ele>3.0</ele>
    <time>2026-05-03T21:27:17Z</time>
   </trkpt>
   <trkpt lat="37.8033940" lon="-122.4652260">
    <ele>3.0</ele>
    <time>2026-05-03T21:27:18Z</time>
   </trkpt>
   <trkpt lat="37.8033990" lon="-122.4652610">
    <ele>3.0</ele>
    <time>2026-05-03T21:27:19Z</time>
   </trkpt>
   <trkpt lat="37.8034030" lon="-122.4653040">
    <ele>3.0</ele>
    <time>2026-05-03T21:27:20Z</time>
   </trkpt>
   <trkpt lat="37.8034100" lon="-122.4653500">
    <ele>3.0</ele>
    <time>2026-05-03T21:27:21Z</time>
   </trkpt>
   <trkpt lat="37.8034140" lon="-122.4653670">
    <ele>3.0</ele>
    <time>2026-05-03T21:27:22Z</time>
   </trkpt>
   <trkpt lat="37.8034110" lon="-122.4654090">
    <ele>3.0</ele>
    <time>2026-05-03T21:27:23Z</time>
   </trkpt>
   <trkpt lat="37.8034200" lon="-122.4654690">
    <ele>3.0</ele>
    <time>2026-05-03T21:27:24Z</time>
   </trkpt>
   <trkpt lat="37.8034200" lon="-122.4654950">
    <ele>3.0</ele>
    <time>2026-05-03T21:27:25Z</time>
   </trkpt>
   <trkpt lat="37.8034220" lon="-122.4655310">
    <ele>3.0</ele>
    <time>2026-05-03T21:27:26Z</time>
   </trkpt>
   <trkpt lat="37.8034280" lon="-122.4655680">
    <ele>3.1</ele>
    <time>2026-05-03T21:27:27Z</time>
   </trkpt>
   <trkpt lat="37.8034370" lon="-122.4656030">
    <ele>3.1</ele>
    <time>2026-05-03T21:27:28Z</time>
   </trkpt>
   <trkpt lat="37.8034430" lon="-122.4656490">
    <ele>3.1</ele>
    <time>2026-05-03T21:27:29Z</time>
   </trkpt>
   <trkpt lat="37.8034430" lon="-122.4656700">
    <ele>3.1</ele>
    <time>2026-05-03T21:27:30Z</time>
   </trkpt>
   <trkpt lat="37.8034500" lon="-122.4657240">
    <ele>3.1</ele>
    <time>2026-05-03T21:27:31Z</time>
   </trkpt>
   <trkpt lat="37.8034530" lon="-122.4657450">
    <ele>3.1</ele>
    <time>2026-05-03T21:27:32Z</time>
   </trkpt>
   <trkpt lat="37.8034570" lon="-122.4657820">
    <ele>3.1</ele>
    <time>2026-05-03T21:27:33Z</time>
   </trkpt>
   <trkpt lat="37.8034600" lon="-122.4658280">
    <ele>3.1</ele>
    <time>2026-05-03T21:27:35Z</time>
   </trkpt>
   <trkpt lat="37.8034610" lon="-122.4658650">
    <ele>3.1</ele>
    <time>2026-05-03T21:27:36Z</time>
   </trkpt>
   <trkpt lat="37.8034750" lon="-122.4659050">
    <ele>3.2</ele>
    <time>2026-05-03T21:27:37Z</time>
   </trkpt>
   <trkpt lat="37.8034760" lon="-122.4659470">
    <ele>3.2</ele>
    <time>2026-05-03T21:27:38Z</time>
   </trkpt>
   <trkpt lat="37.8034920" lon="-122.4659810">
    <ele>3.2</ele>
    <time>2026-05-03T21:27:39Z</time>
   </trkpt>
   <trkpt lat="37.8035010" lon="-122.4660180">
    <ele>3.2</ele>
    <time>2026-05-03T21:27:40Z</time>
   </trkpt>
   <trkpt lat="37.8034970" lon="-122.4660540">
    <ele>3.2</ele>
    <time>2026-05-03T21:27:41Z</time>
   </trkpt>
   <trkpt lat="37.8035070" lon="-122.4661050">
    <ele>3.2</ele>
    <time>2026-05-03T21:27:42Z</time>
   </trkpt>
   <trkpt lat="37.8035110" lon="-122.4661260">
    <ele>3.2</ele>
    <time>2026-05-03T21:27:43Z</time>
   </trkpt>
   <trkpt lat="37.8035140" lon="-122.4661720">
    <ele>3.2</ele>
    <time>2026-05-03T21:27:44Z</time>
   </trkpt>
   <trkpt lat="37.8035170" lon="-122.4661900">
    <ele>3.2</ele>
    <time>2026-05-03T21:27:45Z</time>
   </trkpt>
   <trkpt lat="37.8035250" lon="-122.4662310">
    <ele>3.2</ele>
    <time>2026-05-03T21:27:46Z</time>
   </trkpt>
   <trkpt lat="37.8035450" lon="-122.4662650">
    <ele>3.2</ele>
    <time>2026-05-03T21:27:47Z</time>
   </trkpt>
   <trkpt lat="37.8035520" lon="-122.4662980">
    <ele>3.3</ele>
    <time>2026-05-03T21:27:48Z</time>
   </trkpt>
   <trkpt lat="37.8035680" lon="-122.4663490">
    <ele>3.3</ele>
    <time>2026-05-03T21:27:49Z</time>
   </trkpt>
   <trkpt lat="37.8035730" lon="-122.4663680">
    <ele>3.3</ele>
    <time>2026-05-03T21:27:50Z</time>
   </trkpt>
   <trkpt lat="37.8035930" lon="-122.4664100">
    <ele>3.3</ele>
    <time>2026-05-03T21:27:51Z</time>
   </trkpt>
   <trkpt lat="37.8035990" lon="-122.4664270">
    <ele>3.3</ele>
    <time>2026-05-03T21:27:52Z</time>
   </trkpt>
   <trkpt lat="37.8036030" lon="-122.4664710">
    <ele>3.3</ele>
    <time>2026-05-03T21:27:53Z</time>
   </trkpt>
   <trkpt lat="37.8036060" lon="-122.4665490">
    <ele>3.3</ele>
    <time>2026-05-03T21:27:54Z</time>
   </trkpt>
   <trkpt lat="37.8036020" lon="-122.4665920">
    <ele>3.3</ele>
    <time>2026-05-03T21:27:55Z</time>
   </trkpt>
   <trkpt lat="37.8036080" lon="-122.4666360">
    <ele>3.4</ele>
    <time>2026-05-03T21:27:56Z</time>
   </trkpt>
   <trkpt lat="37.8036090" lon="-122.4666510">
    <ele>3.4</ele>
    <time>2026-05-03T21:27:57Z</time>
   </trkpt>
   <trkpt lat="37.8036160" lon="-122.4667010">
    <ele>3.4</ele>
    <time>2026-05-03T21:27:58Z</time>
   </trkpt>
   <trkpt lat="37.8036180" lon="-122.4667210">
    <ele>3.4</ele>
    <time>2026-05-03T21:27:59Z</time>
   </trkpt>
   <trkpt lat="37.8036210" lon="-122.4667590">
    <ele>3.4</ele>
    <time>2026-05-03T21:28:00Z</time>
   </trkpt>
   <trkpt lat="37.8036250" lon="-122.4668010">
    <ele>3.4</ele>
    <time>2026-05-03T21:28:01Z</time>
   </trkpt>
   <trkpt lat="37.8036340" lon="-122.4668340">
    <ele>3.5</ele>
    <time>2026-05-03T21:28:02Z</time>
   </trkpt>
   <trkpt lat="37.8036430" lon="-122.4668690">
    <ele>3.5</ele>
    <time>2026-05-03T21:28:03Z</time>
   </trkpt>
   <trkpt lat="37.8036470" lon="-122.4669030">
    <ele>3.5</ele>
    <time>2026-05-03T21:28:04Z</time>
   </trkpt>
   <trkpt lat="37.8036490" lon="-122.4669550">
    <ele>3.6</ele>
    <time>2026-05-03T21:28:05Z</time>
   </trkpt>
   <trkpt lat="37.8036500" lon="-122.4669730">
    <ele>3.6</ele>
    <time>2026-05-03T21:28:06Z</time>
   </trkpt>
   <trkpt lat="37.8036570" lon="-122.4670190">
    <ele>3.7</ele>
    <time>2026-05-03T21:28:07Z</time>
   </trkpt>
   <trkpt lat="37.8036530" lon="-122.4670390">
    <ele>3.7</ele>
    <time>2026-05-03T21:28:08Z</time>
   </trkpt>
   <trkpt lat="37.8036640" lon="-122.4670890">
    <ele>3.7</ele>
    <time>2026-05-03T21:28:09Z</time>
   </trkpt>
   <trkpt lat="37.8036650" lon="-122.4671090">
    <ele>3.7</ele>
    <time>2026-05-03T21:28:10Z</time>
   </trkpt>
   <trkpt lat="37.8036740" lon="-122.4671490">
    <ele>3.8</ele>
    <time>2026-05-03T21:28:11Z</time>
   </trkpt>
   <trkpt lat="37.8036800" lon="-122.4671890">
    <ele>3.8</ele>
    <time>2026-05-03T21:28:12Z</time>
   </trkpt>
   <trkpt lat="37.8036940" lon="-122.4672370">
    <ele>3.8</ele>
    <time>2026-05-03T21:28:13Z</time>
   </trkpt>
   <trkpt lat="37.8036970" lon="-122.4672560">
    <ele>3.8</ele>
    <time>2026-05-03T21:28:14Z</time>
   </trkpt>
   <trkpt lat="37.8037160" lon="-122.4672920">
    <ele>3.9</ele>
    <time>2026-05-03T21:28:15Z</time>
   </trkpt>
   <trkpt lat="37.8037180" lon="-122.4673090">
    <ele>3.9</ele>
    <time>2026-05-03T21:28:16Z</time>
   </trkpt>
   <trkpt lat="37.8037230" lon="-122.4673590">
    <ele>3.9</ele>
    <time>2026-05-03T21:28:17Z</time>
   </trkpt>
   <trkpt lat="37.8037440" lon="-122.4673860">
    <ele>3.9</ele>
    <time>2026-05-03T21:28:18Z</time>
   </trkpt>
   <trkpt lat="37.8037820" lon="-122.4674170">
    <ele>4.0</ele>
    <time>2026-05-03T21:28:19Z</time>
   </trkpt>
   <trkpt lat="37.8037970" lon="-122.4674290">
    <ele>4.0</ele>
    <time>2026-05-03T21:28:20Z</time>
   </trkpt>
   <trkpt lat="37.8038120" lon="-122.4674600">
    <ele>3.9</ele>
    <time>2026-05-03T21:28:21Z</time>
   </trkpt>
   <trkpt lat="37.8038360" lon="-122.4674960">
    <ele>3.9</ele>
    <time>2026-05-03T21:28:22Z</time>
   </trkpt>
   <trkpt lat="37.8038580" lon="-122.4675250">
    <ele>3.9</ele>
    <time>2026-05-03T21:28:23Z</time>
   </trkpt>
   <trkpt lat="37.8038880" lon="-122.4675590">
    <ele>3.9</ele>
    <time>2026-05-03T21:28:24Z</time>
   </trkpt>
   <trkpt lat="37.8039150" lon="-122.4675780">
    <ele>3.9</ele>
    <time>2026-05-03T21:28:25Z</time>
   </trkpt>
   <trkpt lat="37.8039400" lon="-122.4676060">
    <ele>3.9</ele>
    <time>2026-05-03T21:28:26Z</time>
   </trkpt>
   <trkpt lat="37.8039650" lon="-122.4676390">
    <ele>3.8</ele>
    <time>2026-05-03T21:28:27Z</time>
   </trkpt>
   <trkpt lat="37.8039930" lon="-122.4676630">
    <ele>3.8</ele>
    <time>2026-05-03T21:28:28Z</time>
   </trkpt>
   <trkpt lat="37.8040370" lon="-122.4676950">
    <ele>3.8</ele>
    <time>2026-05-03T21:28:29Z</time>
   </trkpt>
   <trkpt lat="37.8040640" lon="-122.4677040">
    <ele>3.8</ele>
    <time>2026-05-03T21:28:30Z</time>
   </trkpt>
   <trkpt lat="37.8040830" lon="-122.4677370">
    <ele>3.8</ele>
    <time>2026-05-03T21:28:31Z</time>
   </trkpt>
   <trkpt lat="37.8041050" lon="-122.4677670">
    <ele>3.7</ele>
    <time>2026-05-03T21:28:32Z</time>
   </trkpt>
   <trkpt lat="37.8041230" lon="-122.4678010">
    <ele>3.7</ele>
    <time>2026-05-03T21:28:33Z</time>
   </trkpt>
   <trkpt lat="37.8041610" lon="-122.4678180">
    <ele>3.7</ele>
    <time>2026-05-03T21:28:34Z</time>
   </trkpt>
   <trkpt lat="37.8041790" lon="-122.4678290">
    <ele>3.7</ele>
    <time>2026-05-03T21:28:35Z</time>
   </trkpt>
   <trkpt lat="37.8042010" lon="-122.4678490">
    <ele>3.7</ele>
    <time>2026-05-03T21:28:36Z</time>
   </trkpt>
   <trkpt lat="37.8042230" lon="-122.4678690">
    <ele>3.7</ele>
    <time>2026-05-03T21:28:37Z</time>
   </trkpt>
   <trkpt lat="37.8042440" lon="-122.4678960">
    <ele>3.6</ele>
    <time>2026-05-03T21:28:38Z</time>
   </trkpt>
   <trkpt lat="37.8042810" lon="-122.4679250">
    <ele>3.6</ele>
    <time>2026-05-03T21:28:39Z</time>
   </trkpt>
   <trkpt lat="37.8042970" lon="-122.4679340">
    <ele>3.6</ele>
    <time>2026-05-03T21:28:40Z</time>
   </trkpt>
   <trkpt lat="37.8043180" lon="-122.4679590">
    <ele>3.6</ele>
    <time>2026-05-03T21:28:41Z</time>
   </trkpt>
   <trkpt lat="37.8043420" lon="-122.4679750">
    <ele>3.6</ele>
    <time>2026-05-03T21:28:42Z</time>
   </trkpt>
   <trkpt lat="37.8043650" lon="-122.4679930">
    <ele>3.6</ele>
    <time>2026-05-03T21:28:43Z</time>
   </trkpt>
   <trkpt lat="37.8043920" lon="-122.4680140">
    <ele>3.6</ele>
    <time>2026-05-03T21:28:44Z</time>
   </trkpt>
   <trkpt lat="37.8044270" lon="-122.4680270">
    <ele>3.6</ele>
    <time>2026-05-03T21:28:45Z</time>
   </trkpt>
   <trkpt lat="37.8044540" lon="-122.4680380">
    <ele>3.6</ele>
    <time>2026-05-03T21:28:46Z</time>
   </trkpt>
   <trkpt lat="37.8044840" lon="-122.4680630">
    <ele>3.5</ele>
    <time>2026-05-03T21:28:47Z</time>
   </trkpt>
   <trkpt lat="37.8045150" lon="-122.4680920">
    <ele>3.5</ele>
    <time>2026-05-03T21:28:48Z</time>
   </trkpt>
   <trkpt lat="37.8045280" lon="-122.4681020">
    <ele>3.5</ele>
    <time>2026-05-03T21:28:49Z</time>
   </trkpt>
   <trkpt lat="37.8045560" lon="-122.4681140">
    <ele>3.5</ele>
    <time>2026-05-03T21:28:50Z</time>
   </trkpt>
   <trkpt lat="37.8045850" lon="-122.4681300">
    <ele>3.5</ele>
    <time>2026-05-03T21:28:51Z</time>
   </trkpt>
   <trkpt lat="37.8046250" lon="-122.4681580">
    <ele>3.5</ele>
    <time>2026-05-03T21:28:52Z</time>
   </trkpt>
   <trkpt lat="37.8046420" lon="-122.4681700">
    <ele>3.5</ele>
    <time>2026-05-03T21:28:53Z</time>
   </trkpt>
   <trkpt lat="37.8046680" lon="-122.4682000">
    <ele>3.5</ele>
    <time>2026-05-03T21:28:54Z</time>
   </trkpt>
   <trkpt lat="37.8046710" lon="-122.4682100">
    <ele>3.5</ele>
    <time>2026-05-03T21:28:55Z</time>
   </trkpt>
   <trkpt lat="37.8046970" lon="-122.4682250">
    <ele>3.5</ele>
    <time>2026-05-03T21:28:56Z</time>
   </trkpt>
   <trkpt lat="37.8047300" lon="-122.4682270">
    <ele>3.5</ele>
    <time>2026-05-03T21:28:57Z</time>
   </trkpt>
   <trkpt lat="37.8047680" lon="-122.4682410">
    <ele>3.5</ele>
    <time>2026-05-03T21:28:58Z</time>
   </trkpt>
   <trkpt lat="37.8048030" lon="-122.4682580">
    <ele>3.5</ele>
    <time>2026-05-03T21:28:59Z</time>
   </trkpt>
   <trkpt lat="37.8048420" lon="-122.4682760">
    <ele>3.4</ele>
    <time>2026-05-03T21:29:00Z</time>
   </trkpt>
   <trkpt lat="37.8048640" lon="-122.4682980">
    <ele>3.4</ele>
    <time>2026-05-03T21:29:01Z</time>
   </trkpt>
   <trkpt lat="37.8048790" lon="-122.4683060">
    <ele>3.4</ele>
    <time>2026-05-03T21:29:02Z</time>
   </trkpt>
   <trkpt lat="37.8049080" lon="-122.4683240">
    <ele>3.4</ele>
    <time>2026-05-03T21:29:03Z</time>
   </trkpt>
   <trkpt lat="37.8049520" lon="-122.4683310">
    <ele>3.4</ele>
    <time>2026-05-03T21:29:04Z</time>
   </trkpt>
   <trkpt lat="37.8049910" lon="-122.4683460">
    <ele>3.4</ele>
    <time>2026-05-03T21:29:05Z</time>
   </trkpt>
   <trkpt lat="37.8050100" lon="-122.4683670">
    <ele>3.4</ele>
    <time>2026-05-03T21:29:06Z</time>
   </trkpt>
   <trkpt lat="37.8050270" lon="-122.4683690">
    <ele>3.4</ele>
    <time>2026-05-03T21:29:07Z</time>
   </trkpt>
   <trkpt lat="37.8050610" lon="-122.4683940">
    <ele>3.4</ele>
    <time>2026-05-03T21:29:08Z</time>
   </trkpt>
   <trkpt lat="37.8050900" lon="-122.4684020">
    <ele>3.3</ele>
    <time>2026-05-03T21:29:09Z</time>
   </trkpt>
   <trkpt lat="37.8051260" lon="-122.4684150">
    <ele>3.3</ele>
    <time>2026-05-03T21:29:10Z</time>
   </trkpt>
   <trkpt lat="37.8051670" lon="-122.4684180">
    <ele>3.3</ele>
    <time>2026-05-03T21:29:11Z</time>
   </trkpt>
   <trkpt lat="37.8052060" lon="-122.4684370">
    <ele>3.3</ele>
    <time>2026-05-03T21:29:12Z</time>
   </trkpt>
   <trkpt lat="37.8052390" lon="-122.4684550">
    <ele>3.3</ele>
    <time>2026-05-03T21:29:13Z</time>
   </trkpt>
   <trkpt lat="37.8052740" lon="-122.4684740">
    <ele>3.3</ele>
    <time>2026-05-03T21:29:14Z</time>
   </trkpt>
   <trkpt lat="37.8052890" lon="-122.4684800">
    <ele>3.3</ele>
    <time>2026-05-03T21:29:15Z</time>
   </trkpt>
   <trkpt lat="37.8053160" lon="-122.4684910">
    <ele>3.3</ele>
    <time>2026-05-03T21:29:16Z</time>
   </trkpt>
   <trkpt lat="37.8053430" lon="-122.4684970">
    <ele>3.3</ele>
    <time>2026-05-03T21:29:17Z</time>
   </trkpt>
   <trkpt lat="37.8053660" lon="-122.4685170">
    <ele>3.3</ele>
    <time>2026-05-03T21:29:18Z</time>
   </trkpt>
   <trkpt lat="37.8053930" lon="-122.4685230">
    <ele>3.3</ele>
    <time>2026-05-03T21:29:19Z</time>
   </trkpt>
   <trkpt lat="37.8054190" lon="-122.4685350">
    <ele>3.3</ele>
    <time>2026-05-03T21:29:20Z</time>
   </trkpt>
   <trkpt lat="37.8054280" lon="-122.4685420">
    <ele>3.3</ele>
    <time>2026-05-03T21:29:21Z</time>
   </trkpt>
   <trkpt lat="37.8054700" lon="-122.4685500">
    <ele>3.3</ele>
    <time>2026-05-03T21:29:22Z</time>
   </trkpt>
   <trkpt lat="37.8054900" lon="-122.4685530">
    <ele>3.3</ele>
    <time>2026-05-03T21:29:23Z</time>
   </trkpt>
   <trkpt lat="37.8055180" lon="-122.4685660">
    <ele>3.3</ele>
    <time>2026-05-03T21:29:24Z</time>
   </trkpt>
   <trkpt lat="37.8055600" lon="-122.4685720">
    <ele>3.3</ele>
    <time>2026-05-03T21:29:25Z</time>
   </trkpt>
   <trkpt lat="37.8055980" lon="-122.4685890">
    <ele>3.3</ele>
    <time>2026-05-03T21:29:26Z</time>
   </trkpt>
   <trkpt lat="37.8056380" lon="-122.4685990">
    <ele>3.3</ele>
    <time>2026-05-03T21:29:27Z</time>
   </trkpt>
   <trkpt lat="37.8056530" lon="-122.4686050">
    <ele>3.3</ele>
    <time>2026-05-03T21:29:28Z</time>
   </trkpt>
   <trkpt lat="37.8056830" lon="-122.4686160">
    <ele>3.3</ele>
    <time>2026-05-03T21:29:29Z</time>
   </trkpt>
   <trkpt lat="37.8057160" lon="-122.4686240">
    <ele>3.3</ele>
    <time>2026-05-03T21:29:30Z</time>
   </trkpt>
   <trkpt lat="37.8057250" lon="-122.4686310">
    <ele>3.3</ele>
    <time>2026-05-03T21:29:31Z</time>
   </trkpt>
   <trkpt lat="37.8057740" lon="-122.4686340">
    <ele>3.3</ele>
    <time>2026-05-03T21:29:32Z</time>
   </trkpt>
   <trkpt lat="37.8058270" lon="-122.4686410">
    <ele>3.3</ele>
    <time>2026-05-03T21:29:33Z</time>
   </trkpt>
   <trkpt lat="37.8058570" lon="-122.4686590">
    <ele>3.3</ele>
    <time>2026-05-03T21:29:34Z</time>
   </trkpt>
   <trkpt lat="37.8058620" lon="-122.4686710">
    <ele>3.3</ele>
    <time>2026-05-03T21:29:35Z</time>
   </trkpt>
   <trkpt lat="37.8058950" lon="-122.4686760">
    <ele>3.4</ele>
    <time>2026-05-03T21:29:36Z</time>
   </trkpt>
   <trkpt lat="37.8059350" lon="-122.4686810">
    <ele>3.4</ele>
    <time>2026-05-03T21:29:37Z</time>
   </trkpt>
   <trkpt lat="37.8059630" lon="-122.4686930">
    <ele>3.4</ele>
    <time>2026-05-03T21:29:38Z</time>
   </trkpt>
   <trkpt lat="37.8059870" lon="-122.4687070">
    <ele>3.4</ele>
    <time>2026-05-03T21:29:39Z</time>
   </trkpt>
   <trkpt lat="37.8060110" lon="-122.4687020">
    <ele>3.4</ele>
    <time>2026-05-03T21:29:41Z</time>
   </trkpt>
   <trkpt lat="37.8060430" lon="-122.4687260">
    <ele>3.4</ele>
    <time>2026-05-03T21:29:42Z</time>
   </trkpt>
   <trkpt lat="37.8060750" lon="-122.4687450">
    <ele>3.4</ele>
    <time>2026-05-03T21:29:43Z</time>
   </trkpt>
   <trkpt lat="37.8060900" lon="-122.4687440">
    <ele>3.4</ele>
    <time>2026-05-03T21:29:44Z</time>
   </trkpt>
   <trkpt lat="37.8061270" lon="-122.4687530">
    <ele>3.4</ele>
    <time>2026-05-03T21:29:45Z</time>
   </trkpt>
   <trkpt lat="37.8061750" lon="-122.4687450">
    <ele>3.5</ele>
    <time>2026-05-03T21:29:46Z</time>
   </trkpt>
   <trkpt lat="37.8062090" lon="-122.4687560">
    <ele>3.5</ele>
    <time>2026-05-03T21:29:47Z</time>
   </trkpt>
   <trkpt lat="37.8062480" lon="-122.4687480">
    <ele>3.5</ele>
    <time>2026-05-03T21:29:48Z</time>
   </trkpt>
   <trkpt lat="37.8062650" lon="-122.4687460">
    <ele>3.5</ele>
    <time>2026-05-03T21:29:49Z</time>
   </trkpt>
   <trkpt lat="37.8062990" lon="-122.4687430">
    <ele>3.5</ele>
    <time>2026-05-03T21:29:50Z</time>
   </trkpt>
   <trkpt lat="37.8063290" lon="-122.4687240">
    <ele>3.5</ele>
    <time>2026-05-03T21:29:51Z</time>
   </trkpt>
   <trkpt lat="37.8063680" lon="-122.4687320">
    <ele>3.5</ele>
    <time>2026-05-03T21:29:52Z</time>
   </trkpt>
   <trkpt lat="37.8064040" lon="-122.4687400">
    <ele>3.5</ele>
    <time>2026-05-03T21:29:53Z</time>
   </trkpt>
   <trkpt lat="37.8064200" lon="-122.4687470">
    <ele>3.5</ele>
    <time>2026-05-03T21:29:54Z</time>
   </trkpt>
   <trkpt lat="37.8064390" lon="-122.4687790">
    <ele>3.5</ele>
    <time>2026-05-03T21:29:55Z</time>
   </trkpt>
   <trkpt lat="37.8064760" lon="-122.4687830">
    <ele>3.5</ele>
    <time>2026-05-03T21:29:56Z</time>
   </trkpt>
   <trkpt lat="37.8065090" lon="-122.4687990">
    <ele>3.5</ele>
    <time>2026-05-03T21:29:57Z</time>
   </trkpt>
   <trkpt lat="37.8065620" lon="-122.4688340">
    <ele>3.5</ele>
    <time>2026-05-03T21:29:58Z</time>
   </trkpt>
   <trkpt lat="37.8065910" lon="-122.4688450">
    <ele>3.5</ele>
    <time>2026-05-03T21:29:59Z</time>
   </trkpt>
   <trkpt lat="37.8066220" lon="-122.4688660">
    <ele>3.5</ele>
    <time>2026-05-03T21:30:00Z</time>
   </trkpt>
   <trkpt lat="37.8066530" lon="-122.4688790">
    <ele>3.5</ele>
    <time>2026-05-03T21:30:01Z</time>
   </trkpt>
   <trkpt lat="37.8066880" lon="-122.4688830">
    <ele>3.5</ele>
    <time>2026-05-03T21:30:02Z</time>
   </trkpt>
   <trkpt lat="37.8067140" lon="-122.4688980">
    <ele>3.5</ele>
    <time>2026-05-03T21:30:03Z</time>
   </trkpt>
   <trkpt lat="37.8067540" lon="-122.4688980">
    <ele>3.5</ele>
    <time>2026-05-03T21:30:04Z</time>
   </trkpt>
   <trkpt lat="37.8067710" lon="-122.4689040">
    <ele>3.5</ele>
    <time>2026-05-03T21:30:05Z</time>
   </trkpt>
   <trkpt lat="37.8067960" lon="-122.4689200">
    <ele>3.4</ele>
    <time>2026-05-03T21:30:06Z</time>
   </trkpt>
   <trkpt lat="37.8068310" lon="-122.4689410">
    <ele>3.4</ele>
    <time>2026-05-03T21:30:07Z</time>
   </trkpt>
   <trkpt lat="37.8068450" lon="-122.4689490">
    <ele>3.4</ele>
    <time>2026-05-03T21:30:08Z</time>
   </trkpt>
   <trkpt lat="37.8068800" lon="-122.4689600">
    <ele>3.4</ele>
    <time>2026-05-03T21:30:09Z</time>
   </trkpt>
   <trkpt lat="37.8069040" lon="-122.4689900">
    <ele>3.4</ele>
    <time>2026-05-03T21:30:10Z</time>
   </trkpt>
   <trkpt lat="37.8069170" lon="-122.4690000">
    <ele>3.4</ele>
    <time>2026-05-03T21:30:11Z</time>
   </trkpt>
   <trkpt lat="37.8069470" lon="-122.4690060">
    <ele>3.4</ele>
    <time>2026-05-03T21:30:12Z</time>
   </trkpt>
   <trkpt lat="37.8069750" lon="-122.4690260">
    <ele>3.4</ele>
    <time>2026-05-03T21:30:13Z</time>
   </trkpt>
   <trkpt lat="37.8070200" lon="-122.4690360">
    <ele>3.4</ele>
    <time>2026-05-03T21:30:14Z</time>
   </trkpt>
   <trkpt lat="37.8070450" lon="-122.4690550">
    <ele>3.4</ele>
    <time>2026-05-03T21:30:15Z</time>
   </trkpt>
   <trkpt lat="37.8070670" lon="-122.4690810">
    <ele>3.4</ele>
    <time>2026-05-03T21:30:16Z</time>
   </trkpt>
   <trkpt lat="37.8070790" lon="-122.4690900">
    <ele>3.4</ele>
    <time>2026-05-03T21:30:17Z</time>
   </trkpt>
   <trkpt lat="37.8071040" lon="-122.4691100">
    <ele>3.4</ele>
    <time>2026-05-03T21:30:18Z</time>
   </trkpt>
   <trkpt lat="37.8071180" lon="-122.4691390">
    <ele>3.4</ele>
    <time>2026-05-03T21:30:19Z</time>
   </trkpt>
   <trkpt lat="37.8071500" lon="-122.4691640">
    <ele>3.4</ele>
    <time>2026-05-03T21:30:20Z</time>
   </trkpt>
   <trkpt lat="37.8071630" lon="-122.4691710">
    <ele>3.4</ele>
    <time>2026-05-03T21:30:21Z</time>
   </trkpt>
   <trkpt lat="37.8072060" lon="-122.4691830">
    <ele>3.4</ele>
    <time>2026-05-03T21:30:22Z</time>
   </trkpt>
   <trkpt lat="37.8072350" lon="-122.4691990">
    <ele>3.4</ele>
    <time>2026-05-03T21:30:23Z</time>
   </trkpt>
   <trkpt lat="37.8072610" lon="-122.4692210">
    <ele>3.4</ele>
    <time>2026-05-03T21:30:24Z</time>
   </trkpt>
   <trkpt lat="37.8073040" lon="-122.4692320">
    <ele>3.4</ele>
    <time>2026-05-03T21:30:25Z</time>
   </trkpt>
   <trkpt lat="37.8073280" lon="-122.4692490">
    <ele>3.4</ele>
    <time>2026-05-03T21:30:26Z</time>
   </trkpt>
   <trkpt lat="37.8073550" lon="-122.4692740">
    <ele>3.4</ele>
    <time>2026-05-03T21:30:27Z</time>
   </trkpt>
   <trkpt lat="37.8073670" lon="-122.4692820">
    <ele>3.4</ele>
    <time>2026-05-03T21:30:28Z</time>
   </trkpt>
   <trkpt lat="37.8073920" lon="-122.4693010">
    <ele>3.4</ele>
    <time>2026-05-03T21:30:29Z</time>
   </trkpt>
   <trkpt lat="37.8074190" lon="-122.4693210">
    <ele>3.4</ele>
    <time>2026-05-03T21:30:30Z</time>
   </trkpt>
   <trkpt lat="37.8074520" lon="-122.4693560">
    <ele>3.4</ele>
    <time>2026-05-03T21:30:31Z</time>
   </trkpt>
   <trkpt lat="37.8074650" lon="-122.4693680">
    <ele>3.4</ele>
    <time>2026-05-03T21:30:32Z</time>
   </trkpt>
   <trkpt lat="37.8075060" lon="-122.4693830">
    <ele>3.4</ele>
    <time>2026-05-03T21:30:33Z</time>
   </trkpt>
   <trkpt lat="37.8075380" lon="-122.4694060">
    <ele>3.4</ele>
    <time>2026-05-03T21:30:34Z</time>
   </trkpt>
   <trkpt lat="37.8075520" lon="-122.4694180">
    <ele>3.4</ele>
    <time>2026-05-03T21:30:35Z</time>
   </trkpt>
   <trkpt lat="37.8075810" lon="-122.4694380">
    <ele>3.4</ele>
    <time>2026-05-03T21:30:36Z</time>
   </trkpt>
   <trkpt lat="37.8076090" lon="-122.4694730">
    <ele>3.3</ele>
    <time>2026-05-03T21:30:37Z</time>
   </trkpt>
   <trkpt lat="37.8076160" lon="-122.4694870">
    <ele>3.3</ele>
    <time>2026-05-03T21:30:38Z</time>
   </trkpt>
   <trkpt lat="37.8076400" lon="-122.4695200">
    <ele>3.3</ele>
    <time>2026-05-03T21:30:39Z</time>
   </trkpt>
   <trkpt lat="37.8076520" lon="-122.4695320">
    <ele>3.3</ele>
    <time>2026-05-03T21:30:40Z</time>
   </trkpt>
   <trkpt lat="37.8076730" lon="-122.4695680">
    <ele>3.3</ele>
    <time>2026-05-03T21:30:41Z</time>
   </trkpt>
   <trkpt lat="37.8077120" lon="-122.4695740">
    <ele>3.3</ele>
    <time>2026-05-03T21:30:42Z</time>
   </trkpt>
   <trkpt lat="37.8077360" lon="-122.4696090">
    <ele>3.3</ele>
    <time>2026-05-03T21:30:43Z</time>
   </trkpt>
   <trkpt lat="37.8077610" lon="-122.4696380">
    <ele>3.3</ele>
    <time>2026-05-03T21:30:44Z</time>
   </trkpt>
   <trkpt lat="37.8077750" lon="-122.4696530">
    <ele>3.3</ele>
    <time>2026-05-03T21:30:45Z</time>
   </trkpt>
   <trkpt lat="37.8078070" lon="-122.4696820">
    <ele>3.2</ele>
    <time>2026-05-03T21:30:46Z</time>
   </trkpt>
   <trkpt lat="37.8078160" lon="-122.4696980">
    <ele>3.2</ele>
    <time>2026-05-03T21:30:47Z</time>
   </trkpt>
   <trkpt lat="37.8078460" lon="-122.4697270">
    <ele>3.2</ele>
    <time>2026-05-03T21:30:48Z</time>
   </trkpt>
   <trkpt lat="37.8078760" lon="-122.4697590">
    <ele>3.2</ele>
    <time>2026-05-03T21:30:49Z</time>
   </trkpt>
   <trkpt lat="37.8078850" lon="-122.4697720">
    <ele>3.2</ele>
    <time>2026-05-03T21:30:50Z</time>
   </trkpt>
   <trkpt lat="37.8079120" lon="-122.4698050">
    <ele>3.2</ele>
    <time>2026-05-03T21:30:51Z</time>
   </trkpt>
   <trkpt lat="37.8079240" lon="-122.4698170">
    <ele>3.2</ele>
    <time>2026-05-03T21:30:52Z</time>
   </trkpt>
   <trkpt lat="37.8079500" lon="-122.4698460">
    <ele>3.1</ele>
    <time>2026-05-03T21:30:53Z</time>
   </trkpt>
   <trkpt lat="37.8079730" lon="-122.4698830">
    <ele>3.1</ele>
    <time>2026-05-03T21:30:54Z</time>
   </trkpt>
   <trkpt lat="37.8079790" lon="-122.4698970">
    <ele>3.1</ele>
    <time>2026-05-03T21:30:55Z</time>
   </trkpt>
   <trkpt lat="37.8079970" lon="-122.4699350">
    <ele>3.1</ele>
    <time>2026-05-03T21:30:56Z</time>
   </trkpt>
   <trkpt lat="37.8080220" lon="-122.4699540">
    <ele>3.1</ele>
    <time>2026-05-03T21:30:57Z</time>
   </trkpt>
   <trkpt lat="37.8080450" lon="-122.4699850">
    <ele>3.1</ele>
    <time>2026-05-03T21:30:58Z</time>
   </trkpt>
   <trkpt lat="37.8080760" lon="-122.4700190">
    <ele>3.2</ele>
    <time>2026-05-03T21:30:59Z</time>
   </trkpt>
   <trkpt lat="37.8080870" lon="-122.4700320">
    <ele>3.2</ele>
    <time>2026-05-03T21:31:00Z</time>
   </trkpt>
   <trkpt lat="37.8081080" lon="-122.4700610">
    <ele>3.2</ele>
    <time>2026-05-03T21:31:01Z</time>
   </trkpt>
   <trkpt lat="37.8081290" lon="-122.4700980">
    <ele>3.2</ele>
    <time>2026-05-03T21:31:02Z</time>
   </trkpt>
   <trkpt lat="37.8081530" lon="-122.4701350">
    <ele>3.2</ele>
    <time>2026-05-03T21:31:03Z</time>
   </trkpt>
   <trkpt lat="37.8081580" lon="-122.4701490">
    <ele>3.2</ele>
    <time>2026-05-03T21:31:04Z</time>
   </trkpt>
   <trkpt lat="37.8081800" lon="-122.4701770">
    <ele>3.2</ele>
    <time>2026-05-03T21:31:05Z</time>
   </trkpt>
   <trkpt lat="37.8082030" lon="-122.4702160">
    <ele>3.2</ele>
    <time>2026-05-03T21:31:06Z</time>
   </trkpt>
   <trkpt lat="37.8082110" lon="-122.4702320">
    <ele>3.2</ele>
    <time>2026-05-03T21:31:07Z</time>
   </trkpt>
   <trkpt lat="37.8082310" lon="-122.4702580">
    <ele>3.2</ele>
    <time>2026-05-03T21:31:08Z</time>
   </trkpt>
   <trkpt lat="37.8082490" lon="-122.4702860">
    <ele>3.2</ele>
    <time>2026-05-03T21:31:09Z</time>
   </trkpt>
   <trkpt lat="37.8082730" lon="-122.4703070">
    <ele>3.2</ele>
    <time>2026-05-03T21:31:10Z</time>
   </trkpt>
   <trkpt lat="37.8083020" lon="-122.4703370">
    <ele>3.3</ele>
    <time>2026-05-03T21:31:11Z</time>
   </trkpt>
   <trkpt lat="37.8083200" lon="-122.4703750">
    <ele>3.3</ele>
    <time>2026-05-03T21:31:12Z</time>
   </trkpt>
   <trkpt lat="37.8083400" lon="-122.4704000">
    <ele>3.3</ele>
    <time>2026-05-03T21:31:13Z</time>
   </trkpt>
   <trkpt lat="37.8083520" lon="-122.4704090">
    <ele>3.3</ele>
    <time>2026-05-03T21:31:14Z</time>
   </trkpt>
   <trkpt lat="37.8083710" lon="-122.4704420">
    <ele>3.3</ele>
    <time>2026-05-03T21:31:15Z</time>
   </trkpt>
   <trkpt lat="37.8083560" lon="-122.4704730">
    <ele>3.3</ele>
    <time>2026-05-03T21:31:16Z</time>
   </trkpt>
   <trkpt lat="37.8083220" lon="-122.4704740">
    <ele>3.3</ele>
    <time>2026-05-03T21:31:17Z</time>
   </trkpt>
   <trkpt lat="37.8082900" lon="-122.4704460">
    <ele>3.3</ele>
    <time>2026-05-03T21:31:18Z</time>
   </trkpt>
   <trkpt lat="37.8082760" lon="-122.4704020">
    <ele>3.3</ele>
    <time>2026-05-03T21:31:19Z</time>
   </trkpt>
   <trkpt lat="37.8082660" lon="-122.4703670">
    <ele>3.3</ele>
    <time>2026-05-03T21:31:20Z</time>
   </trkpt>
   <trkpt lat="37.8082480" lon="-122.4703250">
    <ele>3.2</ele>
    <time>2026-05-03T21:31:21Z</time>
   </trkpt>
   <trkpt lat="37.8082270" lon="-122.4702960">
    <ele>3.2</ele>
    <time>2026-05-03T21:31:22Z</time>
   </trkpt>
   <trkpt lat="37.8082050" lon="-122.4702520">
    <ele>3.2</ele>
    <time>2026-05-03T21:31:23Z</time>
   </trkpt>
   <trkpt lat="37.8082010" lon="-122.4702330">
    <ele>3.2</ele>
    <time>2026-05-03T21:31:24Z</time>
   </trkpt>
   <trkpt lat="37.8081750" lon="-122.4702080">
    <ele>3.2</ele>
    <time>2026-05-03T21:31:25Z</time>
   </trkpt>
   <trkpt lat="37.8081500" lon="-122.4701650">
    <ele>3.2</ele>
    <time>2026-05-03T21:31:26Z</time>
   </trkpt>
   <trkpt lat="37.8081380" lon="-122.4701490">
    <ele>3.2</ele>
    <time>2026-05-03T21:31:27Z</time>
   </trkpt>
   <trkpt lat="37.8081160" lon="-122.4701170">
    <ele>3.2</ele>
    <time>2026-05-03T21:31:28Z</time>
   </trkpt>
   <trkpt lat="37.8080820" lon="-122.4700720">
    <ele>3.2</ele>
    <time>2026-05-03T21:31:29Z</time>
   </trkpt>
   <trkpt lat="37.8080650" lon="-122.4700380">
    <ele>3.2</ele>
    <time>2026-05-03T21:31:30Z</time>
   </trkpt>
   <trkpt lat="37.8080380" lon="-122.4700150">
    <ele>3.2</ele>
    <time>2026-05-03T21:31:31Z</time>
   </trkpt>
   <trkpt lat="37.8080210" lon="-122.4699850">
    <ele>3.1</ele>
    <time>2026-05-03T21:31:32Z</time>
   </trkpt>
   <trkpt lat="37.8080110" lon="-122.4699820">
    <ele>3.1</ele>
    <time>2026-05-03T21:31:33Z</time>
   </trkpt>
   <trkpt lat="37.8079990" lon="-122.4699640">
    <ele>3.1</ele>
    <time>2026-05-03T21:31:34Z</time>
   </trkpt>
   <trkpt lat="37.8079710" lon="-122.4699450">
    <ele>3.1</ele>
    <time>2026-05-03T21:31:35Z</time>
   </trkpt>
   <trkpt lat="37.8079640" lon="-122.4699330">
    <ele>3.1</ele>
    <time>2026-05-03T21:31:36Z</time>
   </trkpt>
   <trkpt lat="37.8079310" lon="-122.4698970">
    <ele>3.1</ele>
    <time>2026-05-03T21:31:37Z</time>
   </trkpt>
   <trkpt lat="37.8079080" lon="-122.4698560">
    <ele>3.2</ele>
    <time>2026-05-03T21:31:38Z</time>
   </trkpt>
   <trkpt lat="37.8078810" lon="-122.4698280">
    <ele>3.2</ele>
    <time>2026-05-03T21:31:39Z</time>
   </trkpt>
   <trkpt lat="37.8078680" lon="-122.4698190">
    <ele>3.2</ele>
    <time>2026-05-03T21:31:40Z</time>
   </trkpt>
   <trkpt lat="37.8078370" lon="-122.4697850">
    <ele>3.2</ele>
    <time>2026-05-03T21:31:41Z</time>
   </trkpt>
   <trkpt lat="37.8078030" lon="-122.4697720">
    <ele>3.2</ele>
    <time>2026-05-03T21:31:42Z</time>
   </trkpt>
   <trkpt lat="37.8077900" lon="-122.4697600">
    <ele>3.2</ele>
    <time>2026-05-03T21:31:43Z</time>
   </trkpt>
   <trkpt lat="37.8077570" lon="-122.4697260">
    <ele>3.2</ele>
    <time>2026-05-03T21:31:44Z</time>
   </trkpt>
   <trkpt lat="37.8077410" lon="-122.4696950">
    <ele>3.3</ele>
    <time>2026-05-03T21:31:45Z</time>
   </trkpt>
   <trkpt lat="37.8077210" lon="-122.4696700">
    <ele>3.3</ele>
    <time>2026-05-03T21:31:47Z</time>
   </trkpt>
   <trkpt lat="37.8076850" lon="-122.4696410">
    <ele>3.3</ele>
    <time>2026-05-03T21:31:48Z</time>
   </trkpt>
   <trkpt lat="37.8076640" lon="-122.4696120">
    <ele>3.3</ele>
    <time>2026-05-03T21:31:49Z</time>
   </trkpt>
   <trkpt lat="37.8076420" lon="-122.4695790">
    <ele>3.3</ele>
    <time>2026-05-03T21:31:50Z</time>
   </trkpt>
   <trkpt lat="37.8076230" lon="-122.4695540">
    <ele>3.3</ele>
    <time>2026-05-03T21:31:51Z</time>
   </trkpt>
   <trkpt lat="37.8075990" lon="-122.4695360">
    <ele>3.3</ele>
    <time>2026-05-03T21:31:52Z</time>
   </trkpt>
   <trkpt lat="37.8075620" lon="-122.4695190">
    <ele>3.4</ele>
    <time>2026-05-03T21:31:53Z</time>
   </trkpt>
   <trkpt lat="37.8075360" lon="-122.4694860">
    <ele>3.4</ele>
    <time>2026-05-03T21:31:54Z</time>
   </trkpt>
   <trkpt lat="37.8075090" lon="-122.4694330">
    <ele>3.4</ele>
    <time>2026-05-03T21:31:55Z</time>
   </trkpt>
   <trkpt lat="37.8074770" lon="-122.4694040">
    <ele>3.4</ele>
    <time>2026-05-03T21:31:56Z</time>
   </trkpt>
   <trkpt lat="37.8074650" lon="-122.4693920">
    <ele>3.4</ele>
    <time>2026-05-03T21:31:57Z</time>
   </trkpt>
   <trkpt lat="37.8074370" lon="-122.4693760">
    <ele>3.4</ele>
    <time>2026-05-03T21:31:58Z</time>
   </trkpt>
   <trkpt lat="37.8074000" lon="-122.4693630">
    <ele>3.4</ele>
    <time>2026-05-03T21:31:59Z</time>
   </trkpt>
   <trkpt lat="37.8073720" lon="-122.4693430">
    <ele>3.4</ele>
    <time>2026-05-03T21:32:00Z</time>
   </trkpt>
   <trkpt lat="37.8073440" lon="-122.4693090">
    <ele>3.4</ele>
    <time>2026-05-03T21:32:01Z</time>
   </trkpt>
   <trkpt lat="37.8072920" lon="-122.4692850">
    <ele>3.4</ele>
    <time>2026-05-03T21:32:02Z</time>
   </trkpt>
   <trkpt lat="37.8072640" lon="-122.4692730">
    <ele>3.4</ele>
    <time>2026-05-03T21:32:03Z</time>
   </trkpt>
   <trkpt lat="37.8072380" lon="-122.4692580">
    <ele>3.4</ele>
    <time>2026-05-03T21:32:04Z</time>
   </trkpt>
   <trkpt lat="37.8072070" lon="-122.4692300">
    <ele>3.4</ele>
    <time>2026-05-03T21:32:05Z</time>
   </trkpt>
   <trkpt lat="37.8071770" lon="-122.4692220">
    <ele>3.4</ele>
    <time>2026-05-03T21:32:06Z</time>
   </trkpt>
   <trkpt lat="37.8071500" lon="-122.4691990">
    <ele>3.4</ele>
    <time>2026-05-03T21:32:07Z</time>
   </trkpt>
   <trkpt lat="37.8071200" lon="-122.4691820">
    <ele>3.4</ele>
    <time>2026-05-03T21:32:08Z</time>
   </trkpt>
   <trkpt lat="37.8070940" lon="-122.4691710">
    <ele>3.4</ele>
    <time>2026-05-03T21:32:09Z</time>
   </trkpt>
   <trkpt lat="37.8070640" lon="-122.4691630">
    <ele>3.4</ele>
    <time>2026-05-03T21:32:10Z</time>
   </trkpt>
   <trkpt lat="37.8070460" lon="-122.4691330">
    <ele>3.4</ele>
    <time>2026-05-03T21:32:11Z</time>
   </trkpt>
   <trkpt lat="37.8070190" lon="-122.4691080">
    <ele>3.4</ele>
    <time>2026-05-03T21:32:12Z</time>
   </trkpt>
   <trkpt lat="37.8069840" lon="-122.4690880">
    <ele>3.4</ele>
    <time>2026-05-03T21:32:13Z</time>
   </trkpt>
   <trkpt lat="37.8069590" lon="-122.4690740">
    <ele>3.4</ele>
    <time>2026-05-03T21:32:14Z</time>
   </trkpt>
   <trkpt lat="37.8069150" lon="-122.4690470">
    <ele>3.4</ele>
    <time>2026-05-03T21:32:15Z</time>
   </trkpt>
   <trkpt lat="37.8068920" lon="-122.4690380">
    <ele>3.4</ele>
    <time>2026-05-03T21:32:16Z</time>
   </trkpt>
   <trkpt lat="37.8068650" lon="-122.4690290">
    <ele>3.4</ele>
    <time>2026-05-03T21:32:17Z</time>
   </trkpt>
   <trkpt lat="37.8068220" lon="-122.4690100">
    <ele>3.4</ele>
    <time>2026-05-03T21:32:18Z</time>
   </trkpt>
   <trkpt lat="37.8067890" lon="-122.4689850">
    <ele>3.4</ele>
    <time>2026-05-03T21:32:19Z</time>
   </trkpt>
   <trkpt lat="37.8067730" lon="-122.4689760">
    <ele>3.5</ele>
    <time>2026-05-03T21:32:20Z</time>
   </trkpt>
   <trkpt lat="37.8067460" lon="-122.4689560">
    <ele>3.5</ele>
    <time>2026-05-03T21:32:21Z</time>
   </trkpt>
   <trkpt lat="37.8067120" lon="-122.4689490">
    <ele>3.5</ele>
    <time>2026-05-03T21:32:22Z</time>
   </trkpt>
   <trkpt lat="37.8067010" lon="-122.4689470">
    <ele>3.5</ele>
    <time>2026-05-03T21:32:23Z</time>
   </trkpt>
   <trkpt lat="37.8066640" lon="-122.4689300">
    <ele>3.5</ele>
    <time>2026-05-03T21:32:24Z</time>
   </trkpt>
   <trkpt lat="37.8066520" lon="-122.4689190">
    <ele>3.5</ele>
    <time>2026-05-03T21:32:25Z</time>
   </trkpt>
   <trkpt lat="37.8066180" lon="-122.4689070">
    <ele>3.5</ele>
    <time>2026-05-03T21:32:26Z</time>
   </trkpt>
   <trkpt lat="37.8065830" lon="-122.4688790">
    <ele>3.5</ele>
    <time>2026-05-03T21:32:27Z</time>
   </trkpt>
   <trkpt lat="37.8065670" lon="-122.4688720">
    <ele>3.5</ele>
    <time>2026-05-03T21:32:28Z</time>
   </trkpt>
   <trkpt lat="37.8065320" lon="-122.4688500">
    <ele>3.5</ele>
    <time>2026-05-03T21:32:29Z</time>
   </trkpt>
   <trkpt lat="37.8065160" lon="-122.4688360">
    <ele>3.5</ele>
    <time>2026-05-03T21:32:30Z</time>
   </trkpt>
   <trkpt lat="37.8064920" lon="-122.4688140">
    <ele>3.5</ele>
    <time>2026-05-03T21:32:31Z</time>
   </trkpt>
   <trkpt lat="37.8064530" lon="-122.4688040">
    <ele>3.5</ele>
    <time>2026-05-03T21:32:32Z</time>
   </trkpt>
   <trkpt lat="37.8064380" lon="-122.4688040">
    <ele>3.5</ele>
    <time>2026-05-03T21:32:33Z</time>
   </trkpt>
   <trkpt lat="37.8064120" lon="-122.4687910">
    <ele>3.5</ele>
    <time>2026-05-03T21:32:34Z</time>
   </trkpt>
   <trkpt lat="37.8063770" lon="-122.4688020">
    <ele>3.5</ele>
    <time>2026-05-03T21:32:35Z</time>
   </trkpt>
   <trkpt lat="37.8063420" lon="-122.4688050">
    <ele>3.5</ele>
    <time>2026-05-03T21:32:36Z</time>
   </trkpt>
   <trkpt lat="37.8063130" lon="-122.4688220">
    <ele>3.5</ele>
    <time>2026-05-03T21:32:37Z</time>
   </trkpt>
   <trkpt lat="37.8062840" lon="-122.4688060">
    <ele>3.5</ele>
    <time>2026-05-03T21:32:38Z</time>
   </trkpt>
   <trkpt lat="37.8062510" lon="-122.4687950">
    <ele>3.5</ele>
    <time>2026-05-03T21:32:39Z</time>
   </trkpt>
   <trkpt lat="37.8062210" lon="-122.4687840">
    <ele>3.5</ele>
    <time>2026-05-03T21:32:40Z</time>
   </trkpt>
   <trkpt lat="37.8061850" lon="-122.4687790">
    <ele>3.5</ele>
    <time>2026-05-03T21:32:41Z</time>
   </trkpt>
   <trkpt lat="37.8061560" lon="-122.4687670">
    <ele>3.5</ele>
    <time>2026-05-03T21:32:42Z</time>
   </trkpt>
   <trkpt lat="37.8061280" lon="-122.4687550">
    <ele>3.4</ele>
    <time>2026-05-03T21:32:43Z</time>
   </trkpt>
   <trkpt lat="37.8060870" lon="-122.4687500">
    <ele>3.4</ele>
    <time>2026-05-03T21:32:44Z</time>
   </trkpt>
   <trkpt lat="37.8060590" lon="-122.4687440">
    <ele>3.4</ele>
    <time>2026-05-03T21:32:45Z</time>
   </trkpt>
   <trkpt lat="37.8060230" lon="-122.4687330">
    <ele>3.4</ele>
    <time>2026-05-03T21:32:46Z</time>
   </trkpt>
   <trkpt lat="37.8059860" lon="-122.4687210">
    <ele>3.4</ele>
    <time>2026-05-03T21:32:47Z</time>
   </trkpt>
   <trkpt lat="37.8059520" lon="-122.4687060">
    <ele>3.4</ele>
    <time>2026-05-03T21:32:48Z</time>
   </trkpt>
   <trkpt lat="37.8059210" lon="-122.4687040">
    <ele>3.4</ele>
    <time>2026-05-03T21:32:49Z</time>
   </trkpt>
   <trkpt lat="37.8058890" lon="-122.4687010">
    <ele>3.4</ele>
    <time>2026-05-03T21:32:50Z</time>
   </trkpt>
   <trkpt lat="37.8058530" lon="-122.4686980">
    <ele>3.3</ele>
    <time>2026-05-03T21:32:51Z</time>
   </trkpt>
   <trkpt lat="37.8058290" lon="-122.4686770">
    <ele>3.3</ele>
    <time>2026-05-03T21:32:52Z</time>
   </trkpt>
   <trkpt lat="37.8057870" lon="-122.4686710">
    <ele>3.3</ele>
    <time>2026-05-03T21:32:53Z</time>
   </trkpt>
   <trkpt lat="37.8057500" lon="-122.4686680">
    <ele>3.3</ele>
    <time>2026-05-03T21:32:54Z</time>
   </trkpt>
   <trkpt lat="37.8057140" lon="-122.4686650">
    <ele>3.3</ele>
    <time>2026-05-03T21:32:55Z</time>
   </trkpt>
   <trkpt lat="37.8057010" lon="-122.4686620">
    <ele>3.3</ele>
    <time>2026-05-03T21:32:56Z</time>
   </trkpt>
   <trkpt lat="37.8056670" lon="-122.4686660">
    <ele>3.3</ele>
    <time>2026-05-03T21:32:57Z</time>
   </trkpt>
   <trkpt lat="37.8056330" lon="-122.4686610">
    <ele>3.3</ele>
    <time>2026-05-03T21:32:58Z</time>
   </trkpt>
   <trkpt lat="37.8055960" lon="-122.4686420">
    <ele>3.3</ele>
    <time>2026-05-03T21:32:59Z</time>
   </trkpt>
   <trkpt lat="37.8055680" lon="-122.4686260">
    <ele>3.3</ele>
    <time>2026-05-03T21:33:00Z</time>
   </trkpt>
   <trkpt lat="37.8055320" lon="-122.4686220">
    <ele>3.3</ele>
    <time>2026-05-03T21:33:01Z</time>
   </trkpt>
   <trkpt lat="37.8055000" lon="-122.4685950">
    <ele>3.3</ele>
    <time>2026-05-03T21:33:02Z</time>
   </trkpt>
   <trkpt lat="37.8054720" lon="-122.4685900">
    <ele>3.3</ele>
    <time>2026-05-03T21:33:03Z</time>
   </trkpt>
   <trkpt lat="37.8054370" lon="-122.4685810">
    <ele>3.3</ele>
    <time>2026-05-03T21:33:04Z</time>
   </trkpt>
   <trkpt lat="37.8053960" lon="-122.4685680">
    <ele>3.3</ele>
    <time>2026-05-03T21:33:05Z</time>
   </trkpt>
   <trkpt lat="37.8053790" lon="-122.4685680">
    <ele>3.3</ele>
    <time>2026-05-03T21:33:06Z</time>
   </trkpt>
   <trkpt lat="37.8053490" lon="-122.4685530">
    <ele>3.3</ele>
    <time>2026-05-03T21:33:07Z</time>
   </trkpt>
   <trkpt lat="37.8053200" lon="-122.4685220">
    <ele>3.3</ele>
    <time>2026-05-03T21:33:08Z</time>
   </trkpt>
   <trkpt lat="37.8052920" lon="-122.4685140">
    <ele>3.3</ele>
    <time>2026-05-03T21:33:09Z</time>
   </trkpt>
   <trkpt lat="37.8052620" lon="-122.4685000">
    <ele>3.3</ele>
    <time>2026-05-03T21:33:10Z</time>
   </trkpt>
   <trkpt lat="37.8052300" lon="-122.4684820">
    <ele>3.3</ele>
    <time>2026-05-03T21:33:11Z</time>
   </trkpt>
   <trkpt lat="37.8052020" lon="-122.4684720">
    <ele>3.3</ele>
    <time>2026-05-03T21:33:12Z</time>
   </trkpt>
   <trkpt lat="37.8051590" lon="-122.4684540">
    <ele>3.3</ele>
    <time>2026-05-03T21:33:13Z</time>
   </trkpt>
   <trkpt lat="37.8051370" lon="-122.4684530">
    <ele>3.3</ele>
    <time>2026-05-03T21:33:14Z</time>
   </trkpt>
   <trkpt lat="37.8050980" lon="-122.4684230">
    <ele>3.3</ele>
    <time>2026-05-03T21:33:15Z</time>
   </trkpt>
   <trkpt lat="37.8050800" lon="-122.4684110">
    <ele>3.3</ele>
    <time>2026-05-03T21:33:16Z</time>
   </trkpt>
   <trkpt lat="37.8050500" lon="-122.4684050">
    <ele>3.4</ele>
    <time>2026-05-03T21:33:17Z</time>
   </trkpt>
   <trkpt lat="37.8050090" lon="-122.4683890">
    <ele>3.4</ele>
    <time>2026-05-03T21:33:18Z</time>
   </trkpt>
   <trkpt lat="37.8049910" lon="-122.4683820">
    <ele>3.4</ele>
    <time>2026-05-03T21:33:19Z</time>
   </trkpt>
   <trkpt lat="37.8049440" lon="-122.4683650">
    <ele>3.4</ele>
    <time>2026-05-03T21:33:20Z</time>
   </trkpt>
   <trkpt lat="37.8049100" lon="-122.4683500">
    <ele>3.4</ele>
    <time>2026-05-03T21:33:21Z</time>
   </trkpt>
   <trkpt lat="37.8048800" lon="-122.4683270">
    <ele>3.4</ele>
    <time>2026-05-03T21:33:22Z</time>
   </trkpt>
   <trkpt lat="37.8048660" lon="-122.4683240">
    <ele>3.4</ele>
    <time>2026-05-03T21:33:23Z</time>
   </trkpt>
   <trkpt lat="37.8048340" lon="-122.4683100">
    <ele>3.4</ele>
    <time>2026-05-03T21:33:24Z</time>
   </trkpt>
   <trkpt lat="37.8047980" lon="-122.4682890">
    <ele>3.5</ele>
    <time>2026-05-03T21:33:25Z</time>
   </trkpt>
   <trkpt lat="37.8047840" lon="-122.4682830">
    <ele>3.5</ele>
    <time>2026-05-03T21:33:26Z</time>
   </trkpt>
   <trkpt lat="37.8047570" lon="-122.4682520">
    <ele>3.5</ele>
    <time>2026-05-03T21:33:27Z</time>
   </trkpt>
   <trkpt lat="37.8047250" lon="-122.4682450">
    <ele>3.5</ele>
    <time>2026-05-03T21:33:28Z</time>
   </trkpt>
   <trkpt lat="37.8047010" lon="-122.4682160">
    <ele>3.5</ele>
    <time>2026-05-03T21:33:29Z</time>
   </trkpt>
   <trkpt lat="37.8046660" lon="-122.4681980">
    <ele>3.5</ele>
    <time>2026-05-03T21:33:30Z</time>
   </trkpt>
   <trkpt lat="37.8046340" lon="-122.4681870">
    <ele>3.5</ele>
    <time>2026-05-03T21:33:31Z</time>
   </trkpt>
   <trkpt lat="37.8046170" lon="-122.4681850">
    <ele>3.5</ele>
    <time>2026-05-03T21:33:32Z</time>
   </trkpt>
   <trkpt lat="37.8045900" lon="-122.4681630">
    <ele>3.5</ele>
    <time>2026-05-03T21:33:33Z</time>
   </trkpt>
   <trkpt lat="37.8045550" lon="-122.4681380">
    <ele>3.5</ele>
    <time>2026-05-03T21:33:34Z</time>
   </trkpt>
   <trkpt lat="37.8045220" lon="-122.4681170">
    <ele>3.5</ele>
    <time>2026-05-03T21:33:35Z</time>
   </trkpt>
   <trkpt lat="37.8045100" lon="-122.4681150">
    <ele>3.5</ele>
    <time>2026-05-03T21:33:36Z</time>
   </trkpt>
   <trkpt lat="37.8044690" lon="-122.4680960">
    <ele>3.5</ele>
    <time>2026-05-03T21:33:37Z</time>
   </trkpt>
   <trkpt lat="37.8044360" lon="-122.4680870">
    <ele>3.5</ele>
    <time>2026-05-03T21:33:38Z</time>
   </trkpt>
   <trkpt lat="37.8044120" lon="-122.4680650">
    <ele>3.6</ele>
    <time>2026-05-03T21:33:39Z</time>
   </trkpt>
   <trkpt lat="37.8043830" lon="-122.4680380">
    <ele>3.6</ele>
    <time>2026-05-03T21:33:40Z</time>
   </trkpt>
   <trkpt lat="37.8043590" lon="-122.4680190">
    <ele>3.6</ele>
    <time>2026-05-03T21:33:41Z</time>
   </trkpt>
   <trkpt lat="37.8043190" lon="-122.4679960">
    <ele>3.6</ele>
    <time>2026-05-03T21:33:42Z</time>
   </trkpt>
   <trkpt lat="37.8042930" lon="-122.4679710">
    <ele>3.6</ele>
    <time>2026-05-03T21:33:43Z</time>
   </trkpt>
   <trkpt lat="37.8042610" lon="-122.4679600">
    <ele>3.6</ele>
    <time>2026-05-03T21:33:44Z</time>
   </trkpt>
   <trkpt lat="37.8042390" lon="-122.4679180">
    <ele>3.6</ele>
    <time>2026-05-03T21:33:45Z</time>
   </trkpt>
   <trkpt lat="37.8042070" lon="-122.4679010">
    <ele>3.7</ele>
    <time>2026-05-03T21:33:46Z</time>
   </trkpt>
   <trkpt lat="37.8041710" lon="-122.4678780">
    <ele>3.7</ele>
    <time>2026-05-03T21:33:47Z</time>
   </trkpt>
   <trkpt lat="37.8041420" lon="-122.4678510">
    <ele>3.7</ele>
    <time>2026-05-03T21:33:48Z</time>
   </trkpt>
   <trkpt lat="37.8041050" lon="-122.4678210">
    <ele>3.7</ele>
    <time>2026-05-03T21:33:49Z</time>
   </trkpt>
   <trkpt lat="37.8040890" lon="-122.4678090">
    <ele>3.7</ele>
    <time>2026-05-03T21:33:50Z</time>
   </trkpt>
   <trkpt lat="37.8040690" lon="-122.4677690">
    <ele>3.8</ele>
    <time>2026-05-03T21:33:51Z</time>
   </trkpt>
   <trkpt lat="37.8040600" lon="-122.4677570">
    <ele>3.8</ele>
    <time>2026-05-03T21:33:52Z</time>
   </trkpt>
   <trkpt lat="37.8040350" lon="-122.4677420">
    <ele>3.8</ele>
    <time>2026-05-03T21:33:53Z</time>
   </trkpt>
   <trkpt lat="37.8040080" lon="-122.4677300">
    <ele>3.8</ele>
    <time>2026-05-03T21:33:54Z</time>
   </trkpt>
   <trkpt lat="37.8039770" lon="-122.4676920">
    <ele>3.8</ele>
    <time>2026-05-03T21:33:55Z</time>
   </trkpt>
   <trkpt lat="37.8039510" lon="-122.4676770">
    <ele>3.8</ele>
    <time>2026-05-03T21:33:56Z</time>
   </trkpt>
   <trkpt lat="37.8039280" lon="-122.4676520">
    <ele>3.8</ele>
    <time>2026-05-03T21:33:57Z</time>
   </trkpt>
   <trkpt lat="37.8039190" lon="-122.4676160">
    <ele>3.9</ele>
    <time>2026-05-03T21:33:58Z</time>
   </trkpt>
   <trkpt lat="37.8038870" lon="-122.4676000">
    <ele>3.9</ele>
    <time>2026-05-03T21:33:59Z</time>
   </trkpt>
   <trkpt lat="37.8038550" lon="-122.4675650">
    <ele>3.9</ele>
    <time>2026-05-03T21:34:00Z</time>
   </trkpt>
   <trkpt lat="37.8038410" lon="-122.4675540">
    <ele>3.9</ele>
    <time>2026-05-03T21:34:01Z</time>
   </trkpt>
   <trkpt lat="37.8038120" lon="-122.4675160">
    <ele>3.9</ele>
    <time>2026-05-03T21:34:02Z</time>
   </trkpt>
   <trkpt lat="37.8037880" lon="-122.4674760">
    <ele>4.0</ele>
    <time>2026-05-03T21:34:03Z</time>
   </trkpt>
   <trkpt lat="37.8037760" lon="-122.4674610">
    <ele>4.0</ele>
    <time>2026-05-03T21:34:04Z</time>
   </trkpt>
   <trkpt lat="37.8037520" lon="-122.4674170">
    <ele>3.9</ele>
    <time>2026-05-03T21:34:05Z</time>
   </trkpt>
   <trkpt lat="37.8037410" lon="-122.4673990">
    <ele>3.9</ele>
    <time>2026-05-03T21:34:06Z</time>
   </trkpt>
   <trkpt lat="37.8037330" lon="-122.4673520">
    <ele>3.9</ele>
    <time>2026-05-03T21:34:07Z</time>
   </trkpt>
   <trkpt lat="37.8037200" lon="-122.4673160">
    <ele>3.9</ele>
    <time>2026-05-03T21:34:08Z</time>
   </trkpt>
   <trkpt lat="37.8037060" lon="-122.4673030">
    <ele>3.9</ele>
    <time>2026-05-03T21:34:09Z</time>
   </trkpt>
   <trkpt lat="37.8036890" lon="-122.4672590">
    <ele>3.8</ele>
    <time>2026-05-03T21:34:10Z</time>
   </trkpt>
   <trkpt lat="37.8036820" lon="-122.4672070">
    <ele>3.8</ele>
    <time>2026-05-03T21:34:11Z</time>
   </trkpt>
   <trkpt lat="37.8036790" lon="-122.4671860">
    <ele>3.8</ele>
    <time>2026-05-03T21:34:12Z</time>
   </trkpt>
   <trkpt lat="37.8036760" lon="-122.4671440">
    <ele>3.8</ele>
    <time>2026-05-03T21:34:13Z</time>
   </trkpt>
   <trkpt lat="37.8036660" lon="-122.4671040">
    <ele>3.7</ele>
    <time>2026-05-03T21:34:14Z</time>
   </trkpt>
   <trkpt lat="37.8036600" lon="-122.4670610">
    <ele>3.7</ele>
    <time>2026-05-03T21:34:15Z</time>
   </trkpt>
   <trkpt lat="37.8036460" lon="-122.4670260">
    <ele>3.7</ele>
    <time>2026-05-03T21:34:16Z</time>
   </trkpt>
   <trkpt lat="37.8036410" lon="-122.4669870">
    <ele>3.6</ele>
    <time>2026-05-03T21:34:17Z</time>
   </trkpt>
   <trkpt lat="37.8036410" lon="-122.4669530">
    <ele>3.6</ele>
    <time>2026-05-03T21:34:18Z</time>
   </trkpt>
   <trkpt lat="37.8036400" lon="-122.4669130">
    <ele>3.5</ele>
    <time>2026-05-03T21:34:19Z</time>
   </trkpt>
   <trkpt lat="37.8036390" lon="-122.4668650">
    <ele>3.5</ele>
    <time>2026-05-03T21:34:20Z</time>
   </trkpt>
   <trkpt lat="37.8036350" lon="-122.4668280">
    <ele>3.5</ele>
    <time>2026-05-03T21:34:21Z</time>
   </trkpt>
   <trkpt lat="37.8036250" lon="-122.4667800">
    <ele>3.4</ele>
    <time>2026-05-03T21:34:22Z</time>
   </trkpt>
   <trkpt lat="37.8036210" lon="-122.4667640">
    <ele>3.4</ele>
    <time>2026-05-03T21:34:23Z</time>
   </trkpt>
   <trkpt lat="37.8036210" lon="-122.4667210">
    <ele>3.4</ele>
    <time>2026-05-03T21:34:24Z</time>
   </trkpt>
   <trkpt lat="37.8036090" lon="-122.4666680">
    <ele>3.4</ele>
    <time>2026-05-03T21:34:25Z</time>
   </trkpt>
   <trkpt lat="37.8036060" lon="-122.4666280">
    <ele>3.4</ele>
    <time>2026-05-03T21:34:26Z</time>
   </trkpt>
   <trkpt lat="37.8035940" lon="-122.4665850">
    <ele>3.3</ele>
    <time>2026-05-03T21:34:27Z</time>
   </trkpt>
   <trkpt lat="37.8035810" lon="-122.4665450">
    <ele>3.3</ele>
    <time>2026-05-03T21:34:28Z</time>
   </trkpt>
   <trkpt lat="37.8035850" lon="-122.4665020">
    <ele>3.3</ele>
    <time>2026-05-03T21:34:29Z</time>
   </trkpt>
   <trkpt lat="37.8035930" lon="-122.4664690">
    <ele>3.3</ele>
    <time>2026-05-03T21:34:30Z</time>
   </trkpt>
   <trkpt lat="37.8035880" lon="-122.4664270">
    <ele>3.3</ele>
    <time>2026-05-03T21:34:31Z</time>
   </trkpt>
   <trkpt lat="37.8035880" lon="-122.4664040">
    <ele>3.3</ele>
    <time>2026-05-03T21:34:32Z</time>
   </trkpt>
   <trkpt lat="37.8035790" lon="-122.4663660">
    <ele>3.3</ele>
    <time>2026-05-03T21:34:33Z</time>
   </trkpt>
   <trkpt lat="37.8035640" lon="-122.4663110">
    <ele>3.3</ele>
    <time>2026-05-03T21:34:34Z</time>
   </trkpt>
   <trkpt lat="37.8035550" lon="-122.4662900">
    <ele>3.3</ele>
    <time>2026-05-03T21:34:35Z</time>
   </trkpt>
   <trkpt lat="37.8035400" lon="-122.4662450">
    <ele>3.2</ele>
    <time>2026-05-03T21:34:36Z</time>
   </trkpt>
   <trkpt lat="37.8035320" lon="-122.4662120">
    <ele>3.2</ele>
    <time>2026-05-03T21:34:37Z</time>
   </trkpt>
   <trkpt lat="37.8035360" lon="-122.4661760">
    <ele>3.2</ele>
    <time>2026-05-03T21:34:38Z</time>
   </trkpt>
   <trkpt lat="37.8035300" lon="-122.4661410">
    <ele>3.2</ele>
    <time>2026-05-03T21:34:39Z</time>
   </trkpt>
   <trkpt lat="37.8035250" lon="-122.4661040">
    <ele>3.2</ele>
    <time>2026-05-03T21:34:40Z</time>
   </trkpt>
   <trkpt lat="37.8035130" lon="-122.4660660">
    <ele>3.2</ele>
    <time>2026-05-03T21:34:41Z</time>
   </trkpt>
   <trkpt lat="37.8035100" lon="-122.4660280">
    <ele>3.2</ele>
    <time>2026-05-03T21:34:42Z</time>
   </trkpt>
   <trkpt lat="37.8035040" lon="-122.4659910">
    <ele>3.2</ele>
    <time>2026-05-03T21:34:43Z</time>
   </trkpt>
   <trkpt lat="37.8034990" lon="-122.4659490">
    <ele>3.2</ele>
    <time>2026-05-03T21:34:44Z</time>
   </trkpt>
   <trkpt lat="37.8034840" lon="-122.4659010">
    <ele>3.2</ele>
    <time>2026-05-03T21:34:45Z</time>
   </trkpt>
   <trkpt lat="37.8034870" lon="-122.4658620">
    <ele>3.1</ele>
    <time>2026-05-03T21:34:46Z</time>
   </trkpt>
   <trkpt lat="37.8034790" lon="-122.4658270">
    <ele>3.1</ele>
    <time>2026-05-03T21:34:47Z</time>
   </trkpt>
   <trkpt lat="37.8034740" lon="-122.4657890">
    <ele>3.1</ele>
    <time>2026-05-03T21:34:48Z</time>
   </trkpt>
   <trkpt lat="37.8034730" lon="-122.4657550">
    <ele>3.1</ele>
    <time>2026-05-03T21:34:49Z</time>
   </trkpt>
   <trkpt lat="37.8034650" lon="-122.4657070">
    <ele>3.1</ele>
    <time>2026-05-03T21:34:50Z</time>
   </trkpt>
   <trkpt lat="37.8034640" lon="-122.4656910">
    <ele>3.1</ele>
    <time>2026-05-03T21:34:51Z</time>
   </trkpt>
   <trkpt lat="37.8034560" lon="-122.4656420">
    <ele>3.1</ele>
    <time>2026-05-03T21:34:52Z</time>
   </trkpt>
   <trkpt lat="37.8034590" lon="-122.4655980">
    <ele>3.1</ele>
    <time>2026-05-03T21:34:53Z</time>
   </trkpt>
   <trkpt lat="37.8034540" lon="-122.4655470">
    <ele>3.1</ele>
    <time>2026-05-03T21:34:54Z</time>
   </trkpt>
   <trkpt lat="37.8034510" lon="-122.4655270">
    <ele>3.0</ele>
    <time>2026-05-03T21:34:55Z</time>
   </trkpt>
   <trkpt lat="37.8034480" lon="-122.4654810">
    <ele>3.0</ele>
    <time>2026-05-03T21:34:56Z</time>
   </trkpt>
   <trkpt lat="37.8034470" lon="-122.4654670">
    <ele>3.0</ele>
    <time>2026-05-03T21:34:57Z</time>
   </trkpt>
   <trkpt lat="37.8034400" lon="-122.4654220">
    <ele>3.0</ele>
    <time>2026-05-03T21:34:58Z</time>
   </trkpt>
   <trkpt lat="37.8034220" lon="-122.4653880">
    <ele>3.0</ele>
    <time>2026-05-03T21:34:59Z</time>
   </trkpt>
   <trkpt lat="37.8034220" lon="-122.4653480">
    <ele>3.0</ele>
    <time>2026-05-03T21:35:00Z</time>
   </trkpt>
   <trkpt lat="37.8034200" lon="-122.4653110">
    <ele>3.0</ele>
    <time>2026-05-03T21:35:01Z</time>
   </trkpt>
   <trkpt lat="37.8034170" lon="-122.4652770">
    <ele>3.0</ele>
    <time>2026-05-03T21:35:02Z</time>
   </trkpt>
   <trkpt lat="37.8034110" lon="-122.4652400">
    <ele>3.0</ele>
    <time>2026-05-03T21:35:03Z</time>
   </trkpt>
   <trkpt lat="37.8034040" lon="-122.4652010">
    <ele>3.0</ele>
    <time>2026-05-03T21:35:04Z</time>
   </trkpt>
   <trkpt lat="37.8034020" lon="-122.4651620">
    <ele>3.0</ele>
    <time>2026-05-03T21:35:05Z</time>
   </trkpt>
   <trkpt lat="37.8034000" lon="-122.4651180">
    <ele>3.0</ele>
    <time>2026-05-03T21:35:06Z</time>
   </trkpt>
   <trkpt lat="37.8033960" lon="-122.4650980">
    <ele>3.0</ele>
    <time>2026-05-03T21:35:07Z</time>
   </trkpt>
   <trkpt lat="37.8033950" lon="-122.4650580">
    <ele>3.0</ele>
    <time>2026-05-03T21:35:08Z</time>
   </trkpt>
   <trkpt lat="37.8033940" lon="-122.4650280">
    <ele>3.0</ele>
    <time>2026-05-03T21:35:09Z</time>
   </trkpt>
   <trkpt lat="37.8033890" lon="-122.4649970">
    <ele>3.0</ele>
    <time>2026-05-03T21:35:10Z</time>
   </trkpt>
   <trkpt lat="37.8033810" lon="-122.4649530">
    <ele>3.0</ele>
    <time>2026-05-03T21:35:11Z</time>
   </trkpt>
   <trkpt lat="37.8033750" lon="-122.4649220">
    <ele>3.0</ele>
    <time>2026-05-03T21:35:12Z</time>
   </trkpt>
   <trkpt lat="37.8033740" lon="-122.4648820">
    <ele>3.0</ele>
    <time>2026-05-03T21:35:13Z</time>
   </trkpt>
   <trkpt lat="37.8033700" lon="-122.4648470">
    <ele>3.0</ele>
    <time>2026-05-03T21:35:14Z</time>
   </trkpt>
   <trkpt lat="37.8033620" lon="-122.4648030">
    <ele>3.0</ele>
    <time>2026-05-03T21:35:15Z</time>
   </trkpt>
   <trkpt lat="37.8033600" lon="-122.4647840">
    <ele>3.0</ele>
    <time>2026-05-03T21:35:16Z</time>
   </trkpt>
   <trkpt lat="37.8033600" lon="-122.4647760">
    <ele>3.0</ele>
    <time>2026-05-03T21:35:17Z</time>
   </trkpt>
   <trkpt lat="37.8033610" lon="-122.4647460">
    <ele>3.0</ele>
    <time>2026-05-03T21:35:18Z</time>
   </trkpt>
   <trkpt lat="37.8033510" lon="-122.4646910">
    <ele>3.0</ele>
    <time>2026-05-03T21:35:19Z</time>
   </trkpt>
   <trkpt lat="37.8033520" lon="-122.4646590">
    <ele>3.0</ele>
    <time>2026-05-03T21:35:20Z</time>
   </trkpt>
   <trkpt lat="37.8033500" lon="-122.4646420">
    <ele>3.0</ele>
    <time>2026-05-03T21:35:21Z</time>
   </trkpt>
   <trkpt lat="37.8033450" lon="-122.4645990">
    <ele>3.0</ele>
    <time>2026-05-03T21:35:22Z</time>
   </trkpt>
   <trkpt lat="37.8033440" lon="-122.4645870">
    <ele>3.0</ele>
    <time>2026-05-03T21:35:23Z</time>
   </trkpt>
   <trkpt lat="37.8033340" lon="-122.4645350">
    <ele>3.0</ele>
    <time>2026-05-03T21:35:24Z</time>
   </trkpt>
   <trkpt lat="37.8033270" lon="-122.4645080">
    <ele>3.0</ele>
    <time>2026-05-03T21:35:25Z</time>
   </trkpt>
   <trkpt lat="37.8033220" lon="-122.4644880">
    <ele>3.0</ele>
    <time>2026-05-03T21:35:26Z</time>
   </trkpt>
   <trkpt lat="37.8033230" lon="-122.4644510">
    <ele>3.0</ele>
    <time>2026-05-03T21:35:27Z</time>
   </trkpt>
   <trkpt lat="37.8033240" lon="-122.4644080">
    <ele>3.1</ele>
    <time>2026-05-03T21:35:28Z</time>
   </trkpt>
   <trkpt lat="37.8033210" lon="-122.4643900">
    <ele>3.1</ele>
    <time>2026-05-03T21:35:29Z</time>
   </trkpt>
   <trkpt lat="37.8033230" lon="-122.4643480">
    <ele>3.1</ele>
    <time>2026-05-03T21:35:30Z</time>
   </trkpt>
   <trkpt lat="37.8033210" lon="-122.4642710">
    <ele>3.1</ele>
    <time>2026-05-03T21:35:31Z</time>
   </trkpt>
   <trkpt lat="37.8033080" lon="-122.4642320">
    <ele>3.1</ele>
    <time>2026-05-03T21:35:32Z</time>
   </trkpt>
   <trkpt lat="37.8033010" lon="-122.4641730">
    <ele>3.1</ele>
    <time>2026-05-03T21:35:33Z</time>
   </trkpt>
   <trkpt lat="37.8032810" lon="-122.4641220">
    <ele>3.2</ele>
    <time>2026-05-03T21:35:34Z</time>
   </trkpt>
   <trkpt lat="37.8032720" lon="-122.4640740">
    <ele>3.2</ele>
    <time>2026-05-03T21:35:35Z</time>
   </trkpt>
   <trkpt lat="37.8032680" lon="-122.4640500">
    <ele>3.2</ele>
    <time>2026-05-03T21:35:36Z</time>
   </trkpt>
   <trkpt lat="37.8032630" lon="-122.4640010">
    <ele>3.2</ele>
    <time>2026-05-03T21:35:37Z</time>
   </trkpt>
   <trkpt lat="37.8032540" lon="-122.4639630">
    <ele>3.2</ele>
    <time>2026-05-03T21:35:38Z</time>
   </trkpt>
   <trkpt lat="37.8032560" lon="-122.4639110">
    <ele>3.2</ele>
    <time>2026-05-03T21:35:39Z</time>
   </trkpt>
   <trkpt lat="37.8032490" lon="-122.4638630">
    <ele>3.2</ele>
    <time>2026-05-03T21:35:40Z</time>
   </trkpt>
   <trkpt lat="37.8032360" lon="-122.4638140">
    <ele>3.2</ele>
    <time>2026-05-03T21:35:41Z</time>
   </trkpt>
   <trkpt lat="37.8032380" lon="-122.4637670">
    <ele>3.2</ele>
    <time>2026-05-03T21:35:42Z</time>
   </trkpt>
   <trkpt lat="37.8032390" lon="-122.4637520">
    <ele>3.2</ele>
    <time>2026-05-03T21:35:43Z</time>
   </trkpt>
   <trkpt lat="37.8032350" lon="-122.4637000">
    <ele>3.2</ele>
    <time>2026-05-03T21:35:44Z</time>
   </trkpt>
   <trkpt lat="37.8032320" lon="-122.4636660">
    <ele>3.3</ele>
    <time>2026-05-03T21:35:45Z</time>
   </trkpt>
   <trkpt lat="37.8032290" lon="-122.4636200">
    <ele>3.3</ele>
    <time>2026-05-03T21:35:46Z</time>
   </trkpt>
   <trkpt lat="37.8032240" lon="-122.4635660">
    <ele>3.3</ele>
    <time>2026-05-03T21:35:47Z</time>
   </trkpt>
   <trkpt lat="37.8032230" lon="-122.4635470">
    <ele>3.3</ele>
    <time>2026-05-03T21:35:48Z</time>
   </trkpt>
   <trkpt lat="37.8032110" lon="-122.4635100">
    <ele>3.3</ele>
    <time>2026-05-03T21:35:49Z</time>
   </trkpt>
   <trkpt lat="37.8032030" lon="-122.4634610">
    <ele>3.3</ele>
    <time>2026-05-03T21:35:50Z</time>
   </trkpt>
   <trkpt lat="37.8032010" lon="-122.4634200">
    <ele>3.3</ele>
    <time>2026-05-03T21:35:51Z</time>
   </trkpt>
   <trkpt lat="37.8032280" lon="-122.4634010">
    <ele>3.3</ele>
    <time>2026-05-03T21:35:52Z</time>
   </trkpt>
   <trkpt lat="37.8032150" lon="-122.4633420">
    <ele>3.3</ele>
    <time>2026-05-03T21:35:53Z</time>
   </trkpt>
   <trkpt lat="37.8032030" lon="-122.4633160">
    <ele>3.3</ele>
    <time>2026-05-03T21:35:54Z</time>
   </trkpt>
   <trkpt lat="37.8031930" lon="-122.4632750">
    <ele>3.3</ele>
    <time>2026-05-03T21:35:55Z</time>
   </trkpt>
   <trkpt lat="37.8031850" lon="-122.4632240">
    <ele>3.3</ele>
    <time>2026-05-03T21:35:56Z</time>
   </trkpt>
   <trkpt lat="37.8031790" lon="-122.4631780">
    <ele>3.3</ele>
    <time>2026-05-03T21:35:57Z</time>
   </trkpt>
   <trkpt lat="37.8031800" lon="-122.4631380">
    <ele>3.3</ele>
    <time>2026-05-03T21:35:58Z</time>
   </trkpt>
   <trkpt lat="37.8031710" lon="-122.4630980">
    <ele>3.2</ele>
    <time>2026-05-03T21:35:59Z</time>
   </trkpt>
   <trkpt lat="37.8031640" lon="-122.4630560">
    <ele>3.2</ele>
    <time>2026-05-03T21:36:00Z</time>
   </trkpt>
   <trkpt lat="37.8031550" lon="-122.4630230">
    <ele>3.2</ele>
    <time>2026-05-03T21:36:01Z</time>
   </trkpt>
   <trkpt lat="37.8031520" lon="-122.4629840">
    <ele>3.2</ele>
    <time>2026-05-03T21:36:02Z</time>
   </trkpt>
   <trkpt lat="37.8031540" lon="-122.4629360">
    <ele>3.2</ele>
    <time>2026-05-03T21:36:03Z</time>
   </trkpt>
   <trkpt lat="37.8031460" lon="-122.4628960">
    <ele>3.1</ele>
    <time>2026-05-03T21:36:04Z</time>
   </trkpt>
   <trkpt lat="37.8031400" lon="-122.4628430">
    <ele>3.1</ele>
    <time>2026-05-03T21:36:05Z</time>
   </trkpt>
   <trkpt lat="37.8031370" lon="-122.4628220">
    <ele>3.1</ele>
    <time>2026-05-03T21:36:06Z</time>
   </trkpt>
   <trkpt lat="37.8031380" lon="-122.4627880">
    <ele>3.1</ele>
    <time>2026-05-03T21:36:07Z</time>
   </trkpt>
   <trkpt lat="37.8031250" lon="-122.4627430">
    <ele>3.1</ele>
    <time>2026-05-03T21:36:08Z</time>
   </trkpt>
   <trkpt lat="37.8031230" lon="-122.4627040">
    <ele>3.1</ele>
    <time>2026-05-03T21:36:09Z</time>
   </trkpt>
   <trkpt lat="37.8031160" lon="-122.4626640">
    <ele>3.1</ele>
    <time>2026-05-03T21:36:10Z</time>
   </trkpt>
   <trkpt lat="37.8031030" lon="-122.4626210">
    <ele>3.1</ele>
    <time>2026-05-03T21:36:11Z</time>
   </trkpt>
   <trkpt lat="37.8030950" lon="-122.4625720">
    <ele>3.1</ele>
    <time>2026-05-03T21:36:12Z</time>
   </trkpt>
   <trkpt lat="37.8030900" lon="-122.4625580">
    <ele>3.1</ele>
    <time>2026-05-03T21:36:13Z</time>
   </trkpt>
   <trkpt lat="37.8030860" lon="-122.4625120">
    <ele>3.1</ele>
    <time>2026-05-03T21:36:14Z</time>
   </trkpt>
   <trkpt lat="37.8030870" lon="-122.4624960">
    <ele>3.1</ele>
    <time>2026-05-03T21:36:15Z</time>
   </trkpt>
   <trkpt lat="37.8030820" lon="-122.4624530">
    <ele>3.1</ele>
    <time>2026-05-03T21:36:16Z</time>
   </trkpt>
   <trkpt lat="37.8030760" lon="-122.4623980">
    <ele>3.1</ele>
    <time>2026-05-03T21:36:17Z</time>
   </trkpt>
   <trkpt lat="37.8030740" lon="-122.4623750">
    <ele>3.1</ele>
    <time>2026-05-03T21:36:18Z</time>
   </trkpt>
   <trkpt lat="37.8030700" lon="-122.4623390">
    <ele>3.1</ele>
    <time>2026-05-03T21:36:19Z</time>
   </trkpt>
   <trkpt lat="37.8030670" lon="-122.4623020">
    <ele>3.1</ele>
    <time>2026-05-03T21:36:20Z</time>
   </trkpt>
   <trkpt lat="37.8030610" lon="-122.4622570">
    <ele>3.2</ele>
    <time>2026-05-03T21:36:21Z</time>
   </trkpt>
   <trkpt lat="37.8030570" lon="-122.4622160">
    <ele>3.2</ele>
    <time>2026-05-03T21:36:22Z</time>
   </trkpt>
   <trkpt lat="37.8030530" lon="-122.4621790">
    <ele>3.2</ele>
    <time>2026-05-03T21:36:23Z</time>
   </trkpt>
   <trkpt lat="37.8030460" lon="-122.4621360">
    <ele>3.2</ele>
    <time>2026-05-03T21:36:24Z</time>
   </trkpt>
   <trkpt lat="37.8030520" lon="-122.4620850">
    <ele>3.2</ele>
    <time>2026-05-03T21:36:25Z</time>
   </trkpt>
   <trkpt lat="37.8030480" lon="-122.4620580">
    <ele>3.2</ele>
    <time>2026-05-03T21:36:26Z</time>
   </trkpt>
   <trkpt lat="37.8030430" lon="-122.4620210">
    <ele>3.2</ele>
    <time>2026-05-03T21:36:27Z</time>
   </trkpt>
   <trkpt lat="37.8030450" lon="-122.4619780">
    <ele>3.2</ele>
    <time>2026-05-03T21:36:28Z</time>
   </trkpt>
   <trkpt lat="37.8030420" lon="-122.4619570">
    <ele>3.2</ele>
    <time>2026-05-03T21:36:29Z</time>
   </trkpt>
   <trkpt lat="37.8030230" lon="-122.4619100">
    <ele>3.2</ele>
    <time>2026-05-03T21:36:30Z</time>
   </trkpt>
   <trkpt lat="37.8030250" lon="-122.4618650">
    <ele>3.2</ele>
    <time>2026-05-03T21:36:31Z</time>
   </trkpt>
   <trkpt lat="37.8030280" lon="-122.4618300">
    <ele>3.3</ele>
    <time>2026-05-03T21:36:32Z</time>
   </trkpt>
   <trkpt lat="37.8030150" lon="-122.4617840">
    <ele>3.3</ele>
    <time>2026-05-03T21:36:33Z</time>
   </trkpt>
   <trkpt lat="37.8030090" lon="-122.4617690">
    <ele>3.3</ele>
    <time>2026-05-03T21:36:34Z</time>
   </trkpt>
   <trkpt lat="37.8030000" lon="-122.4617160">
    <ele>3.3</ele>
    <time>2026-05-03T21:36:35Z</time>
   </trkpt>
   <trkpt lat="37.8029980" lon="-122.4616950">
    <ele>3.3</ele>
    <time>2026-05-03T21:36:36Z</time>
   </trkpt>
   <trkpt lat="37.8029970" lon="-122.4616550">
    <ele>3.3</ele>
    <time>2026-05-03T21:36:37Z</time>
   </trkpt>
   <trkpt lat="37.8029970" lon="-122.4616030">
    <ele>3.3</ele>
    <time>2026-05-03T21:36:38Z</time>
   </trkpt>
   <trkpt lat="37.8029950" lon="-122.4615860">
    <ele>3.3</ele>
    <time>2026-05-03T21:36:39Z</time>
   </trkpt>
   <trkpt lat="37.8029860" lon="-122.4615420">
    <ele>3.4</ele>
    <time>2026-05-03T21:36:40Z</time>
   </trkpt>
   <trkpt lat="37.8029700" lon="-122.4614960">
    <ele>3.4</ele>
    <time>2026-05-03T21:36:41Z</time>
   </trkpt>
   <trkpt lat="37.8029700" lon="-122.4614610">
    <ele>3.4</ele>
    <time>2026-05-03T21:36:42Z</time>
   </trkpt>
   <trkpt lat="37.8029780" lon="-122.4614240">
    <ele>3.4</ele>
    <time>2026-05-03T21:36:43Z</time>
   </trkpt>
   <trkpt lat="37.8029720" lon="-122.4613980">
    <ele>3.4</ele>
    <time>2026-05-03T21:36:44Z</time>
   </trkpt>
   <trkpt lat="37.8029660" lon="-122.4613640">
    <ele>3.4</ele>
    <time>2026-05-03T21:36:45Z</time>
   </trkpt>
   <trkpt lat="37.8029540" lon="-122.4613190">
    <ele>3.4</ele>
    <time>2026-05-03T21:36:46Z</time>
   </trkpt>
   <trkpt lat="37.8029390" lon="-122.4612650">
    <ele>3.4</ele>
    <time>2026-05-03T21:36:47Z</time>
   </trkpt>
   <trkpt lat="37.8029470" lon="-122.4612180">
    <ele>3.4</ele>
    <time>2026-05-03T21:36:48Z</time>
   </trkpt>
   <trkpt lat="37.8029610" lon="-122.4612010">
    <ele>3.4</ele>
    <time>2026-05-03T21:36:49Z</time>
   </trkpt>
   <trkpt lat="37.8029460" lon="-122.4611600">
    <ele>3.4</ele>
    <time>2026-05-03T21:36:50Z</time>
   </trkpt>
   <trkpt lat="37.8029480" lon="-122.4611060">
    <ele>3.4</ele>
    <time>2026-05-03T21:36:51Z</time>
   </trkpt>
   <trkpt lat="37.8029520" lon="-122.4610860">
    <ele>3.4</ele>
    <time>2026-05-03T21:36:52Z</time>
   </trkpt>
   <trkpt lat="37.8029540" lon="-122.4610390">
    <ele>3.4</ele>
    <time>2026-05-03T21:36:53Z</time>
   </trkpt>
   <trkpt lat="37.8029560" lon="-122.4609980">
    <ele>3.4</ele>
    <time>2026-05-03T21:36:54Z</time>
   </trkpt>
   <trkpt lat="37.8029810" lon="-122.4609550">
    <ele>3.4</ele>
    <time>2026-05-03T21:36:55Z</time>
   </trkpt>
   <trkpt lat="37.8029880" lon="-122.4609340">
    <ele>3.4</ele>
    <time>2026-05-03T21:36:56Z</time>
   </trkpt>
   <trkpt lat="37.8029970" lon="-122.4608960">
    <ele>3.4</ele>
    <time>2026-05-03T21:36:57Z</time>
   </trkpt>
   <trkpt lat="37.8030030" lon="-122.4608570">
    <ele>3.4</ele>
    <time>2026-05-03T21:36:58Z</time>
   </trkpt>
   <trkpt lat="37.8030070" lon="-122.4608150">
    <ele>3.4</ele>
    <time>2026-05-03T21:36:59Z</time>
   </trkpt>
   <trkpt lat="37.8030350" lon="-122.4607890">
    <ele>3.4</ele>
    <time>2026-05-03T21:37:00Z</time>
   </trkpt>
   <trkpt lat="37.8030450" lon="-122.4607490">
    <ele>3.4</ele>
    <time>2026-05-03T21:37:01Z</time>
   </trkpt>
   <trkpt lat="37.8030680" lon="-122.4607170">
    <ele>3.4</ele>
    <time>2026-05-03T21:37:02Z</time>
   </trkpt>
   <trkpt lat="37.8030950" lon="-122.4606990">
    <ele>3.4</ele>
    <time>2026-05-03T21:37:03Z</time>
   </trkpt>
   <trkpt lat="37.8031160" lon="-122.4606630">
    <ele>3.4</ele>
    <time>2026-05-03T21:37:04Z</time>
   </trkpt>
   <trkpt lat="37.8031220" lon="-122.4606220">
    <ele>3.3</ele>
    <time>2026-05-03T21:37:05Z</time>
   </trkpt>
   <trkpt lat="37.8031280" lon="-122.4605880">
    <ele>3.3</ele>
    <time>2026-05-03T21:37:06Z</time>
   </trkpt>
   <trkpt lat="37.8031560" lon="-122.4605640">
    <ele>3.3</ele>
    <time>2026-05-03T21:37:07Z</time>
   </trkpt>
   <trkpt lat="37.8031820" lon="-122.4605300">
    <ele>3.3</ele>
    <time>2026-05-03T21:37:08Z</time>
   </trkpt>
   <trkpt lat="37.8031860" lon="-122.4605130">
    <ele>3.3</ele>
    <time>2026-05-03T21:37:09Z</time>
   </trkpt>
   <trkpt lat="37.8032070" lon="-122.4604860">
    <ele>3.3</ele>
    <time>2026-05-03T21:37:10Z</time>
   </trkpt>
   <trkpt lat="37.8032240" lon="-122.4604520">
    <ele>3.3</ele>
    <time>2026-05-03T21:37:11Z</time>
   </trkpt>
   <trkpt lat="37.8032450" lon="-122.4604270">
    <ele>3.3</ele>
    <time>2026-05-03T21:37:12Z</time>
   </trkpt>
   <trkpt lat="37.8032800" lon="-122.4604090">
    <ele>3.3</ele>
    <time>2026-05-03T21:37:13Z</time>
   </trkpt>
   <trkpt lat="37.8033120" lon="-122.4603660">
    <ele>3.3</ele>
    <time>2026-05-03T21:37:14Z</time>
   </trkpt>
   <trkpt lat="37.8033260" lon="-122.4603490">
    <ele>3.3</ele>
    <time>2026-05-03T21:37:15Z</time>
   </trkpt>
   <trkpt lat="37.8033560" lon="-122.4603160">
    <ele>3.3</ele>
    <time>2026-05-03T21:37:16Z</time>
   </trkpt>
   <trkpt lat="37.8033680" lon="-122.4603030">
    <ele>3.3</ele>
    <time>2026-05-03T21:37:17Z</time>
   </trkpt>
   <trkpt lat="37.8033890" lon="-122.4602780">
    <ele>3.3</ele>
    <time>2026-05-03T21:37:18Z</time>
   </trkpt>
   <trkpt lat="37.8034110" lon="-122.4602570">
    <ele>3.3</ele>
    <time>2026-05-03T21:37:19Z</time>
   </trkpt>
   <trkpt lat="37.8034350" lon="-122.4602210">
    <ele>3.3</ele>
    <time>2026-05-03T21:37:20Z</time>
   </trkpt>
   <trkpt lat="37.8034440" lon="-122.4602030">
    <ele>3.3</ele>
    <time>2026-05-03T21:37:21Z</time>
   </trkpt>
   <trkpt lat="37.8034690" lon="-122.4601720">
    <ele>3.3</ele>
    <time>2026-05-03T21:37:22Z</time>
   </trkpt>
   <trkpt lat="37.8034830" lon="-122.4601420">
    <ele>3.3</ele>
    <time>2026-05-03T21:37:23Z</time>
   </trkpt>
   <trkpt lat="37.8035070" lon="-122.4600940">
    <ele>3.3</ele>
    <time>2026-05-03T21:37:24Z</time>
   </trkpt>
   <trkpt lat="37.8035160" lon="-122.4600710">
    <ele>3.3</ele>
    <time>2026-05-03T21:37:25Z</time>
   </trkpt>
   <trkpt lat="37.8035270" lon="-122.4600200">
    <ele>3.3</ele>
    <time>2026-05-03T21:37:26Z</time>
   </trkpt>
   <trkpt lat="37.8035340" lon="-122.4600020">
    <ele>3.3</ele>
    <time>2026-05-03T21:37:27Z</time>
   </trkpt>
   <trkpt lat="37.8035560" lon="-122.4599620">
    <ele>3.3</ele>
    <time>2026-05-03T21:37:28Z</time>
   </trkpt>
   <trkpt lat="37.8035620" lon="-122.4599480">
    <ele>3.2</ele>
    <time>2026-05-03T21:37:29Z</time>
   </trkpt>
   <trkpt lat="37.8035730" lon="-122.4599160">
    <ele>3.2</ele>
    <time>2026-05-03T21:37:30Z</time>
   </trkpt>
   <trkpt lat="37.8035760" lon="-122.4598650">
    <ele>3.2</ele>
    <time>2026-05-03T21:37:31Z</time>
   </trkpt>
   <trkpt lat="37.8035780" lon="-122.4598460">
    <ele>3.2</ele>
    <time>2026-05-03T21:37:32Z</time>
   </trkpt>
   <trkpt lat="37.8035860" lon="-122.4598070">
    <ele>3.2</ele>
    <time>2026-05-03T21:37:33Z</time>
   </trkpt>
   <trkpt lat="37.8036020" lon="-122.4597720">
    <ele>3.2</ele>
    <time>2026-05-03T21:37:34Z</time>
   </trkpt>
   <trkpt lat="37.8036050" lon="-122.4597310">
    <ele>3.2</ele>
    <time>2026-05-03T21:37:35Z</time>
   </trkpt>
   <trkpt lat="37.8036050" lon="-122.4596930">
    <ele>3.2</ele>
    <time>2026-05-03T21:37:36Z</time>
   </trkpt>
   <trkpt lat="37.8036090" lon="-122.4596550">
    <ele>3.2</ele>
    <time>2026-05-03T21:37:37Z</time>
   </trkpt>
   <trkpt lat="37.8036200" lon="-122.4596210">
    <ele>3.1</ele>
    <time>2026-05-03T21:37:38Z</time>
   </trkpt>
   <trkpt lat="37.8036230" lon="-122.4595800">
    <ele>3.1</ele>
    <time>2026-05-03T21:37:39Z</time>
   </trkpt>
   <trkpt lat="37.8036240" lon="-122.4595210">
    <ele>3.1</ele>
    <time>2026-05-03T21:37:40Z</time>
   </trkpt>
   <trkpt lat="37.8036300" lon="-122.4594750">
    <ele>3.1</ele>
    <time>2026-05-03T21:37:41Z</time>
   </trkpt>
   <trkpt lat="37.8036300" lon="-122.4594570">
    <ele>3.1</ele>
    <time>2026-05-03T21:37:42Z</time>
   </trkpt>
   <trkpt lat="37.8036400" lon="-122.4594200">
    <ele>3.1</ele>
    <time>2026-05-03T21:37:43Z</time>
   </trkpt>
   <trkpt lat="37.8036550" lon="-122.4593900">
    <ele>3.1</ele>
    <time>2026-05-03T21:37:44Z</time>
   </trkpt>
   <trkpt lat="37.8036580" lon="-122.4593290">
    <ele>3.1</ele>
    <time>2026-05-03T21:37:45Z</time>
   </trkpt>
   <trkpt lat="37.8036530" lon="-122.4592730">
    <ele>3.1</ele>
    <time>2026-05-03T21:37:46Z</time>
   </trkpt>
   <trkpt lat="37.8036480" lon="-122.4592480">
    <ele>3.1</ele>
    <time>2026-05-03T21:37:47Z</time>
   </trkpt>
   <trkpt lat="37.8036530" lon="-122.4592080">
    <ele>3.1</ele>
    <time>2026-05-03T21:37:48Z</time>
   </trkpt>
   <trkpt lat="37.8036660" lon="-122.4591770">
    <ele>3.1</ele>
    <time>2026-05-03T21:37:49Z</time>
   </trkpt>
   <trkpt lat="37.8036710" lon="-122.4591260">
    <ele>3.1</ele>
    <time>2026-05-03T21:37:50Z</time>
   </trkpt>
   <trkpt lat="37.8036670" lon="-122.4591020">
    <ele>3.1</ele>
    <time>2026-05-03T21:37:51Z</time>
   </trkpt>
   <trkpt lat="37.8036750" lon="-122.4590660">
    <ele>3.1</ele>
    <time>2026-05-03T21:37:52Z</time>
   </trkpt>
   <trkpt lat="37.8036970" lon="-122.4590220">
    <ele>3.1</ele>
    <time>2026-05-03T21:37:53Z</time>
   </trkpt>
   <trkpt lat="37.8037080" lon="-122.4590060">
    <ele>3.1</ele>
    <time>2026-05-03T21:37:54Z</time>
   </trkpt>
   <trkpt lat="37.8037210" lon="-122.4589620">
    <ele>3.1</ele>
    <time>2026-05-03T21:37:55Z</time>
   </trkpt>
   <trkpt lat="37.8037170" lon="-122.4589260">
    <ele>3.1</ele>
    <time>2026-05-03T21:37:56Z</time>
   </trkpt>
   <trkpt lat="37.8037260" lon="-122.4588930">
    <ele>3.1</ele>
    <time>2026-05-03T21:37:57Z</time>
   </trkpt>
   <trkpt lat="37.8037330" lon="-122.4588590">
    <ele>3.1</ele>
    <time>2026-05-03T21:37:58Z</time>
   </trkpt>
   <trkpt lat="37.8037040" lon="-122.4588080">
    <ele>3.1</ele>
    <time>2026-05-03T21:37:59Z</time>
   </trkpt>
   <trkpt lat="37.8037020" lon="-122.4587730">
    <ele>3.1</ele>
    <time>2026-05-03T21:38:00Z</time>
   </trkpt>
   <trkpt lat="37.8037160" lon="-122.4587270">
    <ele>3.2</ele>
    <time>2026-05-03T21:38:01Z</time>
   </trkpt>
   <trkpt lat="37.8037240" lon="-122.4587100">
    <ele>3.2</ele>
    <time>2026-05-03T21:38:02Z</time>
   </trkpt>
   <trkpt lat="37.8037380" lon="-122.4586670">
    <ele>3.2</ele>
    <time>2026-05-03T21:38:03Z</time>
   </trkpt>
   <trkpt lat="37.8037440" lon="-122.4586550">
    <ele>3.2</ele>
    <time>2026-05-03T21:38:04Z</time>
   </trkpt>
   <trkpt lat="37.8037490" lon="-122.4586170">
    <ele>3.2</ele>
    <time>2026-05-03T21:38:05Z</time>
   </trkpt>
   <trkpt lat="37.8037620" lon="-122.4585870">
    <ele>3.2</ele>
    <time>2026-05-03T21:38:06Z</time>
   </trkpt>
   <trkpt lat="37.8037550" lon="-122.4585320">
    <ele>3.2</ele>
    <time>2026-05-03T21:38:07Z</time>
   </trkpt>
   <trkpt lat="37.8037510" lon="-122.4585100">
    <ele>3.2</ele>
    <time>2026-05-03T21:38:08Z</time>
   </trkpt>
   <trkpt lat="37.8037660" lon="-122.4584740">
    <ele>3.2</ele>
    <time>2026-05-03T21:38:09Z</time>
   </trkpt>
   <trkpt lat="37.8037740" lon="-122.4584610">
    <ele>3.2</ele>
    <time>2026-05-03T21:38:10Z</time>
   </trkpt>
   <trkpt lat="37.8037770" lon="-122.4584180">
    <ele>3.2</ele>
    <time>2026-05-03T21:38:11Z</time>
   </trkpt>
   <trkpt lat="37.8037740" lon="-122.4583790">
    <ele>3.2</ele>
    <time>2026-05-03T21:38:12Z</time>
   </trkpt>
   <trkpt lat="37.8037840" lon="-122.4583430">
    <ele>3.2</ele>
    <time>2026-05-03T21:38:13Z</time>
   </trkpt>
   <trkpt lat="37.8037940" lon="-122.4582890">
    <ele>3.2</ele>
    <time>2026-05-03T21:38:14Z</time>
   </trkpt>
   <trkpt lat="37.8037950" lon="-122.4582650">
    <ele>3.2</ele>
    <time>2026-05-03T21:38:15Z</time>
   </trkpt>
   <trkpt lat="37.8037950" lon="-122.4582200">
    <ele>3.2</ele>
    <time>2026-05-03T21:38:16Z</time>
   </trkpt>
   <trkpt lat="37.8038030" lon="-122.4581870">
    <ele>3.2</ele>
    <time>2026-05-03T21:38:17Z</time>
   </trkpt>
   <trkpt lat="37.8038020" lon="-122.4581390">
    <ele>3.2</ele>
    <time>2026-05-03T21:38:18Z</time>
   </trkpt>
   <trkpt lat="37.8038130" lon="-122.4581030">
    <ele>3.1</ele>
    <time>2026-05-03T21:38:19Z</time>
   </trkpt>
   <trkpt lat="37.8038120" lon="-122.4580650">
    <ele>3.1</ele>
    <time>2026-05-03T21:38:20Z</time>
   </trkpt>
   <trkpt lat="37.8038240" lon="-122.4580310">
    <ele>3.1</ele>
    <time>2026-05-03T21:38:21Z</time>
   </trkpt>
   <trkpt lat="37.8038300" lon="-122.4579800">
    <ele>3.1</ele>
    <time>2026-05-03T21:38:22Z</time>
   </trkpt>
   <trkpt lat="37.8038310" lon="-122.4579360">
    <ele>3.1</ele>
    <time>2026-05-03T21:38:23Z</time>
   </trkpt>
   <trkpt lat="37.8038360" lon="-122.4578980">
    <ele>3.1</ele>
    <time>2026-05-03T21:38:24Z</time>
   </trkpt>
   <trkpt lat="37.8038370" lon="-122.4578550">
    <ele>3.1</ele>
    <time>2026-05-03T21:38:25Z</time>
   </trkpt>
   <trkpt lat="37.8038280" lon="-122.4578020">
    <ele>3.1</ele>
    <time>2026-05-03T21:38:26Z</time>
   </trkpt>
   <trkpt lat="37.8038290" lon="-122.4577640">
    <ele>3.1</ele>
    <time>2026-05-03T21:38:27Z</time>
   </trkpt>
   <trkpt lat="37.8038480" lon="-122.4577240">
    <ele>3.1</ele>
    <time>2026-05-03T21:38:28Z</time>
   </trkpt>
   <trkpt lat="37.8038490" lon="-122.4577060">
    <ele>3.1</ele>
    <time>2026-05-03T21:38:29Z</time>
   </trkpt>
   <trkpt lat="37.8038700" lon="-122.4576650">
    <ele>3.1</ele>
    <time>2026-05-03T21:38:30Z</time>
   </trkpt>
   <trkpt lat="37.8038790" lon="-122.4576490">
    <ele>3.1</ele>
    <time>2026-05-03T21:38:31Z</time>
   </trkpt>
   <trkpt lat="37.8038800" lon="-122.4575970">
    <ele>3.1</ele>
    <time>2026-05-03T21:38:32Z</time>
   </trkpt>
   <trkpt lat="37.8038780" lon="-122.4575760">
    <ele>3.1</ele>
    <time>2026-05-03T21:38:33Z</time>
   </trkpt>
   <trkpt lat="37.8038830" lon="-122.4575350">
    <ele>3.1</ele>
    <time>2026-05-03T21:38:34Z</time>
   </trkpt>
   <trkpt lat="37.8038940" lon="-122.4574970">
    <ele>3.1</ele>
    <time>2026-05-03T21:38:35Z</time>
   </trkpt>
   <trkpt lat="37.8038930" lon="-122.4574500">
    <ele>3.1</ele>
    <time>2026-05-03T21:38:36Z</time>
   </trkpt>
   <trkpt lat="37.8038890" lon="-122.4574340">
    <ele>3.1</ele>
    <time>2026-05-03T21:38:37Z</time>
   </trkpt>
   <trkpt lat="37.8038920" lon="-122.4573890">
    <ele>3.1</ele>
    <time>2026-05-03T21:38:38Z</time>
   </trkpt>
   <trkpt lat="37.8039020" lon="-122.4573550">
    <ele>3.1</ele>
    <time>2026-05-03T21:38:39Z</time>
   </trkpt>
   <trkpt lat="37.8039080" lon="-122.4573200">
    <ele>3.1</ele>
    <time>2026-05-03T21:38:40Z</time>
   </trkpt>
   <trkpt lat="37.8039130" lon="-122.4572670">
    <ele>3.1</ele>
    <time>2026-05-03T21:38:41Z</time>
   </trkpt>
   <trkpt lat="37.8039110" lon="-122.4572470">
    <ele>3.1</ele>
    <time>2026-05-03T21:38:42Z</time>
   </trkpt>
   <trkpt lat="37.8039120" lon="-122.4572040">
    <ele>3.1</ele>
    <time>2026-05-03T21:38:43Z</time>
   </trkpt>
   <trkpt lat="37.8039270" lon="-122.4571750">
    <ele>3.1</ele>
    <time>2026-05-03T21:38:44Z</time>
   </trkpt>
   <trkpt lat="37.8039280" lon="-122.4571260">
    <ele>3.1</ele>
    <time>2026-05-03T21:38:45Z</time>
   </trkpt>
   <trkpt lat="37.8039260" lon="-122.4571100">
    <ele>3.2</ele>
    <time>2026-05-03T21:38:46Z</time>
   </trkpt>
   <trkpt lat="37.8039370" lon="-122.4570760">
    <ele>3.2</ele>
    <time>2026-05-03T21:38:47Z</time>
   </trkpt>
   <trkpt lat="37.8039440" lon="-122.4570420">
    <ele>3.2</ele>
    <time>2026-05-03T21:38:48Z</time>
   </trkpt>
   <trkpt lat="37.8039510" lon="-122.4570050">
    <ele>3.2</ele>
    <time>2026-05-03T21:38:49Z</time>
   </trkpt>
   <trkpt lat="37.8039570" lon="-122.4569670">
    <ele>3.2</ele>
    <time>2026-05-03T21:38:50Z</time>
   </trkpt>
   <trkpt lat="37.8039630" lon="-122.4569330">
    <ele>3.2</ele>
    <time>2026-05-03T21:38:51Z</time>
   </trkpt>
   <trkpt lat="37.8039690" lon="-122.4568970">
    <ele>3.2</ele>
    <time>2026-05-03T21:38:52Z</time>
   </trkpt>
   <trkpt lat="37.8039760" lon="-122.4568550">
    <ele>3.2</ele>
    <time>2026-05-03T21:38:53Z</time>
   </trkpt>
   <trkpt lat="37.8039840" lon="-122.4568060">
    <ele>3.2</ele>
    <time>2026-05-03T21:38:54Z</time>
   </trkpt>
   <trkpt lat="37.8039880" lon="-122.4567860">
    <ele>3.2</ele>
    <time>2026-05-03T21:38:55Z</time>
   </trkpt>
   <trkpt lat="37.8039990" lon="-122.4567500">
    <ele>3.2</ele>
    <time>2026-05-03T21:38:56Z</time>
   </trkpt>
   <trkpt lat="37.8040010" lon="-122.4567130">
    <ele>3.2</ele>
    <time>2026-05-03T21:38:57Z</time>
   </trkpt>
   <trkpt lat="37.8040020" lon="-122.4566760">
    <ele>3.2</ele>
    <time>2026-05-03T21:38:58Z</time>
   </trkpt>
   <trkpt lat="37.8040030" lon="-122.4566270">
    <ele>3.1</ele>
    <time>2026-05-03T21:38:59Z</time>
   </trkpt>
   <trkpt lat="37.8040080" lon="-122.4565820">
    <ele>3.1</ele>
    <time>2026-05-03T21:39:00Z</time>
   </trkpt>
   <trkpt lat="37.8040260" lon="-122.4565400">
    <ele>3.1</ele>
    <time>2026-05-03T21:39:01Z</time>
   </trkpt>
   <trkpt lat="37.8040260" lon="-122.4565230">
    <ele>3.1</ele>
    <time>2026-05-03T21:39:02Z</time>
   </trkpt>
   <trkpt lat="37.8040300" lon="-122.4564830">
    <ele>3.1</ele>
    <time>2026-05-03T21:39:03Z</time>
   </trkpt>
   <trkpt lat="37.8040260" lon="-122.4564400">
    <ele>3.1</ele>
    <time>2026-05-03T21:39:04Z</time>
   </trkpt>
   <trkpt lat="37.8040300" lon="-122.4564060">
    <ele>3.1</ele>
    <time>2026-05-03T21:39:05Z</time>
   </trkpt>
   <trkpt lat="37.8040290" lon="-122.4563540">
    <ele>3.1</ele>
    <time>2026-05-03T21:39:06Z</time>
   </trkpt>
   <trkpt lat="37.8040320" lon="-122.4563340">
    <ele>3.1</ele>
    <time>2026-05-03T21:39:07Z</time>
   </trkpt>
   <trkpt lat="37.8040400" lon="-122.4563000">
    <ele>3.1</ele>
    <time>2026-05-03T21:39:08Z</time>
   </trkpt>
   <trkpt lat="37.8040480" lon="-122.4562460">
    <ele>3.1</ele>
    <time>2026-05-03T21:39:09Z</time>
   </trkpt>
   <trkpt lat="37.8040530" lon="-122.4562260">
    <ele>3.1</ele>
    <time>2026-05-03T21:39:10Z</time>
   </trkpt>
   <trkpt lat="37.8040540" lon="-122.4561910">
    <ele>3.1</ele>
    <time>2026-05-03T21:39:11Z</time>
   </trkpt>
   <trkpt lat="37.8040540" lon="-122.4561480">
    <ele>3.1</ele>
    <time>2026-05-03T21:39:12Z</time>
   </trkpt>
   <trkpt lat="37.8040550" lon="-122.4561100">
    <ele>3.1</ele>
    <time>2026-05-03T21:39:13Z</time>
   </trkpt>
   <trkpt lat="37.8040600" lon="-122.4560670">
    <ele>3.1</ele>
    <time>2026-05-03T21:39:14Z</time>
   </trkpt>
   <trkpt lat="37.8040730" lon="-122.4560250">
    <ele>3.1</ele>
    <time>2026-05-03T21:39:15Z</time>
   </trkpt>
   <trkpt lat="37.8040800" lon="-122.4560070">
    <ele>3.1</ele>
    <time>2026-05-03T21:39:16Z</time>
   </trkpt>
   <trkpt lat="37.8040860" lon="-122.4559630">
    <ele>3.1</ele>
    <time>2026-05-03T21:39:17Z</time>
   </trkpt>
   <trkpt lat="37.8040870" lon="-122.4559270">
    <ele>3.1</ele>
    <time>2026-05-03T21:39:18Z</time>
   </trkpt>
   <trkpt lat="37.8040810" lon="-122.4558850">
    <ele>3.1</ele>
    <time>2026-05-03T21:39:19Z</time>
   </trkpt>
   <trkpt lat="37.8040940" lon="-122.4558510">
    <ele>3.1</ele>
    <time>2026-05-03T21:39:20Z</time>
   </trkpt>
   <trkpt lat="37.8040930" lon="-122.4558110">
    <ele>3.1</ele>
    <time>2026-05-03T21:39:21Z</time>
   </trkpt>
   <trkpt lat="37.8041020" lon="-122.4557570">
    <ele>3.1</ele>
    <time>2026-05-03T21:39:22Z</time>
   </trkpt>
   <trkpt lat="37.8041050" lon="-122.4557350">
    <ele>3.1</ele>
    <time>2026-05-03T21:39:23Z</time>
   </trkpt>
   <trkpt lat="37.8041170" lon="-122.4557010">
    <ele>3.1</ele>
    <time>2026-05-03T21:39:24Z</time>
   </trkpt>
   <trkpt lat="37.8041300" lon="-122.4556580">
    <ele>3.1</ele>
    <time>2026-05-03T21:39:25Z</time>
   </trkpt>
   <trkpt lat="37.8041290" lon="-122.4556380">
    <ele>3.1</ele>
    <time>2026-05-03T21:39:26Z</time>
   </trkpt>
   <trkpt lat="37.8041350" lon="-122.4556010">
    <ele>3.1</ele>
    <time>2026-05-03T21:39:27Z</time>
   </trkpt>
   <trkpt lat="37.8041390" lon="-122.4555650">
    <ele>3.1</ele>
    <time>2026-05-03T21:39:28Z</time>
   </trkpt>
   <trkpt lat="37.8041280" lon="-122.4555240">
    <ele>3.1</ele>
    <time>2026-05-03T21:39:29Z</time>
   </trkpt>
   <trkpt lat="37.8041360" lon="-122.4554880">
    <ele>3.1</ele>
    <time>2026-05-03T21:39:30Z</time>
   </trkpt>
   <trkpt lat="37.8041440" lon="-122.4554510">
    <ele>3.0</ele>
    <time>2026-05-03T21:39:31Z</time>
   </trkpt>
   <trkpt lat="37.8041570" lon="-122.4554020">
    <ele>3.0</ele>
    <time>2026-05-03T21:39:32Z</time>
   </trkpt>
   <trkpt lat="37.8041580" lon="-122.4553820">
    <ele>3.0</ele>
    <time>2026-05-03T21:39:33Z</time>
   </trkpt>
   <trkpt lat="37.8041650" lon="-122.4553460">
    <ele>3.0</ele>
    <time>2026-05-03T21:39:34Z</time>
   </trkpt>
   <trkpt lat="37.8041630" lon="-122.4552980">
    <ele>3.0</ele>
    <time>2026-05-03T21:39:35Z</time>
   </trkpt>
   <trkpt lat="37.8041710" lon="-122.4552410">
    <ele>3.0</ele>
    <time>2026-05-03T21:39:36Z</time>
   </trkpt>
   <trkpt lat="37.8041740" lon="-122.4552160">
    <ele>3.0</ele>
    <time>2026-05-03T21:39:37Z</time>
   </trkpt>
   <trkpt lat="37.8041800" lon="-122.4551630">
    <ele>3.0</ele>
    <time>2026-05-03T21:39:38Z</time>
   </trkpt>
   <trkpt lat="37.8041820" lon="-122.4551410">
    <ele>3.0</ele>
    <time>2026-05-03T21:39:39Z</time>
   </trkpt>
   <trkpt lat="37.8041890" lon="-122.4551070">
    <ele>3.0</ele>
    <time>2026-05-03T21:39:40Z</time>
   </trkpt>
   <trkpt lat="37.8041900" lon="-122.4550610">
    <ele>3.0</ele>
    <time>2026-05-03T21:39:41Z</time>
   </trkpt>
   <trkpt lat="37.8042060" lon="-122.4550110">
    <ele>3.0</ele>
    <time>2026-05-03T21:39:42Z</time>
   </trkpt>
   <trkpt lat="37.8042080" lon="-122.4549900">
    <ele>3.0</ele>
    <time>2026-05-03T21:39:43Z</time>
   </trkpt>
   <trkpt lat="37.8042140" lon="-122.4549530">
    <ele>3.0</ele>
    <time>2026-05-03T21:39:44Z</time>
   </trkpt>
   <trkpt lat="37.8042060" lon="-122.4549170">
    <ele>3.0</ele>
    <time>2026-05-03T21:39:45Z</time>
   </trkpt>
   <trkpt lat="37.8042150" lon="-122.4548640">
    <ele>3.0</ele>
    <time>2026-05-03T21:39:46Z</time>
   </trkpt>
   <trkpt lat="37.8042140" lon="-122.4548410">
    <ele>3.0</ele>
    <time>2026-05-03T21:39:47Z</time>
   </trkpt>
   <trkpt lat="37.8042190" lon="-122.4548070">
    <ele>3.0</ele>
    <time>2026-05-03T21:39:48Z</time>
   </trkpt>
   <trkpt lat="37.8042300" lon="-122.4547760">
    <ele>3.0</ele>
    <time>2026-05-03T21:39:49Z</time>
   </trkpt>
   <trkpt lat="37.8042440" lon="-122.4547280">
    <ele>3.0</ele>
    <time>2026-05-03T21:39:50Z</time>
   </trkpt>
   <trkpt lat="37.8042460" lon="-122.4547100">
    <ele>3.0</ele>
    <time>2026-05-03T21:39:51Z</time>
   </trkpt>
   <trkpt lat="37.8042480" lon="-122.4546700">
    <ele>3.0</ele>
    <time>2026-05-03T21:39:52Z</time>
   </trkpt>
   <trkpt lat="37.8042540" lon="-122.4546090">
    <ele>3.0</ele>
    <time>2026-05-03T21:39:53Z</time>
   </trkpt>
   <trkpt lat="37.8042570" lon="-122.4545780">
    <ele>3.0</ele>
    <time>2026-05-03T21:39:54Z</time>
   </trkpt>
   <trkpt lat="37.8042620" lon="-122.4545380">
    <ele>3.0</ele>
    <time>2026-05-03T21:39:55Z</time>
   </trkpt>
   <trkpt lat="37.8042650" lon="-122.4545240">
    <ele>3.0</ele>
    <time>2026-05-03T21:39:56Z</time>
   </trkpt>
   <trkpt lat="37.8042670" lon="-122.4544830">
    <ele>3.0</ele>
    <time>2026-05-03T21:39:57Z</time>
   </trkpt>
   <trkpt lat="37.8042790" lon="-122.4544360">
    <ele>3.0</ele>
    <time>2026-05-03T21:39:58Z</time>
   </trkpt>
   <trkpt lat="37.8042840" lon="-122.4544190">
    <ele>3.0</ele>
    <time>2026-05-03T21:39:59Z</time>
   </trkpt>
   <trkpt lat="37.8042860" lon="-122.4543710">
    <ele>3.0</ele>
    <time>2026-05-03T21:40:00Z</time>
   </trkpt>
   <trkpt lat="37.8042910" lon="-122.4543530">
    <ele>3.0</ele>
    <time>2026-05-03T21:40:01Z</time>
   </trkpt>
   <trkpt lat="37.8042900" lon="-122.4543170">
    <ele>3.0</ele>
    <time>2026-05-03T21:40:02Z</time>
   </trkpt>
   <trkpt lat="37.8042980" lon="-122.4542760">
    <ele>3.0</ele>
    <time>2026-05-03T21:40:03Z</time>
   </trkpt>
   <trkpt lat="37.8043150" lon="-122.4542400">
    <ele>3.0</ele>
    <time>2026-05-03T21:40:04Z</time>
   </trkpt>
   <trkpt lat="37.8043210" lon="-122.4542030">
    <ele>3.0</ele>
    <time>2026-05-03T21:40:05Z</time>
   </trkpt>
   <trkpt lat="37.8043240" lon="-122.4541660">
    <ele>3.0</ele>
    <time>2026-05-03T21:40:06Z</time>
   </trkpt>
   <trkpt lat="37.8043150" lon="-122.4541250">
    <ele>3.0</ele>
    <time>2026-05-03T21:40:07Z</time>
   </trkpt>
   <trkpt lat="37.8043110" lon="-122.4540800">
    <ele>3.0</ele>
    <time>2026-05-03T21:40:08Z</time>
   </trkpt>
   <trkpt lat="37.8043190" lon="-122.4540400">
    <ele>3.0</ele>
    <time>2026-05-03T21:40:09Z</time>
   </trkpt>
   <trkpt lat="37.8043250" lon="-122.4540040">
    <ele>3.0</ele>
    <time>2026-05-03T21:40:10Z</time>
   </trkpt>
   <trkpt lat="37.8043330" lon="-122.4539670">
    <ele>3.0</ele>
    <time>2026-05-03T21:40:11Z</time>
   </trkpt>
   <trkpt lat="37.8043370" lon="-122.4539210">
    <ele>3.0</ele>
    <time>2026-05-03T21:40:12Z</time>
   </trkpt>
   <trkpt lat="37.8043460" lon="-122.4538710">
    <ele>3.0</ele>
    <time>2026-05-03T21:40:13Z</time>
   </trkpt>
   <trkpt lat="37.8043510" lon="-122.4538520">
    <ele>3.0</ele>
    <time>2026-05-03T21:40:14Z</time>
   </trkpt>
   <trkpt lat="37.8043520" lon="-122.4538130">
    <ele>3.0</ele>
    <time>2026-05-03T21:40:15Z</time>
   </trkpt>
   <trkpt lat="37.8043460" lon="-122.4537650">
    <ele>3.0</ele>
    <time>2026-05-03T21:40:16Z</time>
   </trkpt>
   <trkpt lat="37.8043490" lon="-122.4537220">
    <ele>3.1</ele>
    <time>2026-05-03T21:40:17Z</time>
   </trkpt>
   <trkpt lat="37.8043560" lon="-122.4536880">
    <ele>3.1</ele>
    <time>2026-05-03T21:40:18Z</time>
   </trkpt>
   <trkpt lat="37.8043720" lon="-122.4536450">
    <ele>3.1</ele>
    <time>2026-05-03T21:40:19Z</time>
   </trkpt>
   <trkpt lat="37.8043770" lon="-122.4536090">
    <ele>3.1</ele>
    <time>2026-05-03T21:40:20Z</time>
   </trkpt>
   <trkpt lat="37.8043830" lon="-122.4535720">
    <ele>3.1</ele>
    <time>2026-05-03T21:40:21Z</time>
   </trkpt>
   <trkpt lat="37.8043830" lon="-122.4535200">
    <ele>3.1</ele>
    <time>2026-05-03T21:40:22Z</time>
   </trkpt>
   <trkpt lat="37.8043920" lon="-122.4534810">
    <ele>3.1</ele>
    <time>2026-05-03T21:40:23Z</time>
   </trkpt>
   <trkpt lat="37.8043930" lon="-122.4534430">
    <ele>3.1</ele>
    <time>2026-05-03T21:40:24Z</time>
   </trkpt>
   <trkpt lat="37.8044000" lon="-122.4534090">
    <ele>3.1</ele>
    <time>2026-05-03T21:40:25Z</time>
   </trkpt>
   <trkpt lat="37.8044080" lon="-122.4533710">
    <ele>3.1</ele>
    <time>2026-05-03T21:40:26Z</time>
   </trkpt>
   <trkpt lat="37.8044120" lon="-122.4533250">
    <ele>3.1</ele>
    <time>2026-05-03T21:40:27Z</time>
   </trkpt>
   <trkpt lat="37.8044130" lon="-122.4532860">
    <ele>3.1</ele>
    <time>2026-05-03T21:40:28Z</time>
   </trkpt>
   <trkpt lat="37.8044240" lon="-122.4532430">
    <ele>3.1</ele>
    <time>2026-05-03T21:40:29Z</time>
   </trkpt>
   <trkpt lat="37.8044320" lon="-122.4531920">
    <ele>3.1</ele>
    <time>2026-05-03T21:40:30Z</time>
   </trkpt>
   <trkpt lat="37.8044330" lon="-122.4531720">
    <ele>3.1</ele>
    <time>2026-05-03T21:40:31Z</time>
   </trkpt>
   <trkpt lat="37.8044450" lon="-122.4531370">
    <ele>3.1</ele>
    <time>2026-05-03T21:40:32Z</time>
   </trkpt>
   <trkpt lat="37.8044470" lon="-122.4530970">
    <ele>3.1</ele>
    <time>2026-05-03T21:40:33Z</time>
   </trkpt>
   <trkpt lat="37.8044470" lon="-122.4530480">
    <ele>3.1</ele>
    <time>2026-05-03T21:40:34Z</time>
   </trkpt>
   <trkpt lat="37.8044630" lon="-122.4530160">
    <ele>3.1</ele>
    <time>2026-05-03T21:40:35Z</time>
   </trkpt>
   <trkpt lat="37.8044600" lon="-122.4529710">
    <ele>3.2</ele>
    <time>2026-05-03T21:40:36Z</time>
   </trkpt>
   <trkpt lat="37.8044610" lon="-122.4529300">
    <ele>3.2</ele>
    <time>2026-05-03T21:40:37Z</time>
   </trkpt>
   <trkpt lat="37.8044690" lon="-122.4528970">
    <ele>3.2</ele>
    <time>2026-05-03T21:40:38Z</time>
   </trkpt>
   <trkpt lat="37.8044600" lon="-122.4528530">
    <ele>3.2</ele>
    <time>2026-05-03T21:40:39Z</time>
   </trkpt>
   <trkpt lat="37.8044660" lon="-122.4528100">
    <ele>3.2</ele>
    <time>2026-05-03T21:40:40Z</time>
   </trkpt>
   <trkpt lat="37.8044910" lon="-122.4527850">
    <ele>3.2</ele>
    <time>2026-05-03T21:40:41Z</time>
   </trkpt>
   <trkpt lat="37.8044900" lon="-122.4527560">
    <ele>3.2</ele>
    <time>2026-05-03T21:40:42Z</time>
   </trkpt>
   <trkpt lat="37.8044950" lon="-122.4527160">
    <ele>3.2</ele>
    <time>2026-05-03T21:40:43Z</time>
   </trkpt>
   <trkpt lat="37.8045020" lon="-122.4526650">
    <ele>3.2</ele>
    <time>2026-05-03T21:40:44Z</time>
   </trkpt>
   <trkpt lat="37.8045020" lon="-122.4526470">
    <ele>3.2</ele>
    <time>2026-05-03T21:40:45Z</time>
   </trkpt>
   <trkpt lat="37.8045070" lon="-122.4526100">
    <ele>3.2</ele>
    <time>2026-05-03T21:40:46Z</time>
   </trkpt>
   <trkpt lat="37.8045080" lon="-122.4525680">
    <ele>3.2</ele>
    <time>2026-05-03T21:40:47Z</time>
   </trkpt>
   <trkpt lat="37.8045140" lon="-122.4525140">
    <ele>3.2</ele>
    <time>2026-05-03T21:40:48Z</time>
   </trkpt>
   <trkpt lat="37.8045180" lon="-122.4524910">
    <ele>3.2</ele>
    <time>2026-05-03T21:40:49Z</time>
   </trkpt>
   <trkpt lat="37.8045250" lon="-122.4524480">
    <ele>3.2</ele>
    <time>2026-05-03T21:40:50Z</time>
   </trkpt>
   <trkpt lat="37.8045290" lon="-122.4523940">
    <ele>3.2</ele>
    <time>2026-05-03T21:40:51Z</time>
   </trkpt>
   <trkpt lat="37.8045250" lon="-122.4523730">
    <ele>3.2</ele>
    <time>2026-05-03T21:40:52Z</time>
   </trkpt>
   <trkpt lat="37.8045390" lon="-122.4523370">
    <ele>3.2</ele>
    <time>2026-05-03T21:40:53Z</time>
   </trkpt>
   <trkpt lat="37.8045460" lon="-122.4523010">
    <ele>3.2</ele>
    <time>2026-05-03T21:40:54Z</time>
   </trkpt>
   <trkpt lat="37.8045650" lon="-122.4522740">
    <ele>3.2</ele>
    <time>2026-05-03T21:40:55Z</time>
   </trkpt>
   <trkpt lat="37.8045650" lon="-122.4522350">
    <ele>3.2</ele>
    <time>2026-05-03T21:40:56Z</time>
   </trkpt>
   <trkpt lat="37.8045720" lon="-122.4521910">
    <ele>3.2</ele>
    <time>2026-05-03T21:40:57Z</time>
   </trkpt>
   <trkpt lat="37.8045680" lon="-122.4521400">
    <ele>3.2</ele>
    <time>2026-05-03T21:40:58Z</time>
   </trkpt>
   <trkpt lat="37.8045780" lon="-122.4520930">
    <ele>3.2</ele>
    <time>2026-05-03T21:40:59Z</time>
   </trkpt>
   <trkpt lat="37.8045790" lon="-122.4520780">
    <ele>3.2</ele>
    <time>2026-05-03T21:41:00Z</time>
   </trkpt>
   <trkpt lat="37.8045880" lon="-122.4520440">
    <ele>3.2</ele>
    <time>2026-05-03T21:41:01Z</time>
   </trkpt>
   <trkpt lat="37.8046040" lon="-122.4520000">
    <ele>3.3</ele>
    <time>2026-05-03T21:41:02Z</time>
   </trkpt>
   <trkpt lat="37.8046100" lon="-122.4519850">
    <ele>3.3</ele>
    <time>2026-05-03T21:41:03Z</time>
   </trkpt>
   <trkpt lat="37.8046140" lon="-122.4519340">
    <ele>3.3</ele>
    <time>2026-05-03T21:41:04Z</time>
   </trkpt>
   <trkpt lat="37.8046130" lon="-122.4518920">
    <ele>3.3</ele>
    <time>2026-05-03T21:41:05Z</time>
   </trkpt>
   <trkpt lat="37.8046150" lon="-122.4518550">
    <ele>3.3</ele>
    <time>2026-05-03T21:41:06Z</time>
   </trkpt>
   <trkpt lat="37.8046390" lon="-122.4518330">
    <ele>3.3</ele>
    <time>2026-05-03T21:41:07Z</time>
   </trkpt>
   <trkpt lat="37.8046610" lon="-122.4517930">
    <ele>3.3</ele>
    <time>2026-05-03T21:41:08Z</time>
   </trkpt>
   <trkpt lat="37.8046470" lon="-122.4517420">
    <ele>3.3</ele>
    <time>2026-05-03T21:41:09Z</time>
   </trkpt>
   <trkpt lat="37.8046440" lon="-122.4516950">
    <ele>3.3</ele>
    <time>2026-05-03T21:41:10Z</time>
   </trkpt>
   <trkpt lat="37.8046400" lon="-122.4516510">
    <ele>3.3</ele>
    <time>2026-05-03T21:41:11Z</time>
   </trkpt>
   <trkpt lat="37.8046440" lon="-122.4516100">
    <ele>3.3</ele>
    <time>2026-05-03T21:41:12Z</time>
   </trkpt>
   <trkpt lat="37.8046430" lon="-122.4515700">
    <ele>3.3</ele>
    <time>2026-05-03T21:41:13Z</time>
   </trkpt>
   <trkpt lat="37.8046480" lon="-122.4515210">
    <ele>3.3</ele>
    <time>2026-05-03T21:41:14Z</time>
   </trkpt>
   <trkpt lat="37.8046500" lon="-122.4514680">
    <ele>3.3</ele>
    <time>2026-05-03T21:41:15Z</time>
   </trkpt>
   <trkpt lat="37.8046650" lon="-122.4514380">
    <ele>3.3</ele>
    <time>2026-05-03T21:41:16Z</time>
   </trkpt>
   <trkpt lat="37.8046640" lon="-122.4513960">
    <ele>3.3</ele>
    <time>2026-05-03T21:41:17Z</time>
   </trkpt>
   <trkpt lat="37.8046730" lon="-122.4513600">
    <ele>3.3</ele>
    <time>2026-05-03T21:41:18Z</time>
   </trkpt>
   <trkpt lat="37.8046540" lon="-122.4512980">
    <ele>3.3</ele>
    <time>2026-05-03T21:41:19Z</time>
   </trkpt>
   <trkpt lat="37.8046670" lon="-122.4512500">
    <ele>3.3</ele>
    <time>2026-05-03T21:41:20Z</time>
   </trkpt>
   <trkpt lat="37.8046690" lon="-122.4512310">
    <ele>3.3</ele>
    <time>2026-05-03T21:41:21Z</time>
   </trkpt>
   <trkpt lat="37.8046770" lon="-122.4511920">
    <ele>3.3</ele>
    <time>2026-05-03T21:41:22Z</time>
   </trkpt>
   <trkpt lat="37.8046840" lon="-122.4511510">
    <ele>3.3</ele>
    <time>2026-05-03T21:41:23Z</time>
   </trkpt>
   <trkpt lat="37.8046880" lon="-122.4511150">
    <ele>3.3</ele>
    <time>2026-05-03T21:41:24Z</time>
   </trkpt>
   <trkpt lat="37.8046950" lon="-122.4510780">
    <ele>3.3</ele>
    <time>2026-05-03T21:41:25Z</time>
   </trkpt>
   <trkpt lat="37.8047030" lon="-122.4510430">
    <ele>3.3</ele>
    <time>2026-05-03T21:41:26Z</time>
   </trkpt>
   <trkpt lat="37.8047010" lon="-122.4510010">
    <ele>3.3</ele>
    <time>2026-05-03T21:41:27Z</time>
   </trkpt>
   <trkpt lat="37.8047070" lon="-122.4509590">
    <ele>3.2</ele>
    <time>2026-05-03T21:41:28Z</time>
   </trkpt>
   <trkpt lat="37.8047220" lon="-122.4509110">
    <ele>3.3</ele>
    <time>2026-05-03T21:41:29Z</time>
   </trkpt>
   <trkpt lat="37.8047270" lon="-122.4508930">
    <ele>3.3</ele>
    <time>2026-05-03T21:41:30Z</time>
   </trkpt>
   <trkpt lat="37.8047360" lon="-122.4508540">
    <ele>3.3</ele>
    <time>2026-05-03T21:41:31Z</time>
   </trkpt>
   <trkpt lat="37.8047380" lon="-122.4508170">
    <ele>3.3</ele>
    <time>2026-05-03T21:41:32Z</time>
   </trkpt>
   <trkpt lat="37.8047400" lon="-122.4507720">
    <ele>3.3</ele>
    <time>2026-05-03T21:41:33Z</time>
   </trkpt>
   <trkpt lat="37.8047410" lon="-122.4507320">
    <ele>3.3</ele>
    <time>2026-05-03T21:41:34Z</time>
   </trkpt>
   <trkpt lat="37.8047440" lon="-122.4506960">
    <ele>3.3</ele>
    <time>2026-05-03T21:41:35Z</time>
   </trkpt>
   <trkpt lat="37.8047510" lon="-122.4506590">
    <ele>3.3</ele>
    <time>2026-05-03T21:41:36Z</time>
   </trkpt>
   <trkpt lat="37.8047490" lon="-122.4506230">
    <ele>3.3</ele>
    <time>2026-05-03T21:41:37Z</time>
   </trkpt>
   <trkpt lat="37.8047550" lon="-122.4505700">
    <ele>3.3</ele>
    <time>2026-05-03T21:41:38Z</time>
   </trkpt>
   <trkpt lat="37.8047610" lon="-122.4505490">
    <ele>3.3</ele>
    <time>2026-05-03T21:41:39Z</time>
   </trkpt>
   <trkpt lat="37.8047640" lon="-122.4504970">
    <ele>3.3</ele>
    <time>2026-05-03T21:41:40Z</time>
   </trkpt>
   <trkpt lat="37.8047610" lon="-122.4504780">
    <ele>3.3</ele>
    <time>2026-05-03T21:41:41Z</time>
   </trkpt>
   <trkpt lat="37.8047730" lon="-122.4504450">
    <ele>3.3</ele>
    <time>2026-05-03T21:41:42Z</time>
   </trkpt>
   <trkpt lat="37.8047820" lon="-122.4504050">
    <ele>3.3</ele>
    <time>2026-05-03T21:41:43Z</time>
   </trkpt>
   <trkpt lat="37.8047870" lon="-122.4503670">
    <ele>3.3</ele>
    <time>2026-05-03T21:41:44Z</time>
   </trkpt>
   <trkpt lat="37.8048040" lon="-122.4503350">
    <ele>3.3</ele>
    <time>2026-05-03T21:41:45Z</time>
   </trkpt>
   <trkpt lat="37.8047870" lon="-122.4502920">
    <ele>3.3</ele>
    <time>2026-05-03T21:41:46Z</time>
   </trkpt>
   <trkpt lat="37.8047960" lon="-122.4502550">
    <ele>3.3</ele>
    <time>2026-05-03T21:41:47Z</time>
   </trkpt>
   <trkpt lat="37.8048020" lon="-122.4502090">
    <ele>3.2</ele>
    <time>2026-05-03T21:41:48Z</time>
   </trkpt>
   <trkpt lat="37.8048100" lon="-122.4501710">
    <ele>3.2</ele>
    <time>2026-05-03T21:41:49Z</time>
   </trkpt>
   <trkpt lat="37.8048160" lon="-122.4501370">
    <ele>3.2</ele>
    <time>2026-05-03T21:41:50Z</time>
   </trkpt>
   <trkpt lat="37.8048240" lon="-122.4500980">
    <ele>3.3</ele>
    <time>2026-05-03T21:41:51Z</time>
   </trkpt>
   <trkpt lat="37.8048310" lon="-122.4500640">
    <ele>3.3</ele>
    <time>2026-05-03T21:41:52Z</time>
   </trkpt>
   <trkpt lat="37.8048390" lon="-122.4500150">
    <ele>3.3</ele>
    <time>2026-05-03T21:41:53Z</time>
   </trkpt>
   <trkpt lat="37.8048410" lon="-122.4499960">
    <ele>3.3</ele>
    <time>2026-05-03T21:41:54Z</time>
   </trkpt>
   <trkpt lat="37.8048450" lon="-122.4499410">
    <ele>3.3</ele>
    <time>2026-05-03T21:41:55Z</time>
   </trkpt>
   <trkpt lat="37.8048450" lon="-122.4499170">
    <ele>3.3</ele>
    <time>2026-05-03T21:41:56Z</time>
   </trkpt>
   <trkpt lat="37.8048440" lon="-122.4498730">
    <ele>3.3</ele>
    <time>2026-05-03T21:41:57Z</time>
   </trkpt>
   <trkpt lat="37.8048450" lon="-122.4498260">
    <ele>3.3</ele>
    <time>2026-05-03T21:41:58Z</time>
   </trkpt>
   <trkpt lat="37.8048830" lon="-122.4497940">
    <ele>3.4</ele>
    <time>2026-05-03T21:41:59Z</time>
   </trkpt>
   <trkpt lat="37.8048830" lon="-122.4497380">
    <ele>3.4</ele>
    <time>2026-05-03T21:42:00Z</time>
   </trkpt>
   <trkpt lat="37.8048830" lon="-122.4497160">
    <ele>3.4</ele>
    <time>2026-05-03T21:42:01Z</time>
   </trkpt>
   <trkpt lat="37.8048860" lon="-122.4496690">
    <ele>3.4</ele>
    <time>2026-05-03T21:42:02Z</time>
   </trkpt>
   <trkpt lat="37.8048960" lon="-122.4496280">
    <ele>3.4</ele>
    <time>2026-05-03T21:42:03Z</time>
   </trkpt>
   <trkpt lat="37.8049090" lon="-122.4495920">
    <ele>3.4</ele>
    <time>2026-05-03T21:42:04Z</time>
   </trkpt>
   <trkpt lat="37.8049140" lon="-122.4495510">
    <ele>3.4</ele>
    <time>2026-05-03T21:42:05Z</time>
   </trkpt>
   <trkpt lat="37.8049250" lon="-122.4495170">
    <ele>3.4</ele>
    <time>2026-05-03T21:42:06Z</time>
   </trkpt>
   <trkpt lat="37.8049290" lon="-122.4494730">
    <ele>3.4</ele>
    <time>2026-05-03T21:42:07Z</time>
   </trkpt>
   <trkpt lat="37.8049360" lon="-122.4494340">
    <ele>3.4</ele>
    <time>2026-05-03T21:42:08Z</time>
   </trkpt>
   <trkpt lat="37.8049390" lon="-122.4493940">
    <ele>3.4</ele>
    <time>2026-05-03T21:42:09Z</time>
   </trkpt>
   <trkpt lat="37.8049480" lon="-122.4493500">
    <ele>3.4</ele>
    <time>2026-05-03T21:42:10Z</time>
   </trkpt>
   <trkpt lat="37.8049590" lon="-122.4493040">
    <ele>3.4</ele>
    <time>2026-05-03T21:42:11Z</time>
   </trkpt>
   <trkpt lat="37.8049600" lon="-122.4492870">
    <ele>3.4</ele>
    <time>2026-05-03T21:42:12Z</time>
   </trkpt>
   <trkpt lat="37.8049680" lon="-122.4492440">
    <ele>3.4</ele>
    <time>2026-05-03T21:42:13Z</time>
   </trkpt>
   <trkpt lat="37.8049890" lon="-122.4491850">
    <ele>3.4</ele>
    <time>2026-05-03T21:42:14Z</time>
   </trkpt>
   <trkpt lat="37.8049930" lon="-122.4491520">
    <ele>3.4</ele>
    <time>2026-05-03T21:42:15Z</time>
   </trkpt>
   <trkpt lat="37.8049980" lon="-122.4491120">
    <ele>3.4</ele>
    <time>2026-05-03T21:42:16Z</time>
   </trkpt>
   <trkpt lat="37.8050120" lon="-122.4490630">
    <ele>3.4</ele>
    <time>2026-05-03T21:42:17Z</time>
   </trkpt>
   <trkpt lat="37.8050110" lon="-122.4490410">
    <ele>3.4</ele>
    <time>2026-05-03T21:42:18Z</time>
   </trkpt>
   <trkpt lat="37.8050300" lon="-122.4490170">
    <ele>3.4</ele>
    <time>2026-05-03T21:42:19Z</time>
   </trkpt>
   <trkpt lat="37.8050320" lon="-122.4489820">
    <ele>3.4</ele>
    <time>2026-05-03T21:42:20Z</time>
   </trkpt>
   <trkpt lat="37.8050480" lon="-122.4489440">
    <ele>3.4</ele>
    <time>2026-05-03T21:42:21Z</time>
   </trkpt>
   <trkpt lat="37.8050420" lon="-122.4488990">
    <ele>3.4</ele>
    <time>2026-05-03T21:42:22Z</time>
   </trkpt>
   <trkpt lat="37.8050550" lon="-122.4488640">
    <ele>3.4</ele>
    <time>2026-05-03T21:42:23Z</time>
   </trkpt>
   <trkpt lat="37.8050660" lon="-122.4488310">
    <ele>3.4</ele>
    <time>2026-05-03T21:42:24Z</time>
   </trkpt>
   <trkpt lat="37.8050780" lon="-122.4487780">
    <ele>3.4</ele>
    <time>2026-05-03T21:42:25Z</time>
   </trkpt>
   <trkpt lat="37.8050830" lon="-122.4487540">
    <ele>3.4</ele>
    <time>2026-05-03T21:42:26Z</time>
   </trkpt>
   <trkpt lat="37.8050890" lon="-122.4486950">
    <ele>3.4</ele>
    <time>2026-05-03T21:42:27Z</time>
   </trkpt>
   <trkpt lat="37.8050810" lon="-122.4486640">
    <ele>3.4</ele>
    <time>2026-05-03T21:42:28Z</time>
   </trkpt>
   <trkpt lat="37.8050800" lon="-122.4486460">
    <ele>3.4</ele>
    <time>2026-05-03T21:42:29Z</time>
   </trkpt>
   <trkpt lat="37.8050990" lon="-122.4486090">
    <ele>3.4</ele>
    <time>2026-05-03T21:42:30Z</time>
   </trkpt>
   <trkpt lat="37.8050970" lon="-122.4485630">
    <ele>3.4</ele>
    <time>2026-05-03T21:42:31Z</time>
   </trkpt>
   <trkpt lat="37.8050980" lon="-122.4485290">
    <ele>3.4</ele>
    <time>2026-05-03T21:42:32Z</time>
   </trkpt>
   <trkpt lat="37.8051160" lon="-122.4485270">
    <ele>3.4</ele>
    <time>2026-05-03T21:42:33Z</time>
   </trkpt>
   <trkpt lat="37.8051250" lon="-122.4484910">
    <ele>3.4</ele>
    <time>2026-05-03T21:42:34Z</time>
   </trkpt>
   <trkpt lat="37.8051190" lon="-122.4484500">
    <ele>3.4</ele>
    <time>2026-05-03T21:42:35Z</time>
   </trkpt>
   <trkpt lat="37.8051300" lon="-122.4484110">
    <ele>3.4</ele>
    <time>2026-05-03T21:42:36Z</time>
   </trkpt>
   <trkpt lat="37.8051450" lon="-122.4483660">
    <ele>3.4</ele>
    <time>2026-05-03T21:42:37Z</time>
   </trkpt>
   <trkpt lat="37.8051500" lon="-122.4483530">
    <ele>3.4</ele>
    <time>2026-05-03T21:42:38Z</time>
   </trkpt>
   <trkpt lat="37.8051570" lon="-122.4483150">
    <ele>3.4</ele>
    <time>2026-05-03T21:42:39Z</time>
   </trkpt>
   <trkpt lat="37.8051600" lon="-122.4482690">
    <ele>3.4</ele>
    <time>2026-05-03T21:42:40Z</time>
   </trkpt>
   <trkpt lat="37.8051620" lon="-122.4482310">
    <ele>3.4</ele>
    <time>2026-05-03T21:42:41Z</time>
   </trkpt>
   <trkpt lat="37.8051720" lon="-122.4481840">
    <ele>3.4</ele>
    <time>2026-05-03T21:42:42Z</time>
   </trkpt>
   <trkpt lat="37.8051740" lon="-122.4481390">
    <ele>3.4</ele>
    <time>2026-05-03T21:42:43Z</time>
   </trkpt>
   <trkpt lat="37.8051740" lon="-122.4480930">
    <ele>3.4</ele>
    <time>2026-05-03T21:42:44Z</time>
   </trkpt>
   <trkpt lat="37.8051710" lon="-122.4480760">
    <ele>3.4</ele>
    <time>2026-05-03T21:42:45Z</time>
   </trkpt>
   <trkpt lat="37.8051740" lon="-122.4480390">
    <ele>3.4</ele>
    <time>2026-05-03T21:42:46Z</time>
   </trkpt>
   <trkpt lat="37.8051760" lon="-122.4480010">
    <ele>3.4</ele>
    <time>2026-05-03T21:42:47Z</time>
   </trkpt>
   <trkpt lat="37.8051850" lon="-122.4479610">
    <ele>3.4</ele>
    <time>2026-05-03T21:42:48Z</time>
   </trkpt>
   <trkpt lat="37.8051840" lon="-122.4479220">
    <ele>3.4</ele>
    <time>2026-05-03T21:42:49Z</time>
   </trkpt>
   <trkpt lat="37.8051940" lon="-122.4478680">
    <ele>3.4</ele>
    <time>2026-05-03T21:42:50Z</time>
   </trkpt>
   <trkpt lat="37.8051930" lon="-122.4478460">
    <ele>3.4</ele>
    <time>2026-05-03T21:42:51Z</time>
   </trkpt>
   <trkpt lat="37.8051940" lon="-122.4478060">
    <ele>3.4</ele>
    <time>2026-05-03T21:42:52Z</time>
   </trkpt>
   <trkpt lat="37.8052010" lon="-122.4477730">
    <ele>3.4</ele>
    <time>2026-05-03T21:42:53Z</time>
   </trkpt>
   <trkpt lat="37.8052030" lon="-122.4477350">
    <ele>3.4</ele>
    <time>2026-05-03T21:42:54Z</time>
   </trkpt>
   <trkpt lat="37.8052050" lon="-122.4476940">
    <ele>3.4</ele>
    <time>2026-05-03T21:42:55Z</time>
   </trkpt>
   <trkpt lat="37.8052130" lon="-122.4476440">
    <ele>3.4</ele>
    <time>2026-05-03T21:42:56Z</time>
   </trkpt>
   <trkpt lat="37.8052160" lon="-122.4476270">
    <ele>3.4</ele>
    <time>2026-05-03T21:42:57Z</time>
   </trkpt>
   <trkpt lat="37.8052120" lon="-122.4475890">
    <ele>3.4</ele>
    <time>2026-05-03T21:42:58Z</time>
   </trkpt>
   <trkpt lat="37.8052280" lon="-122.4475510">
    <ele>3.4</ele>
    <time>2026-05-03T21:42:59Z</time>
   </trkpt>
   <trkpt lat="37.8052270" lon="-122.4475010">
    <ele>3.4</ele>
    <time>2026-05-03T21:43:00Z</time>
   </trkpt>
   <trkpt lat="37.8052300" lon="-122.4474600">
    <ele>3.4</ele>
    <time>2026-05-03T21:43:01Z</time>
   </trkpt>
   <trkpt lat="37.8052400" lon="-122.4474120">
    <ele>3.4</ele>
    <time>2026-05-03T21:43:02Z</time>
   </trkpt>
   <trkpt lat="37.8052460" lon="-122.4473970">
    <ele>3.4</ele>
    <time>2026-05-03T21:43:03Z</time>
   </trkpt>
   <trkpt lat="37.8052510" lon="-122.4473480">
    <ele>3.4</ele>
    <time>2026-05-03T21:43:04Z</time>
   </trkpt>
   <trkpt lat="37.8052560" lon="-122.4473130">
    <ele>3.4</ele>
    <time>2026-05-03T21:43:05Z</time>
   </trkpt>
   <trkpt lat="37.8052530" lon="-122.4472720">
    <ele>3.4</ele>
    <time>2026-05-03T21:43:06Z</time>
   </trkpt>
   <trkpt lat="37.8052590" lon="-122.4472300">
    <ele>3.4</ele>
    <time>2026-05-03T21:43:07Z</time>
   </trkpt>
   <trkpt lat="37.8052690" lon="-122.4471880">
    <ele>3.4</ele>
    <time>2026-05-03T21:43:08Z</time>
   </trkpt>
   <trkpt lat="37.8052750" lon="-122.4471330">
    <ele>3.4</ele>
    <time>2026-05-03T21:43:09Z</time>
   </trkpt>
   <trkpt lat="37.8052710" lon="-122.4470940">
    <ele>3.4</ele>
    <time>2026-05-03T21:43:10Z</time>
   </trkpt>
   <trkpt lat="37.8052810" lon="-122.4470520">
    <ele>3.4</ele>
    <time>2026-05-03T21:43:11Z</time>
   </trkpt>
   <trkpt lat="37.8052930" lon="-122.4470150">
    <ele>3.4</ele>
    <time>2026-05-03T21:43:12Z</time>
   </trkpt>
   <trkpt lat="37.8052950" lon="-122.4469750">
    <ele>3.4</ele>
    <time>2026-05-03T21:43:13Z</time>
   </trkpt>
   <trkpt lat="37.8052990" lon="-122.4469330">
    <ele>3.3</ele>
    <time>2026-05-03T21:43:14Z</time>
   </trkpt>
   <trkpt lat="37.8053080" lon="-122.4468960">
    <ele>3.3</ele>
    <time>2026-05-03T21:43:15Z</time>
   </trkpt>
   <trkpt lat="37.8053090" lon="-122.4468590">
    <ele>3.3</ele>
    <time>2026-05-03T21:43:16Z</time>
   </trkpt>
   <trkpt lat="37.8053040" lon="-122.4468090">
    <ele>3.3</ele>
    <time>2026-05-03T21:43:17Z</time>
   </trkpt>
   <trkpt lat="37.8053140" lon="-122.4467630">
    <ele>3.3</ele>
    <time>2026-05-03T21:43:18Z</time>
   </trkpt>
   <trkpt lat="37.8053270" lon="-122.4467220">
    <ele>3.3</ele>
    <time>2026-05-03T21:43:19Z</time>
   </trkpt>
   <trkpt lat="37.8053360" lon="-122.4467090">
    <ele>3.3</ele>
    <time>2026-05-03T21:43:20Z</time>
   </trkpt>
   <trkpt lat="37.8053410" lon="-122.4466700">
    <ele>3.3</ele>
    <time>2026-05-03T21:43:21Z</time>
   </trkpt>
   <trkpt lat="37.8053350" lon="-122.4466260">
    <ele>3.3</ele>
    <time>2026-05-03T21:43:22Z</time>
   </trkpt>
   <trkpt lat="37.8053480" lon="-122.4465790">
    <ele>3.3</ele>
    <time>2026-05-03T21:43:23Z</time>
   </trkpt>
   <trkpt lat="37.8053530" lon="-122.4465610">
    <ele>3.3</ele>
    <time>2026-05-03T21:43:24Z</time>
   </trkpt>
   <trkpt lat="37.8053500" lon="-122.4465190">
    <ele>3.3</ele>
    <time>2026-05-03T21:43:25Z</time>
   </trkpt>
   <trkpt lat="37.8053520" lon="-122.4464660">
    <ele>3.3</ele>
    <time>2026-05-03T21:43:26Z</time>
   </trkpt>
   <trkpt lat="37.8053470" lon="-122.4464440">
    <ele>3.3</ele>
    <time>2026-05-03T21:43:27Z</time>
   </trkpt>
   <trkpt lat="37.8053610" lon="-122.4463970">
    <ele>3.2</ele>
    <time>2026-05-03T21:43:28Z</time>
   </trkpt>
   <trkpt lat="37.8053700" lon="-122.4463630">
    <ele>3.2</ele>
    <time>2026-05-03T21:43:29Z</time>
   </trkpt>
   <trkpt lat="37.8053880" lon="-122.4463240">
    <ele>3.2</ele>
    <time>2026-05-03T21:43:30Z</time>
   </trkpt>
   <trkpt lat="37.8053850" lon="-122.4462830">
    <ele>3.2</ele>
    <time>2026-05-03T21:43:31Z</time>
   </trkpt>
   <trkpt lat="37.8053870" lon="-122.4462470">
    <ele>3.2</ele>
    <time>2026-05-03T21:43:32Z</time>
   </trkpt>
   <trkpt lat="37.8053820" lon="-122.4462010">
    <ele>3.2</ele>
    <time>2026-05-03T21:43:33Z</time>
   </trkpt>
   <trkpt lat="37.8053830" lon="-122.4461590">
    <ele>3.2</ele>
    <time>2026-05-03T21:43:34Z</time>
   </trkpt>
   <trkpt lat="37.8053970" lon="-122.4461250">
    <ele>3.2</ele>
    <time>2026-05-03T21:43:35Z</time>
   </trkpt>
   <trkpt lat="37.8054070" lon="-122.4460890">
    <ele>3.2</ele>
    <time>2026-05-03T21:43:36Z</time>
   </trkpt>
   <trkpt lat="37.8054100" lon="-122.4460380">
    <ele>3.2</ele>
    <time>2026-05-03T21:43:37Z</time>
   </trkpt>
   <trkpt lat="37.8054120" lon="-122.4460200">
    <ele>3.3</ele>
    <time>2026-05-03T21:43:38Z</time>
   </trkpt>
   <trkpt lat="37.8054170" lon="-122.4459820">
    <ele>3.3</ele>
    <time>2026-05-03T21:43:39Z</time>
   </trkpt>
   <trkpt lat="37.8054130" lon="-122.4459340">
    <ele>3.3</ele>
    <time>2026-05-03T21:43:40Z</time>
   </trkpt>
   <trkpt lat="37.8054240" lon="-122.4458970">
    <ele>3.3</ele>
    <time>2026-05-03T21:43:41Z</time>
   </trkpt>
   <trkpt lat="37.8054240" lon="-122.4458520">
    <ele>3.2</ele>
    <time>2026-05-03T21:43:42Z</time>
   </trkpt>
   <trkpt lat="37.8054270" lon="-122.4458150">
    <ele>3.2</ele>
    <time>2026-05-03T21:43:43Z</time>
   </trkpt>
   <trkpt lat="37.8054260" lon="-122.4457700">
    <ele>3.2</ele>
    <time>2026-05-03T21:43:44Z</time>
   </trkpt>
   <trkpt lat="37.8054310" lon="-122.4457250">
    <ele>3.2</ele>
    <time>2026-05-03T21:43:45Z</time>
   </trkpt>
   <trkpt lat="37.8054440" lon="-122.4456810">
    <ele>3.2</ele>
    <time>2026-05-03T21:43:46Z</time>
   </trkpt>
   <trkpt lat="37.8054430" lon="-122.4456360">
    <ele>3.2</ele>
    <time>2026-05-03T21:43:47Z</time>
   </trkpt>
   <trkpt lat="37.8054520" lon="-122.4455880">
    <ele>3.2</ele>
    <time>2026-05-03T21:43:48Z</time>
   </trkpt>
   <trkpt lat="37.8054620" lon="-122.4455550">
    <ele>3.2</ele>
    <time>2026-05-03T21:43:49Z</time>
   </trkpt>
   <trkpt lat="37.8054590" lon="-122.4455160">
    <ele>3.2</ele>
    <time>2026-05-03T21:43:50Z</time>
   </trkpt>
   <trkpt lat="37.8054740" lon="-122.4454640">
    <ele>3.2</ele>
    <time>2026-05-03T21:43:51Z</time>
   </trkpt>
   <trkpt lat="37.8054790" lon="-122.4454410">
    <ele>3.2</ele>
    <time>2026-05-03T21:43:52Z</time>
   </trkpt>
   <trkpt lat="37.8054770" lon="-122.4453930">
    <ele>3.2</ele>
    <time>2026-05-03T21:43:53Z</time>
   </trkpt>
   <trkpt lat="37.8054710" lon="-122.4453410">
    <ele>3.2</ele>
    <time>2026-05-03T21:43:54Z</time>
   </trkpt>
   <trkpt lat="37.8054780" lon="-122.4452990">
    <ele>3.2</ele>
    <time>2026-05-03T21:43:55Z</time>
   </trkpt>
   <trkpt lat="37.8054900" lon="-122.4452690">
    <ele>3.2</ele>
    <time>2026-05-03T21:43:56Z</time>
   </trkpt>
   <trkpt lat="37.8054970" lon="-122.4452240">
    <ele>3.2</ele>
    <time>2026-05-03T21:43:57Z</time>
   </trkpt>
   <trkpt lat="37.8055010" lon="-122.4451900">
    <ele>3.2</ele>
    <time>2026-05-03T21:43:58Z</time>
   </trkpt>
   <trkpt lat="37.8055080" lon="-122.4451380">
    <ele>3.2</ele>
    <time>2026-05-03T21:43:59Z</time>
   </trkpt>
   <trkpt lat="37.8055120" lon="-122.4451170">
    <ele>3.2</ele>
    <time>2026-05-03T21:44:00Z</time>
   </trkpt>
   <trkpt lat="37.8055230" lon="-122.4450740">
    <ele>3.1</ele>
    <time>2026-05-03T21:44:01Z</time>
   </trkpt>
   <trkpt lat="37.8055370" lon="-122.4450380">
    <ele>3.1</ele>
    <time>2026-05-03T21:44:02Z</time>
   </trkpt>
   <trkpt lat="37.8055410" lon="-122.4449960">
    <ele>3.1</ele>
    <time>2026-05-03T21:44:03Z</time>
   </trkpt>
   <trkpt lat="37.8055480" lon="-122.4449540">
    <ele>3.1</ele>
    <time>2026-05-03T21:44:04Z</time>
   </trkpt>
   <trkpt lat="37.8055570" lon="-122.4449050">
    <ele>3.1</ele>
    <time>2026-05-03T21:44:05Z</time>
   </trkpt>
   <trkpt lat="37.8055640" lon="-122.4448860">
    <ele>3.1</ele>
    <time>2026-05-03T21:44:06Z</time>
   </trkpt>
   <trkpt lat="37.8055640" lon="-122.4448490">
    <ele>3.0</ele>
    <time>2026-05-03T21:44:07Z</time>
   </trkpt>
   <trkpt lat="37.8055710" lon="-122.4448140">
    <ele>3.0</ele>
    <time>2026-05-03T21:44:08Z</time>
   </trkpt>
   <trkpt lat="37.8055740" lon="-122.4447630">
    <ele>3.0</ele>
    <time>2026-05-03T21:44:09Z</time>
   </trkpt>
   <trkpt lat="37.8055770" lon="-122.4447170">
    <ele>3.0</ele>
    <time>2026-05-03T21:44:10Z</time>
   </trkpt>
   <trkpt lat="37.8055850" lon="-122.4446840">
    <ele>3.0</ele>
    <time>2026-05-03T21:44:11Z</time>
   </trkpt>
   <trkpt lat="37.8055870" lon="-122.4446330">
    <ele>3.0</ele>
    <time>2026-05-03T21:44:12Z</time>
   </trkpt>
   <trkpt lat="37.8055930" lon="-122.4445940">
    <ele>3.0</ele>
    <time>2026-05-03T21:44:13Z</time>
   </trkpt>
   <trkpt lat="37.8056020" lon="-122.4445500">
    <ele>2.9</ele>
    <time>2026-05-03T21:44:14Z</time>
   </trkpt>
   <trkpt lat="37.8056070" lon="-122.4445120">
    <ele>2.9</ele>
    <time>2026-05-03T21:44:15Z</time>
   </trkpt>
   <trkpt lat="37.8056010" lon="-122.4444590">
    <ele>2.9</ele>
    <time>2026-05-03T21:44:16Z</time>
   </trkpt>
   <trkpt lat="37.8056120" lon="-122.4444270">
    <ele>2.9</ele>
    <time>2026-05-03T21:44:17Z</time>
   </trkpt>
   <trkpt lat="37.8056180" lon="-122.4443880">
    <ele>2.9</ele>
    <time>2026-05-03T21:44:18Z</time>
   </trkpt>
   <trkpt lat="37.8056230" lon="-122.4443540">
    <ele>2.9</ele>
    <time>2026-05-03T21:44:19Z</time>
   </trkpt>
   <trkpt lat="37.8056280" lon="-122.4443170">
    <ele>2.9</ele>
    <time>2026-05-03T21:44:20Z</time>
   </trkpt>
   <trkpt lat="37.8056380" lon="-122.4442720">
    <ele>2.9</ele>
    <time>2026-05-03T21:44:21Z</time>
   </trkpt>
   <trkpt lat="37.8056350" lon="-122.4442370">
    <ele>2.9</ele>
    <time>2026-05-03T21:44:22Z</time>
   </trkpt>
   <trkpt lat="37.8056440" lon="-122.4442030">
    <ele>2.9</ele>
    <time>2026-05-03T21:44:23Z</time>
   </trkpt>
   <trkpt lat="37.8056510" lon="-122.4441580">
    <ele>2.9</ele>
    <time>2026-05-03T21:44:24Z</time>
   </trkpt>
   <trkpt lat="37.8056480" lon="-122.4441130">
    <ele>2.9</ele>
    <time>2026-05-03T21:44:25Z</time>
   </trkpt>
   <trkpt lat="37.8056580" lon="-122.4440700">
    <ele>2.9</ele>
    <time>2026-05-03T21:44:26Z</time>
   </trkpt>
   <trkpt lat="37.8056580" lon="-122.4440490">
    <ele>2.9</ele>
    <time>2026-05-03T21:44:27Z</time>
   </trkpt>
   <trkpt lat="37.8056680" lon="-122.4440160">
    <ele>2.9</ele>
    <time>2026-05-03T21:44:28Z</time>
   </trkpt>
   <trkpt lat="37.8056730" lon="-122.4439610">
    <ele>2.9</ele>
    <time>2026-05-03T21:44:29Z</time>
   </trkpt>
   <trkpt lat="37.8056750" lon="-122.4439400">
    <ele>2.9</ele>
    <time>2026-05-03T21:44:30Z</time>
   </trkpt>
   <trkpt lat="37.8056840" lon="-122.4439060">
    <ele>2.9</ele>
    <time>2026-05-03T21:44:31Z</time>
   </trkpt>
   <trkpt lat="37.8056850" lon="-122.4438660">
    <ele>2.9</ele>
    <time>2026-05-03T21:44:32Z</time>
   </trkpt>
   <trkpt lat="37.8056950" lon="-122.4438340">
    <ele>2.9</ele>
    <time>2026-05-03T21:44:33Z</time>
   </trkpt>
   <trkpt lat="37.8057010" lon="-122.4437810">
    <ele>2.9</ele>
    <time>2026-05-03T21:44:34Z</time>
   </trkpt>
   <trkpt lat="37.8057100" lon="-122.4437460">
    <ele>2.9</ele>
    <time>2026-05-03T21:44:35Z</time>
   </trkpt>
   <trkpt lat="37.8057150" lon="-122.4437110">
    <ele>2.9</ele>
    <time>2026-05-03T21:44:36Z</time>
   </trkpt>
   <trkpt lat="37.8057070" lon="-122.4436660">
    <ele>2.9</ele>
    <time>2026-05-03T21:44:37Z</time>
   </trkpt>
   <trkpt lat="37.8057070" lon="-122.4436210">
    <ele>2.9</ele>
    <time>2026-05-03T21:44:38Z</time>
   </trkpt>
   <trkpt lat="37.8057140" lon="-122.4435760">
    <ele>2.9</ele>
    <time>2026-05-03T21:44:39Z</time>
   </trkpt>
   <trkpt lat="37.8057170" lon="-122.4435600">
    <ele>2.9</ele>
    <time>2026-05-03T21:44:40Z</time>
   </trkpt>
   <trkpt lat="37.8057360" lon="-122.4435190">
    <ele>2.9</ele>
    <time>2026-05-03T21:44:41Z</time>
   </trkpt>
   <trkpt lat="37.8057460" lon="-122.4434830">
    <ele>3.0</ele>
    <time>2026-05-03T21:44:42Z</time>
   </trkpt>
   <trkpt lat="37.8057460" lon="-122.4434450">
    <ele>3.0</ele>
    <time>2026-05-03T21:44:43Z</time>
   </trkpt>
   <trkpt lat="37.8057500" lon="-122.4434020">
    <ele>3.0</ele>
    <time>2026-05-03T21:44:44Z</time>
   </trkpt>
   <trkpt lat="37.8057530" lon="-122.4433450">
    <ele>3.0</ele>
    <time>2026-05-03T21:44:45Z</time>
   </trkpt>
   <trkpt lat="37.8057540" lon="-122.4433220">
    <ele>3.0</ele>
    <time>2026-05-03T21:44:46Z</time>
   </trkpt>
   <trkpt lat="37.8057580" lon="-122.4432670">
    <ele>3.0</ele>
    <time>2026-05-03T21:44:47Z</time>
   </trkpt>
   <trkpt lat="37.8057600" lon="-122.4432440">
    <ele>3.0</ele>
    <time>2026-05-03T21:44:48Z</time>
   </trkpt>
   <trkpt lat="37.8057710" lon="-122.4432010">
    <ele>3.0</ele>
    <time>2026-05-03T21:44:49Z</time>
   </trkpt>
   <trkpt lat="37.8057810" lon="-122.4431690">
    <ele>3.0</ele>
    <time>2026-05-03T21:44:50Z</time>
   </trkpt>
   <trkpt lat="37.8057900" lon="-122.4431160">
    <ele>3.0</ele>
    <time>2026-05-03T21:44:51Z</time>
   </trkpt>
   <trkpt lat="37.8057950" lon="-122.4430930">
    <ele>3.0</ele>
    <time>2026-05-03T21:44:52Z</time>
   </trkpt>
   <trkpt lat="37.8058010" lon="-122.4430450">
    <ele>3.1</ele>
    <time>2026-05-03T21:44:53Z</time>
   </trkpt>
   <trkpt lat="37.8058020" lon="-122.4430010">
    <ele>3.1</ele>
    <time>2026-05-03T21:44:54Z</time>
   </trkpt>
   <trkpt lat="37.8058050" lon="-122.4429610">
    <ele>3.1</ele>
    <time>2026-05-03T21:44:55Z</time>
   </trkpt>
   <trkpt lat="37.8058130" lon="-122.4429130">
    <ele>3.1</ele>
    <time>2026-05-03T21:44:56Z</time>
   </trkpt>
   <trkpt lat="37.8058230" lon="-122.4428660">
    <ele>3.0</ele>
    <time>2026-05-03T21:44:57Z</time>
   </trkpt>
   <trkpt lat="37.8058240" lon="-122.4428240">
    <ele>3.0</ele>
    <time>2026-05-03T21:44:58Z</time>
   </trkpt>
   <trkpt lat="37.8058150" lon="-122.4427840">
    <ele>3.0</ele>
    <time>2026-05-03T21:44:59Z</time>
   </trkpt>
   <trkpt lat="37.8058150" lon="-122.4427250">
    <ele>3.0</ele>
    <time>2026-05-03T21:45:00Z</time>
   </trkpt>
   <trkpt lat="37.8058260" lon="-122.4426880">
    <ele>3.0</ele>
    <time>2026-05-03T21:45:01Z</time>
   </trkpt>
   <trkpt lat="37.8058330" lon="-122.4426530">
    <ele>3.0</ele>
    <time>2026-05-03T21:45:02Z</time>
   </trkpt>
   <trkpt lat="37.8058390" lon="-122.4426180">
    <ele>3.0</ele>
    <time>2026-05-03T21:45:03Z</time>
   </trkpt>
   <trkpt lat="37.8058480" lon="-122.4425770">
    <ele>3.0</ele>
    <time>2026-05-03T21:45:04Z</time>
   </trkpt>
   <trkpt lat="37.8058520" lon="-122.4425380">
    <ele>3.0</ele>
    <time>2026-05-03T21:45:05Z</time>
   </trkpt>
   <trkpt lat="37.8058660" lon="-122.4424980">
    <ele>3.1</ele>
    <time>2026-05-03T21:45:06Z</time>
   </trkpt>
   <trkpt lat="37.8058740" lon="-122.4424840">
    <ele>3.1</ele>
    <time>2026-05-03T21:45:07Z</time>
   </trkpt>
   <trkpt lat="37.8059080" lon="-122.4425020">
    <ele>3.1</ele>
    <time>2026-05-03T21:45:08Z</time>
   </trkpt>
   <trkpt lat="37.8059240" lon="-122.4425190">
    <ele>3.0</ele>
    <time>2026-05-03T21:45:09Z</time>
   </trkpt>
   <trkpt lat="37.8059230" lon="-122.4425640">
    <ele>3.0</ele>
    <time>2026-05-03T21:45:10Z</time>
   </trkpt>
   <trkpt lat="37.8059110" lon="-122.4426110">
    <ele>3.0</ele>
    <time>2026-05-03T21:45:11Z</time>
   </trkpt>
   <trkpt lat="37.8059010" lon="-122.4426620">
    <ele>3.0</ele>
    <time>2026-05-03T21:45:12Z</time>
   </trkpt>
   <trkpt lat="37.8058970" lon="-122.4426800">
    <ele>3.0</ele>
    <time>2026-05-03T21:45:13Z</time>
   </trkpt>
   <trkpt lat="37.8058920" lon="-122.4427190">
    <ele>3.0</ele>
    <time>2026-05-03T21:45:14Z</time>
   </trkpt>
   <trkpt lat="37.8058850" lon="-122.4427650">
    <ele>3.0</ele>
    <time>2026-05-03T21:45:15Z</time>
   </trkpt>
   <trkpt lat="37.8058740" lon="-122.4428050">
    <ele>3.0</ele>
    <time>2026-05-03T21:45:16Z</time>
   </trkpt>
   <trkpt lat="37.8058730" lon="-122.4428300">
    <ele>3.0</ele>
    <time>2026-05-03T21:45:17Z</time>
   </trkpt>
   <trkpt lat="37.8058640" lon="-122.4428760">
    <ele>3.0</ele>
    <time>2026-05-03T21:45:18Z</time>
   </trkpt>
   <trkpt lat="37.8058600" lon="-122.4428910">
    <ele>3.0</ele>
    <time>2026-05-03T21:45:19Z</time>
   </trkpt>
   <trkpt lat="37.8058540" lon="-122.4429370">
    <ele>3.0</ele>
    <time>2026-05-03T21:45:20Z</time>
   </trkpt>
   <trkpt lat="37.8058520" lon="-122.4429520">
    <ele>3.0</ele>
    <time>2026-05-03T21:45:21Z</time>
   </trkpt>
   <trkpt lat="37.8058450" lon="-122.4430070">
    <ele>3.1</ele>
    <time>2026-05-03T21:45:22Z</time>
   </trkpt>
   <trkpt lat="37.8058420" lon="-122.4430290">
    <ele>3.1</ele>
    <time>2026-05-03T21:45:23Z</time>
   </trkpt>
   <trkpt lat="37.8058410" lon="-122.4430640">
    <ele>3.1</ele>
    <time>2026-05-03T21:45:24Z</time>
   </trkpt>
   <trkpt lat="37.8058200" lon="-122.4430960">
    <ele>3.1</ele>
    <time>2026-05-03T21:45:25Z</time>
   </trkpt>
   <trkpt lat="37.8058080" lon="-122.4431010">
    <ele>3.1</ele>
    <time>2026-05-03T21:45:26Z</time>
   </trkpt>
   <trkpt lat="37.8057900" lon="-122.4430710">
    <ele>3.1</ele>
    <time>2026-05-03T21:45:27Z</time>
   </trkpt>
   <trkpt lat="37.8057920" lon="-122.4430180">
    <ele>3.1</ele>
    <time>2026-05-03T21:45:28Z</time>
   </trkpt>
   <trkpt lat="37.8058000" lon="-122.4429780">
    <ele>3.1</ele>
    <time>2026-05-03T21:45:29Z</time>
   </trkpt>
   <trkpt lat="37.8058090" lon="-122.4429430">
    <ele>3.1</ele>
    <time>2026-05-03T21:45:30Z</time>
   </trkpt>
   <trkpt lat="37.8058210" lon="-122.4429070">
    <ele>3.1</ele>
    <time>2026-05-03T21:45:31Z</time>
   </trkpt>
   <trkpt lat="37.8058330" lon="-122.4428760">
    <ele>3.0</ele>
    <time>2026-05-03T21:45:32Z</time>
   </trkpt>
   <trkpt lat="37.8058370" lon="-122.4428380">
    <ele>3.0</ele>
    <time>2026-05-03T21:45:33Z</time>
   </trkpt>
   <trkpt lat="37.8058470" lon="-122.4427940">
    <ele>3.0</ele>
    <time>2026-05-03T21:45:34Z</time>
   </trkpt>
   <trkpt lat="37.8058480" lon="-122.4427500">
    <ele>3.0</ele>
    <time>2026-05-03T21:45:35Z</time>
   </trkpt>
   <trkpt lat="37.8058440" lon="-122.4427090">
    <ele>3.0</ele>
    <time>2026-05-03T21:45:36Z</time>
   </trkpt>
   <trkpt lat="37.8058310" lon="-122.4426570">
    <ele>3.0</ele>
    <time>2026-05-03T21:45:37Z</time>
   </trkpt>
   <trkpt lat="37.8058450" lon="-122.4426090">
    <ele>3.0</ele>
    <time>2026-05-03T21:45:38Z</time>
   </trkpt>
   <trkpt lat="37.8058470" lon="-122.4425890">
    <ele>3.0</ele>
    <time>2026-05-03T21:45:39Z</time>
   </trkpt>
   <trkpt lat="37.8058590" lon="-122.4425460">
    <ele>3.0</ele>
    <time>2026-05-03T21:45:40Z</time>
   </trkpt>
   <trkpt lat="37.8058590" lon="-122.4425100">
    <ele>3.1</ele>
    <time>2026-05-03T21:45:41Z</time>
   </trkpt>
   <trkpt lat="37.8058610" lon="-122.4424710">
    <ele>3.1</ele>
    <time>2026-05-03T21:45:42Z</time>
   </trkpt>
   <trkpt lat="37.8058600" lon="-122.4424300">
    <ele>3.1</ele>
    <time>2026-05-03T21:45:43Z</time>
   </trkpt>
   <trkpt lat="37.8058600" lon="-122.4423830">
    <ele>3.1</ele>
    <time>2026-05-03T21:45:44Z</time>
   </trkpt>
   <trkpt lat="37.8058690" lon="-122.4423290">
    <ele>3.1</ele>
    <time>2026-05-03T21:45:45Z</time>
   </trkpt>
   <trkpt lat="37.8058700" lon="-122.4423070">
    <ele>3.1</ele>
    <time>2026-05-03T21:45:46Z</time>
   </trkpt>
   <trkpt lat="37.8058960" lon="-122.4422660">
    <ele>3.1</ele>
    <time>2026-05-03T21:45:47Z</time>
   </trkpt>
   <trkpt lat="37.8058970" lon="-122.4422070">
    <ele>3.1</ele>
    <time>2026-05-03T21:45:48Z</time>
   </trkpt>
   <trkpt lat="37.8058960" lon="-122.4421830">
    <ele>3.1</ele>
    <time>2026-05-03T21:45:49Z</time>
   </trkpt>
   <trkpt lat="37.8059030" lon="-122.4421440">
    <ele>3.1</ele>
    <time>2026-05-03T21:45:50Z</time>
   </trkpt>
   <trkpt lat="37.8059000" lon="-122.4421060">
    <ele>3.1</ele>
    <time>2026-05-03T21:45:51Z</time>
   </trkpt>
   <trkpt lat="37.8059210" lon="-122.4420550">
    <ele>3.1</ele>
    <time>2026-05-03T21:45:52Z</time>
   </trkpt>
   <trkpt lat="37.8059110" lon="-122.4420120">
    <ele>3.1</ele>
    <time>2026-05-03T21:45:53Z</time>
   </trkpt>
   <trkpt lat="37.8059270" lon="-122.4419630">
    <ele>3.1</ele>
    <time>2026-05-03T21:45:54Z</time>
   </trkpt>
   <trkpt lat="37.8059290" lon="-122.4419430">
    <ele>3.1</ele>
    <time>2026-05-03T21:45:55Z</time>
   </trkpt>
   <trkpt lat="37.8059280" lon="-122.4418970">
    <ele>3.1</ele>
    <time>2026-05-03T21:45:56Z</time>
   </trkpt>
   <trkpt lat="37.8059390" lon="-122.4418530">
    <ele>3.1</ele>
    <time>2026-05-03T21:45:57Z</time>
   </trkpt>
   <trkpt lat="37.8059440" lon="-122.4418190">
    <ele>3.1</ele>
    <time>2026-05-03T21:45:58Z</time>
   </trkpt>
   <trkpt lat="37.8059480" lon="-122.4417780">
    <ele>3.1</ele>
    <time>2026-05-03T21:45:59Z</time>
   </trkpt>
   <trkpt lat="37.8059470" lon="-122.4417330">
    <ele>3.1</ele>
    <time>2026-05-03T21:46:00Z</time>
   </trkpt>
   <trkpt lat="37.8059520" lon="-122.4416830">
    <ele>3.2</ele>
    <time>2026-05-03T21:46:01Z</time>
   </trkpt>
   <trkpt lat="37.8059460" lon="-122.4416280">
    <ele>3.2</ele>
    <time>2026-05-03T21:46:02Z</time>
   </trkpt>
   <trkpt lat="37.8059460" lon="-122.4415870">
    <ele>3.2</ele>
    <time>2026-05-03T21:46:03Z</time>
   </trkpt>
   <trkpt lat="37.8059560" lon="-122.4415460">
    <ele>3.2</ele>
    <time>2026-05-03T21:46:04Z</time>
   </trkpt>
   <trkpt lat="37.8059660" lon="-122.4415090">
    <ele>3.2</ele>
    <time>2026-05-03T21:46:05Z</time>
   </trkpt>
   <trkpt lat="37.8059740" lon="-122.4414700">
    <ele>3.2</ele>
    <time>2026-05-03T21:46:06Z</time>
   </trkpt>
   <trkpt lat="37.8059820" lon="-122.4414190">
    <ele>3.2</ele>
    <time>2026-05-03T21:46:07Z</time>
   </trkpt>
   <trkpt lat="37.8059890" lon="-122.4413740">
    <ele>3.2</ele>
    <time>2026-05-03T21:46:08Z</time>
   </trkpt>
   <trkpt lat="37.8059940" lon="-122.4413280">
    <ele>3.2</ele>
    <time>2026-05-03T21:46:09Z</time>
   </trkpt>
   <trkpt lat="37.8060090" lon="-122.4412830">
    <ele>3.2</ele>
    <time>2026-05-03T21:46:10Z</time>
   </trkpt>
   <trkpt lat="37.8060050" lon="-122.4412380">
    <ele>3.2</ele>
    <time>2026-05-03T21:46:11Z</time>
   </trkpt>
   <trkpt lat="37.8060100" lon="-122.4411980">
    <ele>3.2</ele>
    <time>2026-05-03T21:46:12Z</time>
   </trkpt>
   <trkpt lat="37.8060170" lon="-122.4411510">
    <ele>3.2</ele>
    <time>2026-05-03T21:46:13Z</time>
   </trkpt>
   <trkpt lat="37.8060050" lon="-122.4411180">
    <ele>3.2</ele>
    <time>2026-05-03T21:46:14Z</time>
   </trkpt>
   <trkpt lat="37.8060210" lon="-122.4410730">
    <ele>3.2</ele>
    <time>2026-05-03T21:46:15Z</time>
   </trkpt>
   <trkpt lat="37.8060210" lon="-122.4410230">
    <ele>3.2</ele>
    <time>2026-05-03T21:46:16Z</time>
   </trkpt>
   <trkpt lat="37.8060280" lon="-122.4409740">
    <ele>3.2</ele>
    <time>2026-05-03T21:46:17Z</time>
   </trkpt>
   <trkpt lat="37.8060420" lon="-122.4409350">
    <ele>3.2</ele>
    <time>2026-05-03T21:46:18Z</time>
   </trkpt>
   <trkpt lat="37.8060550" lon="-122.4408910">
    <ele>3.2</ele>
    <time>2026-05-03T21:46:19Z</time>
   </trkpt>
   <trkpt lat="37.8060590" lon="-122.4408410">
    <ele>3.2</ele>
    <time>2026-05-03T21:46:20Z</time>
   </trkpt>
   <trkpt lat="37.8060650" lon="-122.4408020">
    <ele>3.2</ele>
    <time>2026-05-03T21:46:21Z</time>
   </trkpt>
   <trkpt lat="37.8060770" lon="-122.4407580">
    <ele>3.2</ele>
    <time>2026-05-03T21:46:22Z</time>
   </trkpt>
   <trkpt lat="37.8060870" lon="-122.4407130">
    <ele>3.2</ele>
    <time>2026-05-03T21:46:23Z</time>
   </trkpt>
   <trkpt lat="37.8060900" lon="-122.4406680">
    <ele>3.2</ele>
    <time>2026-05-03T21:46:24Z</time>
   </trkpt>
   <trkpt lat="37.8060930" lon="-122.4406240">
    <ele>3.2</ele>
    <time>2026-05-03T21:46:25Z</time>
   </trkpt>
   <trkpt lat="37.8060960" lon="-122.4405770">
    <ele>3.2</ele>
    <time>2026-05-03T21:46:26Z</time>
   </trkpt>
   <trkpt lat="37.8061020" lon="-122.4405280">
    <ele>3.2</ele>
    <time>2026-05-03T21:46:27Z</time>
   </trkpt>
   <trkpt lat="37.8061150" lon="-122.4404860">
    <ele>3.2</ele>
    <time>2026-05-03T21:46:28Z</time>
   </trkpt>
   <trkpt lat="37.8061190" lon="-122.4404260">
    <ele>3.2</ele>
    <time>2026-05-03T21:46:29Z</time>
   </trkpt>
   <trkpt lat="37.8061220" lon="-122.4404000">
    <ele>3.2</ele>
    <time>2026-05-03T21:46:30Z</time>
   </trkpt>
   <trkpt lat="37.8061330" lon="-122.4403590">
    <ele>3.2</ele>
    <time>2026-05-03T21:46:31Z</time>
   </trkpt>
   <trkpt lat="37.8061390" lon="-122.4403130">
    <ele>3.2</ele>
    <time>2026-05-03T21:46:32Z</time>
   </trkpt>
   <trkpt lat="37.8061530" lon="-122.4402710">
    <ele>3.2</ele>
    <time>2026-05-03T21:46:33Z</time>
   </trkpt>
   <trkpt lat="37.8061420" lon="-122.4402250">
    <ele>3.2</ele>
    <time>2026-05-03T21:46:34Z</time>
   </trkpt>
   <trkpt lat="37.8061460" lon="-122.4401850">
    <ele>3.2</ele>
    <time>2026-05-03T21:46:35Z</time>
   </trkpt>
   <trkpt lat="37.8061490" lon="-122.4401360">
    <ele>3.2</ele>
    <time>2026-05-03T21:46:36Z</time>
   </trkpt>
   <trkpt lat="37.8061530" lon="-122.4400880">
    <ele>3.2</ele>
    <time>2026-05-03T21:46:37Z</time>
   </trkpt>
   <trkpt lat="37.8061660" lon="-122.4400470">
    <ele>3.2</ele>
    <time>2026-05-03T21:46:38Z</time>
   </trkpt>
   <trkpt lat="37.8061760" lon="-122.4400080">
    <ele>3.2</ele>
    <time>2026-05-03T21:46:39Z</time>
   </trkpt>
   <trkpt lat="37.8061800" lon="-122.4399670">
    <ele>3.2</ele>
    <time>2026-05-03T21:46:40Z</time>
   </trkpt>
   <trkpt lat="37.8061940" lon="-122.4399210">
    <ele>3.2</ele>
    <time>2026-05-03T21:46:41Z</time>
   </trkpt>
   <trkpt lat="37.8061980" lon="-122.4399050">
    <ele>3.2</ele>
    <time>2026-05-03T21:46:42Z</time>
   </trkpt>
   <trkpt lat="37.8062040" lon="-122.4398680">
    <ele>3.2</ele>
    <time>2026-05-03T21:46:43Z</time>
   </trkpt>
   <trkpt lat="37.8062040" lon="-122.4398290">
    <ele>3.2</ele>
    <time>2026-05-03T21:46:44Z</time>
   </trkpt>
   <trkpt lat="37.8062160" lon="-122.4397930">
    <ele>3.2</ele>
    <time>2026-05-03T21:46:45Z</time>
   </trkpt>
   <trkpt lat="37.8062170" lon="-122.4397550">
    <ele>3.2</ele>
    <time>2026-05-03T21:46:46Z</time>
   </trkpt>
   <trkpt lat="37.8062190" lon="-122.4397140">
    <ele>3.2</ele>
    <time>2026-05-03T21:46:47Z</time>
   </trkpt>
   <trkpt lat="37.8062250" lon="-122.4396570">
    <ele>3.2</ele>
    <time>2026-05-03T21:46:48Z</time>
   </trkpt>
   <trkpt lat="37.8062280" lon="-122.4396320">
    <ele>3.2</ele>
    <time>2026-05-03T21:46:49Z</time>
   </trkpt>
   <trkpt lat="37.8062380" lon="-122.4395800">
    <ele>3.2</ele>
    <time>2026-05-03T21:46:50Z</time>
   </trkpt>
   <trkpt lat="37.8062390" lon="-122.4395580">
    <ele>3.2</ele>
    <time>2026-05-03T21:46:51Z</time>
   </trkpt>
   <trkpt lat="37.8062490" lon="-122.4395240">
    <ele>3.3</ele>
    <time>2026-05-03T21:46:52Z</time>
   </trkpt>
   <trkpt lat="37.8062510" lon="-122.4394890">
    <ele>3.3</ele>
    <time>2026-05-03T21:46:53Z</time>
   </trkpt>
   <trkpt lat="37.8062570" lon="-122.4394450">
    <ele>3.3</ele>
    <time>2026-05-03T21:46:54Z</time>
   </trkpt>
   <trkpt lat="37.8062460" lon="-122.4393970">
    <ele>3.3</ele>
    <time>2026-05-03T21:46:55Z</time>
   </trkpt>
   <trkpt lat="37.8062550" lon="-122.4393600">
    <ele>3.3</ele>
    <time>2026-05-03T21:46:56Z</time>
   </trkpt>
   <trkpt lat="37.8062650" lon="-122.4393080">
    <ele>3.3</ele>
    <time>2026-05-03T21:46:57Z</time>
   </trkpt>
   <trkpt lat="37.8062720" lon="-122.4392660">
    <ele>3.3</ele>
    <time>2026-05-03T21:46:58Z</time>
   </trkpt>
   <trkpt lat="37.8062640" lon="-122.4392230">
    <ele>3.3</ele>
    <time>2026-05-03T21:46:59Z</time>
   </trkpt>
   <trkpt lat="37.8062770" lon="-122.4391810">
    <ele>3.3</ele>
    <time>2026-05-03T21:47:00Z</time>
   </trkpt>
   <trkpt lat="37.8062830" lon="-122.4391380">
    <ele>3.3</ele>
    <time>2026-05-03T21:47:01Z</time>
   </trkpt>
   <trkpt lat="37.8062920" lon="-122.4390920">
    <ele>3.3</ele>
    <time>2026-05-03T21:47:02Z</time>
   </trkpt>
   <trkpt lat="37.8062960" lon="-122.4390470">
    <ele>3.3</ele>
    <time>2026-05-03T21:47:03Z</time>
   </trkpt>
   <trkpt lat="37.8062950" lon="-122.4390040">
    <ele>3.3</ele>
    <time>2026-05-03T21:47:04Z</time>
   </trkpt>
   <trkpt lat="37.8063040" lon="-122.4389570">
    <ele>3.3</ele>
    <time>2026-05-03T21:47:05Z</time>
   </trkpt>
   <trkpt lat="37.8063090" lon="-122.4389030">
    <ele>3.2</ele>
    <time>2026-05-03T21:47:06Z</time>
   </trkpt>
   <trkpt lat="37.8063130" lon="-122.4388530">
    <ele>3.2</ele>
    <time>2026-05-03T21:47:07Z</time>
   </trkpt>
   <trkpt lat="37.8063250" lon="-122.4388180">
    <ele>3.2</ele>
    <time>2026-05-03T21:47:08Z</time>
   </trkpt>
   <trkpt lat="37.8063270" lon="-122.4387760">
    <ele>3.2</ele>
    <time>2026-05-03T21:47:09Z</time>
   </trkpt>
   <trkpt lat="37.8063340" lon="-122.4387410">
    <ele>3.2</ele>
    <time>2026-05-03T21:47:10Z</time>
   </trkpt>
   <trkpt lat="37.8063480" lon="-122.4386960">
    <ele>3.2</ele>
    <time>2026-05-03T21:47:11Z</time>
   </trkpt>
   <trkpt lat="37.8063560" lon="-122.4386580">
    <ele>3.2</ele>
    <time>2026-05-03T21:47:12Z</time>
   </trkpt>
   <trkpt lat="37.8063660" lon="-122.4386170">
    <ele>3.1</ele>
    <time>2026-05-03T21:47:13Z</time>
   </trkpt>
   <trkpt lat="37.8063700" lon="-122.4385740">
    <ele>3.1</ele>
    <time>2026-05-03T21:47:14Z</time>
   </trkpt>
   <trkpt lat="37.8063770" lon="-122.4385270">
    <ele>3.1</ele>
    <time>2026-05-03T21:47:15Z</time>
   </trkpt>
   <trkpt lat="37.8063870" lon="-122.4384860">
    <ele>3.1</ele>
    <time>2026-05-03T21:47:16Z</time>
   </trkpt>
   <trkpt lat="37.8063920" lon="-122.4384420">
    <ele>3.1</ele>
    <time>2026-05-03T21:47:17Z</time>
   </trkpt>
   <trkpt lat="37.8063930" lon="-122.4383990">
    <ele>3.1</ele>
    <time>2026-05-03T21:47:18Z</time>
   </trkpt>
   <trkpt lat="37.8064040" lon="-122.4383600">
    <ele>3.1</ele>
    <time>2026-05-03T21:47:19Z</time>
   </trkpt>
   <trkpt lat="37.8064130" lon="-122.4383150">
    <ele>3.1</ele>
    <time>2026-05-03T21:47:20Z</time>
   </trkpt>
   <trkpt lat="37.8064180" lon="-122.4382760">
    <ele>3.1</ele>
    <time>2026-05-03T21:47:21Z</time>
   </trkpt>
   <trkpt lat="37.8064180" lon="-122.4382330">
    <ele>3.1</ele>
    <time>2026-05-03T21:47:22Z</time>
   </trkpt>
   <trkpt lat="37.8064200" lon="-122.4381720">
    <ele>3.1</ele>
    <time>2026-05-03T21:47:23Z</time>
   </trkpt>
   <trkpt lat="37.8064230" lon="-122.4381190">
    <ele>3.2</ele>
    <time>2026-05-03T21:47:24Z</time>
   </trkpt>
   <trkpt lat="37.8064230" lon="-122.4380950">
    <ele>3.2</ele>
    <time>2026-05-03T21:47:25Z</time>
   </trkpt>
   <trkpt lat="37.8064250" lon="-122.4380600">
    <ele>3.2</ele>
    <time>2026-05-03T21:47:26Z</time>
   </trkpt>
   <trkpt lat="37.8064350" lon="-122.4380260">
    <ele>3.2</ele>
    <time>2026-05-03T21:47:27Z</time>
   </trkpt>
   <trkpt lat="37.8064450" lon="-122.4379710">
    <ele>3.2</ele>
    <time>2026-05-03T21:47:28Z</time>
   </trkpt>
   <trkpt lat="37.8064460" lon="-122.4379450">
    <ele>3.2</ele>
    <time>2026-05-03T21:47:29Z</time>
   </trkpt>
   <trkpt lat="37.8064500" lon="-122.4379090">
    <ele>3.2</ele>
    <time>2026-05-03T21:47:30Z</time>
   </trkpt>
   <trkpt lat="37.8064610" lon="-122.4378590">
    <ele>3.2</ele>
    <time>2026-05-03T21:47:31Z</time>
   </trkpt>
   <trkpt lat="37.8064660" lon="-122.4378380">
    <ele>3.2</ele>
    <time>2026-05-03T21:47:32Z</time>
   </trkpt>
   <trkpt lat="37.8064540" lon="-122.4377850">
    <ele>3.2</ele>
    <time>2026-05-03T21:47:33Z</time>
   </trkpt>
   <trkpt lat="37.8064610" lon="-122.4377330">
    <ele>3.2</ele>
    <time>2026-05-03T21:47:34Z</time>
   </trkpt>
   <trkpt lat="37.8064670" lon="-122.4377090">
    <ele>3.2</ele>
    <time>2026-05-03T21:47:35Z</time>
   </trkpt>
   <trkpt lat="37.8064710" lon="-122.4376750">
    <ele>3.2</ele>
    <time>2026-05-03T21:47:36Z</time>
   </trkpt>
   <trkpt lat="37.8064800" lon="-122.4376390">
    <ele>3.2</ele>
    <time>2026-05-03T21:47:37Z</time>
   </trkpt>
   <trkpt lat="37.8064830" lon="-122.4375990">
    <ele>3.2</ele>
    <time>2026-05-03T21:47:38Z</time>
   </trkpt>
   <trkpt lat="37.8064870" lon="-122.4375650">
    <ele>3.2</ele>
    <time>2026-05-03T21:47:39Z</time>
   </trkpt>
   <trkpt lat="37.8065020" lon="-122.4375250">
    <ele>3.2</ele>
    <time>2026-05-03T21:47:40Z</time>
   </trkpt>
   <trkpt lat="37.8065010" lon="-122.4375070">
    <ele>3.2</ele>
    <time>2026-05-03T21:47:41Z</time>
   </trkpt>
   <trkpt lat="37.8065040" lon="-122.4374630">
    <ele>3.3</ele>
    <time>2026-05-03T21:47:42Z</time>
   </trkpt>
   <trkpt lat="37.8065120" lon="-122.4374100">
    <ele>3.3</ele>
    <time>2026-05-03T21:47:43Z</time>
   </trkpt>
   <trkpt lat="37.8065120" lon="-122.4373870">
    <ele>3.3</ele>
    <time>2026-05-03T21:47:44Z</time>
   </trkpt>
   <trkpt lat="37.8065110" lon="-122.4373440">
    <ele>3.3</ele>
    <time>2026-05-03T21:47:45Z</time>
   </trkpt>
   <trkpt lat="37.8065230" lon="-122.4373010">
    <ele>3.3</ele>
    <time>2026-05-03T21:47:46Z</time>
   </trkpt>
   <trkpt lat="37.8065380" lon="-122.4372690">
    <ele>3.3</ele>
    <time>2026-05-03T21:47:47Z</time>
   </trkpt>
   <trkpt lat="37.8065400" lon="-122.4372230">
    <ele>3.3</ele>
    <time>2026-05-03T21:47:48Z</time>
   </trkpt>
   <trkpt lat="37.8065460" lon="-122.4371850">
    <ele>3.3</ele>
    <time>2026-05-03T21:47:49Z</time>
   </trkpt>
   <trkpt lat="37.8065460" lon="-122.4371450">
    <ele>3.3</ele>
    <time>2026-05-03T21:47:50Z</time>
   </trkpt>
   <trkpt lat="37.8065560" lon="-122.4371070">
    <ele>3.3</ele>
    <time>2026-05-03T21:47:51Z</time>
   </trkpt>
   <trkpt lat="37.8065560" lon="-122.4370700">
    <ele>3.4</ele>
    <time>2026-05-03T21:47:52Z</time>
   </trkpt>
   <trkpt lat="37.8065600" lon="-122.4370290">
    <ele>3.4</ele>
    <time>2026-05-03T21:47:53Z</time>
   </trkpt>
   <trkpt lat="37.8065830" lon="-122.4369930">
    <ele>3.4</ele>
    <time>2026-05-03T21:47:54Z</time>
   </trkpt>
   <trkpt lat="37.8065800" lon="-122.4369540">
    <ele>3.4</ele>
    <time>2026-05-03T21:47:55Z</time>
   </trkpt>
   <trkpt lat="37.8065810" lon="-122.4369050">
    <ele>3.4</ele>
    <time>2026-05-03T21:47:56Z</time>
   </trkpt>
   <trkpt lat="37.8065930" lon="-122.4368620">
    <ele>3.4</ele>
    <time>2026-05-03T21:47:57Z</time>
   </trkpt>
   <trkpt lat="37.8066000" lon="-122.4368160">
    <ele>3.4</ele>
    <time>2026-05-03T21:47:58Z</time>
   </trkpt>
   <trkpt lat="37.8066000" lon="-122.4367970">
    <ele>3.4</ele>
    <time>2026-05-03T21:47:59Z</time>
   </trkpt>
   <trkpt lat="37.8066020" lon="-122.4367570">
    <ele>3.4</ele>
    <time>2026-05-03T21:48:00Z</time>
   </trkpt>
   <trkpt lat="37.8066060" lon="-122.4367150">
    <ele>3.4</ele>
    <time>2026-05-03T21:48:01Z</time>
   </trkpt>
   <trkpt lat="37.8066120" lon="-122.4366770">
    <ele>3.4</ele>
    <time>2026-05-03T21:48:02Z</time>
   </trkpt>
   <trkpt lat="37.8066160" lon="-122.4366270">
    <ele>3.4</ele>
    <time>2026-05-03T21:48:03Z</time>
   </trkpt>
   <trkpt lat="37.8066150" lon="-122.4366070">
    <ele>3.4</ele>
    <time>2026-05-03T21:48:04Z</time>
   </trkpt>
   <trkpt lat="37.8066120" lon="-122.4365590">
    <ele>3.4</ele>
    <time>2026-05-03T21:48:05Z</time>
   </trkpt>
   <trkpt lat="37.8066190" lon="-122.4365250">
    <ele>3.4</ele>
    <time>2026-05-03T21:48:06Z</time>
   </trkpt>
   <trkpt lat="37.8066250" lon="-122.4364860">
    <ele>3.5</ele>
    <time>2026-05-03T21:48:07Z</time>
   </trkpt>
   <trkpt lat="37.8066220" lon="-122.4364430">
    <ele>3.5</ele>
    <time>2026-05-03T21:48:08Z</time>
   </trkpt>
   <trkpt lat="37.8066220" lon="-122.4363960">
    <ele>3.5</ele>
    <time>2026-05-03T21:48:09Z</time>
   </trkpt>
   <trkpt lat="37.8066150" lon="-122.4363590">
    <ele>3.5</ele>
    <time>2026-05-03T21:48:10Z</time>
   </trkpt>
   <trkpt lat="37.8066130" lon="-122.4363240">
    <ele>3.5</ele>
    <time>2026-05-03T21:48:11Z</time>
   </trkpt>
   <trkpt lat="37.8066070" lon="-122.4362880">
    <ele>3.5</ele>
    <time>2026-05-03T21:48:12Z</time>
   </trkpt>
   <trkpt lat="37.8065980" lon="-122.4362500">
    <ele>3.5</ele>
    <time>2026-05-03T21:48:13Z</time>
   </trkpt>
   <trkpt lat="37.8065830" lon="-122.4362110">
    <ele>3.5</ele>
    <time>2026-05-03T21:48:14Z</time>
   </trkpt>
   <trkpt lat="37.8065710" lon="-122.4361780">
    <ele>3.5</ele>
    <time>2026-05-03T21:48:15Z</time>
   </trkpt>
   <trkpt lat="37.8065550" lon="-122.4361380">
    <ele>3.5</ele>
    <time>2026-05-03T21:48:16Z</time>
   </trkpt>
   <trkpt lat="37.8065420" lon="-122.4360990">
    <ele>3.5</ele>
    <time>2026-05-03T21:48:17Z</time>
   </trkpt>
   <trkpt lat="37.8065220" lon="-122.4360720">
    <ele>3.5</ele>
    <time>2026-05-03T21:48:18Z</time>
   </trkpt>
   <trkpt lat="37.8065120" lon="-122.4360250">
    <ele>3.5</ele>
    <time>2026-05-03T21:48:19Z</time>
   </trkpt>
   <trkpt lat="37.8064900" lon="-122.4359950">
    <ele>3.5</ele>
    <time>2026-05-03T21:48:20Z</time>
   </trkpt>
   <trkpt lat="37.8064700" lon="-122.4359480">
    <ele>3.4</ele>
    <time>2026-05-03T21:48:21Z</time>
   </trkpt>
   <trkpt lat="37.8064610" lon="-122.4359300">
    <ele>3.4</ele>
    <time>2026-05-03T21:48:22Z</time>
   </trkpt>
   <trkpt lat="37.8064470" lon="-122.4358900">
    <ele>3.4</ele>
    <time>2026-05-03T21:48:23Z</time>
   </trkpt>
   <trkpt lat="37.8064380" lon="-122.4358780">
    <ele>3.4</ele>
    <time>2026-05-03T21:48:24Z</time>
   </trkpt>
   <trkpt lat="37.8064230" lon="-122.4358470">
    <ele>3.4</ele>
    <time>2026-05-03T21:48:25Z</time>
   </trkpt>
   <trkpt lat="37.8063890" lon="-122.4358280">
    <ele>3.4</ele>
    <time>2026-05-03T21:48:26Z</time>
   </trkpt>
   <trkpt lat="37.8063680" lon="-122.4358030">
    <ele>3.4</ele>
    <time>2026-05-03T21:48:27Z</time>
   </trkpt>
   <trkpt lat="37.8063600" lon="-122.4357690">
    <ele>3.4</ele>
    <time>2026-05-03T21:48:28Z</time>
   </trkpt>
   <trkpt lat="37.8063380" lon="-122.4357250">
    <ele>3.4</ele>
    <time>2026-05-03T21:48:29Z</time>
   </trkpt>
   <trkpt lat="37.8063330" lon="-122.4357050">
    <ele>3.4</ele>
    <time>2026-05-03T21:48:30Z</time>
   </trkpt>
   <trkpt lat="37.8063060" lon="-122.4356600">
    <ele>3.4</ele>
    <time>2026-05-03T21:48:31Z</time>
   </trkpt>
   <trkpt lat="37.8062910" lon="-122.4356460">
    <ele>3.4</ele>
    <time>2026-05-03T21:48:32Z</time>
   </trkpt>
   <trkpt lat="37.8062690" lon="-122.4356150">
    <ele>3.4</ele>
    <time>2026-05-03T21:48:33Z</time>
   </trkpt>
   <trkpt lat="37.8062540" lon="-122.4355790">
    <ele>3.4</ele>
    <time>2026-05-03T21:48:34Z</time>
   </trkpt>
   <trkpt lat="37.8062360" lon="-122.4355470">
    <ele>3.5</ele>
    <time>2026-05-03T21:48:35Z</time>
   </trkpt>
   <trkpt lat="37.8062070" lon="-122.4355140">
    <ele>3.5</ele>
    <time>2026-05-03T21:48:36Z</time>
   </trkpt>
   <trkpt lat="37.8061840" lon="-122.4354810">
    <ele>3.5</ele>
    <time>2026-05-03T21:48:37Z</time>
   </trkpt>
   <trkpt lat="37.8061740" lon="-122.4354690">
    <ele>3.5</ele>
    <time>2026-05-03T21:48:38Z</time>
   </trkpt>
   <trkpt lat="37.8061570" lon="-122.4354360">
    <ele>3.5</ele>
    <time>2026-05-03T21:48:39Z</time>
   </trkpt>
   <trkpt lat="37.8061390" lon="-122.4354080">
    <ele>3.5</ele>
    <time>2026-05-03T21:48:40Z</time>
   </trkpt>
   <trkpt lat="37.8061160" lon="-122.4353830">
    <ele>3.5</ele>
    <time>2026-05-03T21:48:41Z</time>
   </trkpt>
   <trkpt lat="37.8060990" lon="-122.4353530">
    <ele>3.5</ele>
    <time>2026-05-03T21:48:42Z</time>
   </trkpt>
   <trkpt lat="37.8060760" lon="-122.4353150">
    <ele>3.5</ele>
    <time>2026-05-03T21:48:43Z</time>
   </trkpt>
   <trkpt lat="37.8060640" lon="-122.4353030">
    <ele>3.5</ele>
    <time>2026-05-03T21:48:44Z</time>
   </trkpt>
   <trkpt lat="37.8060390" lon="-122.4352640">
    <ele>3.5</ele>
    <time>2026-05-03T21:48:45Z</time>
   </trkpt>
   <trkpt lat="37.8060310" lon="-122.4352500">
    <ele>3.5</ele>
    <time>2026-05-03T21:48:46Z</time>
   </trkpt>
   <trkpt lat="37.8060000" lon="-122.4352180">
    <ele>3.5</ele>
    <time>2026-05-03T21:48:47Z</time>
   </trkpt>
   <trkpt lat="37.8059920" lon="-122.4352010">
    <ele>3.5</ele>
    <time>2026-05-03T21:48:48Z</time>
   </trkpt>
   <trkpt lat="37.8059740" lon="-122.4351620">
    <ele>3.6</ele>
    <time>2026-05-03T21:48:49Z</time>
   </trkpt>
   <trkpt lat="37.8059650" lon="-122.4351460">
    <ele>3.6</ele>
    <time>2026-05-03T21:48:50Z</time>
   </trkpt>
   <trkpt lat="37.8059500" lon="-122.4351130">
    <ele>3.6</ele>
    <time>2026-05-03T21:48:51Z</time>
   </trkpt>
   <trkpt lat="37.8059390" lon="-122.4351000">
    <ele>3.6</ele>
    <time>2026-05-03T21:48:52Z</time>
   </trkpt>
   <trkpt lat="37.8059210" lon="-122.4350670">
    <ele>3.6</ele>
    <time>2026-05-03T21:48:53Z</time>
   </trkpt>
   <trkpt lat="37.8059000" lon="-122.4350340">
    <ele>3.6</ele>
    <time>2026-05-03T21:48:54Z</time>
   </trkpt>
   <trkpt lat="37.8058920" lon="-122.4350210">
    <ele>3.6</ele>
    <time>2026-05-03T21:48:55Z</time>
   </trkpt>
   <trkpt lat="37.8058730" lon="-122.4349870">
    <ele>3.7</ele>
    <time>2026-05-03T21:48:56Z</time>
   </trkpt>
   <trkpt lat="37.8058590" lon="-122.4349450">
    <ele>3.7</ele>
    <time>2026-05-03T21:48:57Z</time>
   </trkpt>
   <trkpt lat="37.8058290" lon="-122.4349310">
    <ele>3.7</ele>
    <time>2026-05-03T21:48:58Z</time>
   </trkpt>
   <trkpt lat="37.8058040" lon="-122.4348950">
    <ele>3.7</ele>
    <time>2026-05-03T21:48:59Z</time>
   </trkpt>
   <trkpt lat="37.8057950" lon="-122.4348860">
    <ele>3.7</ele>
    <time>2026-05-03T21:49:00Z</time>
   </trkpt>
   <trkpt lat="37.8057820" lon="-122.4348600">
    <ele>3.8</ele>
    <time>2026-05-03T21:49:01Z</time>
   </trkpt>
  </trkseg>
 </trk>
</gpx>
