<?xml version="1.0" encoding="UTF-8"?>
<gpx creator="StravaGPX" version="1.1" xmlns="http://www.topografix.com/GPX/1/1" xmlns:xsi="http://www.w3.org/2001/XMLSchema-instance" xsi:schemaLocation="http://www.topografix.com/GPX/1/1 http://www.topografix.com/GPX/1/1/gpx.xsd">
 <metadata>
  <time>2026-04-27T01:17:24Z</time>
 </metadata>
 <trk>
  <name>Evening Run</name>
  <type>running</type>
  <trkseg>
   <trkpt lat="37.7710570" lon="-122.4569660">
    <ele>76.4</ele>
    <time>2026-04-27T01:17:24Z</time>
   </trkpt>
   <trkpt lat="37.7710560" lon="-122.4569720">
    <ele>76.4</ele>
    <time>2026-04-27T01:17:25Z</time>
   </trkpt>
   <trkpt lat="37.7710590" lon="-122.4569880">
    <ele>76.4</ele>
    <time>2026-04-27T01:17:26Z</time>
   </trkpt>
   <trkpt lat="37.7710620" lon="-122.4570090">
    <ele>76.4</ele>
    <time>2026-04-27T01:17:27Z</time>
   </trkpt>
   <trkpt lat="37.7710690" lon="-122.4570510">
    <ele>76.4</ele>
    <time>2026-04-27T01:17:28Z</time>
   </trkpt>
   <trkpt lat="37.7710710" lon="-122.4570670">
    <ele>76.4</ele>
    <time>2026-04-27T01:17:29Z</time>
   </trkpt>
   <trkpt lat="37.7710820" lon="-122.4571150">
    <ele>76.3</ele>
    <time>2026-04-27T01:17:30Z</time>
   </trkpt>
   <trkpt lat="37.7710860" lon="-122.4571320">
    <ele>76.3</ele>
    <time>2026-04-27T01:17:31Z</time>
   </trkpt>
   <trkpt lat="37.7710950" lon="-122.4571660">
    <ele>76.2</ele>
    <time>2026-04-27T01:17:32Z</time>
   </trkpt>
   <trkpt lat="37.7711030" lon="-122.4572020">
    <ele>76.2</ele>
    <time>2026-04-27T01:17:33Z</time>
   </trkpt>
   <trkpt lat="37.7711120" lon="-122.4572340">
    <ele>76.1</ele>
    <time>2026-04-27T01:17:34Z</time>
   </trkpt>
   <trkpt lat="37.7711180" lon="-122.4572690">
    <ele>76.0</ele>
    <time>2026-04-27T01:17:35Z</time>
   </trkpt>
   <trkpt lat="37.7711280" lon="-122.4573030">
    <ele>76.0</ele>
    <time>2026-04-27T01:17:36Z</time>
   </trkpt>
   <trkpt lat="37.7711340" lon="-122.4573380">
    <ele>75.9</ele>
    <time>2026-04-27T01:17:37Z</time>
   </trkpt>
   <trkpt lat="37.7711350" lon="-122.4573750">
    <ele>75.8</ele>
    <time>2026-04-27T01:17:38Z</time>
   </trkpt>
   <trkpt lat="37.7711380" lon="-122.4574120">
    <ele>75.8</ele>
    <time>2026-04-27T01:17:39Z</time>
   </trkpt>
   <trkpt lat="37.7711270" lon="-122.4574480">
    <ele>75.7</ele>
    <time>2026-04-27T01:17:40Z</time>
   </trkpt>
   <trkpt lat="37.7711440" lon="-122.4574800">
    <ele>75.6</ele>
    <time>2026-04-27T01:17:41Z</time>
   </trkpt>
   <trkpt lat="37.7711470" lon="-122.4575170">
    <ele>75.6</ele>
    <time>2026-04-27T01:17:42Z</time>
   </trkpt>
   <trkpt lat="37.7711530" lon="-122.4575530">
    <ele>75.5</ele>
    <time>2026-04-27T01:17:43Z</time>
   </trkpt>
   <trkpt lat="37.7711550" lon="-122.4575960">
    <ele>75.4</ele>
    <time>2026-04-27T01:17:44Z</time>
   </trkpt>
   <trkpt lat="37.7711650" lon="-122.4576390">
    <ele>75.4</ele>
    <time>2026-04-27T01:17:45Z</time>
   </trkpt>
   <trkpt lat="37.7711760" lon="-122.4576820">
    <ele>75.3</ele>
    <time>2026-04-27T01:17:46Z</time>
   </trkpt>
   <trkpt lat="37.7711800" lon="-122.4577230">
    <ele>75.3</ele>
    <time>2026-04-27T01:17:47Z</time>
   </trkpt>
   <trkpt lat="37.7711860" lon="-122.4577660">
    <ele>75.2</ele>
    <time>2026-04-27T01:17:48Z</time>
   </trkpt>
   <trkpt lat="37.7711950" lon="-122.4578190">
    <ele>75.2</ele>
    <time>2026-04-27T01:17:49Z</time>
   </trkpt>
   <trkpt lat="37.7712010" lon="-122.4578690">
    <ele>75.1</ele>
    <time>2026-04-27T01:17:50Z</time>
   </trkpt>
   <trkpt lat="37.7712060" lon="-122.4579130">
    <ele>75.1</ele>
    <time>2026-04-27T01:17:51Z</time>
   </trkpt>
   <trkpt lat="37.7712060" lon="-122.4579590">
    <ele>75.0</ele>
    <time>2026-04-27T01:17:52Z</time>
   </trkpt>
   <trkpt lat="37.7712100" lon="-122.4580010">
    <ele>75.0</ele>
    <time>2026-04-27T01:17:53Z</time>
   </trkpt>
   <trkpt lat="37.7712120" lon="-122.4580460">
    <ele>75.0</ele>
    <time>2026-04-27T01:17:54Z</time>
   </trkpt>
   <trkpt lat="37.7712060" lon="-122.4580890">
    <ele>74.9</ele>
    <time>2026-04-27T01:17:55Z</time>
   </trkpt>
   <trkpt lat="37.7712080" lon="-122.4581100">
    <ele>74.9</ele>
    <time>2026-04-27T01:17:56Z</time>
   </trkpt>
   <trkpt lat="37.7712180" lon="-122.4581540">
    <ele>74.9</ele>
    <time>2026-04-27T01:17:57Z</time>
   </trkpt>
   <trkpt lat="37.7712250" lon="-122.4581910">
    <ele>74.9</ele>
    <time>2026-04-27T01:17:58Z</time>
   </trkpt>
   <trkpt lat="37.7712330" lon="-122.4582390">
    <ele>74.9</ele>
    <time>2026-04-27T01:17:59Z</time>
   </trkpt>
   <trkpt lat="37.7712370" lon="-122.4582880">
    <ele>74.9</ele>
    <time>2026-04-27T01:18:00Z</time>
   </trkpt>
   <trkpt lat="37.7712390" lon="-122.4583340">
    <ele>74.9</ele>
    <time>2026-04-27T01:18:01Z</time>
   </trkpt>
   <trkpt lat="37.7712430" lon="-122.4583690">
    <ele>74.9</ele>
    <time>2026-04-27T01:18:02Z</time>
   </trkpt>
   <trkpt lat="37.7712550" lon="-122.4584150">
    <ele>74.8</ele>
    <time>2026-04-27T01:18:03Z</time>
   </trkpt>
   <trkpt lat="37.7712760" lon="-122.4584600">
    <ele>74.8</ele>
    <time>2026-04-27T01:18:04Z</time>
   </trkpt>
   <trkpt lat="37.7712840" lon="-122.4584790">
    <ele>74.8</ele>
    <time>2026-04-27T01:18:05Z</time>
   </trkpt>
   <trkpt lat="37.7712870" lon="-122.4585230">
    <ele>74.8</ele>
    <time>2026-04-27T01:18:06Z</time>
   </trkpt>
   <trkpt lat="37.7712980" lon="-122.4585730">
    <ele>74.8</ele>
    <time>2026-04-27T01:18:07Z</time>
   </trkpt>
   <trkpt lat="37.7713010" lon="-122.4586090">
    <ele>74.8</ele>
    <time>2026-04-27T01:18:08Z</time>
   </trkpt>
   <trkpt lat="37.7713020" lon="-122.4586610">
    <ele>74.8</ele>
    <time>2026-04-27T01:18:09Z</time>
   </trkpt>
   <trkpt lat="37.7713100" lon="-122.4587010">
    <ele>74.8</ele>
    <time>2026-04-27T01:18:10Z</time>
   </trkpt>
   <trkpt lat="37.7713240" lon="-122.4587400">
    <ele>74.8</ele>
    <time>2026-04-27T01:18:11Z</time>
   </trkpt>
   <trkpt lat="37.7713280" lon="-122.4587880">
    <ele>74.8</ele>
    <time>2026-04-27T01:18:12Z</time>
   </trkpt>
   <trkpt lat="37.7713330" lon="-122.4588450">
    <ele>74.8</ele>
    <time>2026-04-27T01:18:13Z</time>
   </trkpt>
   <trkpt lat="37.7713280" lon="-122.4588690">
    <ele>74.8</ele>
    <time>2026-04-27T01:18:14Z</time>
   </trkpt>
   <trkpt lat="37.7713220" lon="-122.4589050">
    <ele>74.8</ele>
    <time>2026-04-27T01:18:15Z</time>
   </trkpt>
   <trkpt lat="37.7713370" lon="-122.4589560">
    <ele>74.9</ele>
    <time>2026-04-27T01:18:16Z</time>
   </trkpt>
   <trkpt lat="37.7713460" lon="-122.4589990">
    <ele>74.9</ele>
    <time>2026-04-27T01:18:17Z</time>
   </trkpt>
   <trkpt lat="37.7713580" lon="-122.4590390">
    <ele>74.9</ele>
    <time>2026-04-27T01:18:18Z</time>
   </trkpt>
   <trkpt lat="37.7713750" lon="-122.4590840">
    <ele>74.9</ele>
    <time>2026-04-27T01:18:19Z</time>
   </trkpt>
   <trkpt lat="37.7713700" lon="-122.4591390">
    <ele>74.9</ele>
    <time>2026-04-27T01:18:20Z</time>
   </trkpt>
   <trkpt lat="37.7713860" lon="-122.4591880">
    <ele>74.9</ele>
    <time>2026-04-27T01:18:21Z</time>
   </trkpt>
   <trkpt lat="37.7713990" lon="-122.4592390">
    <ele>74.9</ele>
    <time>2026-04-27T01:18:22Z</time>
   </trkpt>
   <trkpt lat="37.7713800" lon="-122.4593060">
    <ele>74.8</ele>
    <time>2026-04-27T01:18:23Z</time>
   </trkpt>
   <trkpt lat="37.7713990" lon="-122.4593420">
    <ele>74.8</ele>
    <time>2026-04-27T01:18:24Z</time>
   </trkpt>
   <trkpt lat="37.7714060" lon="-122.4593790">
    <ele>74.8</ele>
    <time>2026-04-27T01:18:25Z</time>
   </trkpt>
   <trkpt lat="37.7714110" lon="-122.4594220">
    <ele>74.8</ele>
    <time>2026-04-27T01:18:26Z</time>
   </trkpt>
   <trkpt lat="37.7714240" lon="-122.4594700">
    <ele>74.8</ele>
    <time>2026-04-27T01:18:27Z</time>
   </trkpt>
   <trkpt lat="37.7714360" lon="-122.4595030">
    <ele>74.8</ele>
    <time>2026-04-27T01:18:28Z</time>
   </trkpt>
   <trkpt lat="37.7714360" lon="-122.4595450">
    <ele>74.8</ele>
    <time>2026-04-27T01:18:29Z</time>
   </trkpt>
   <trkpt lat="37.7714330" lon="-122.4596000">
    <ele>74.8</ele>
    <time>2026-04-27T01:18:30Z</time>
   </trkpt>
   <trkpt lat="37.7714430" lon="-122.4596400">
    <ele>74.8</ele>
    <time>2026-04-27T01:18:31Z</time>
   </trkpt>
   <trkpt lat="37.7714490" lon="-122.4596860">
    <ele>74.8</ele>
    <time>2026-04-27T01:18:32Z</time>
   </trkpt>
   <trkpt lat="37.7714300" lon="-122.4597200">
    <ele>74.8</ele>
    <time>2026-04-27T01:18:33Z</time>
   </trkpt>
   <trkpt lat="37.7714380" lon="-122.4597670">
    <ele>74.8</ele>
    <time>2026-04-27T01:18:34Z</time>
   </trkpt>
   <trkpt lat="37.7714410" lon="-122.4598160">
    <ele>74.8</ele>
    <time>2026-04-27T01:18:35Z</time>
   </trkpt>
   <trkpt lat="37.7714840" lon="-122.4598550">
    <ele>74.8</ele>
    <time>2026-04-27T01:18:36Z</time>
   </trkpt>
   <trkpt lat="37.7714780" lon="-122.4598960">
    <ele>74.8</ele>
    <time>2026-04-27T01:18:37Z</time>
   </trkpt>
   <trkpt lat="37.7714790" lon="-122.4599440">
    <ele>74.8</ele>
    <time>2026-04-27T01:18:38Z</time>
   </trkpt>
   <trkpt lat="37.7715000" lon="-122.4599840">
    <ele>74.8</ele>
    <time>2026-04-27T01:18:39Z</time>
   </trkpt>
   <trkpt lat="37.7714960" lon="-122.4600350">
    <ele>74.8</ele>
    <time>2026-04-27T01:18:40Z</time>
   </trkpt>
   <trkpt lat="37.7714940" lon="-122.4600880">
    <ele>74.8</ele>
    <time>2026-04-27T01:18:41Z</time>
   </trkpt>
   <trkpt lat="37.7714950" lon="-122.4601120">
    <ele>74.8</ele>
    <time>2026-04-27T01:18:42Z</time>
   </trkpt>
   <trkpt lat="37.7714950" lon="-122.4601600">
    <ele>74.8</ele>
    <time>2026-04-27T01:18:43Z</time>
   </trkpt>
   <trkpt lat="37.7715240" lon="-122.4601730">
    <ele>74.8</ele>
    <time>2026-04-27T01:18:44Z</time>
   </trkpt>
   <trkpt lat="37.7715300" lon="-122.4602290">
    <ele>74.8</ele>
    <time>2026-04-27T01:18:45Z</time>
   </trkpt>
   <trkpt lat="37.7715290" lon="-122.4602870">
    <ele>74.8</ele>
    <time>2026-04-27T01:18:46Z</time>
   </trkpt>
   <trkpt lat="37.7715460" lon="-122.4603390">
    <ele>74.8</ele>
    <time>2026-04-27T01:18:47Z</time>
   </trkpt>
   <trkpt lat="37.7715370" lon="-122.4603790">
    <ele>74.8</ele>
    <time>2026-04-27T01:18:48Z</time>
   </trkpt>
   <trkpt lat="37.7715480" lon="-122.4604130">
    <ele>74.8</ele>
    <time>2026-04-27T01:18:49Z</time>
   </trkpt>
   <trkpt lat="37.7715650" lon="-122.4604510">
    <ele>74.8</ele>
    <time>2026-04-27T01:18:50Z</time>
   </trkpt>
   <trkpt lat="37.7715870" lon="-122.4604950">
    <ele>74.8</ele>
    <time>2026-04-27T01:18:51Z</time>
   </trkpt>
   <trkpt lat="37.7715930" lon="-122.4605410">
    <ele>74.8</ele>
    <time>2026-04-27T01:18:52Z</time>
   </trkpt>
   <trkpt lat="37.7715830" lon="-122.4605910">
    <ele>74.8</ele>
    <time>2026-04-27T01:18:53Z</time>
   </trkpt>
   <trkpt lat="37.7716040" lon="-122.4606290">
    <ele>74.8</ele>
    <time>2026-04-27T01:18:54Z</time>
   </trkpt>
   <trkpt lat="37.7716060" lon="-122.4606700">
    <ele>74.8</ele>
    <time>2026-04-27T01:18:55Z</time>
   </trkpt>
   <trkpt lat="37.7716000" lon="-122.4607190">
    <ele>74.7</ele>
    <time>2026-04-27T01:18:56Z</time>
   </trkpt>
   <trkpt lat="37.7715990" lon="-122.4607620">
    <ele>74.7</ele>
    <time>2026-04-27T01:18:57Z</time>
   </trkpt>
   <trkpt lat="37.7716170" lon="-122.4608010">
    <ele>74.7</ele>
    <time>2026-04-27T01:18:58Z</time>
   </trkpt>
   <trkpt lat="37.7716280" lon="-122.4608330">
    <ele>74.7</ele>
    <time>2026-04-27T01:18:59Z</time>
   </trkpt>
   <trkpt lat="37.7716270" lon="-122.4608860">
    <ele>74.7</ele>
    <time>2026-04-27T01:19:00Z</time>
   </trkpt>
   <trkpt lat="37.7716270" lon="-122.4609350">
    <ele>74.7</ele>
    <time>2026-04-27T01:19:01Z</time>
   </trkpt>
   <trkpt lat="37.7716340" lon="-122.4609600">
    <ele>74.7</ele>
    <time>2026-04-27T01:19:02Z</time>
   </trkpt>
   <trkpt lat="37.7716310" lon="-122.4610020">
    <ele>74.7</ele>
    <time>2026-04-27T01:19:03Z</time>
   </trkpt>
   <trkpt lat="37.7716390" lon="-122.4610380">
    <ele>74.7</ele>
    <time>2026-04-27T01:19:04Z</time>
   </trkpt>
   <trkpt lat="37.7716610" lon="-122.4610910">
    <ele>74.6</ele>
    <time>2026-04-27T01:19:05Z</time>
   </trkpt>
   <trkpt lat="37.7716620" lon="-122.4611310">
    <ele>74.6</ele>
    <time>2026-04-27T01:19:06Z</time>
   </trkpt>
   <trkpt lat="37.7716770" lon="-122.4611600">
    <ele>74.6</ele>
    <time>2026-04-27T01:19:07Z</time>
   </trkpt>
   <trkpt lat="37.7716800" lon="-122.4612040">
    <ele>74.6</ele>
    <time>2026-04-27T01:19:08Z</time>
   </trkpt>
   <trkpt lat="37.7716810" lon="-122.4612430">
    <ele>74.6</ele>
    <time>2026-04-27T01:19:09Z</time>
   </trkpt>
   <trkpt lat="37.7716920" lon="-122.4612800">
    <ele>74.6</ele>
    <time>2026-04-27T01:19:10Z</time>
   </trkpt>
   <trkpt lat="37.7717050" lon="-122.4613150">
    <ele>74.6</ele>
    <time>2026-04-27T01:19:11Z</time>
   </trkpt>
   <trkpt lat="37.7717060" lon="-122.4613650">
    <ele>74.6</ele>
    <time>2026-04-27T01:19:12Z</time>
   </trkpt>
   <trkpt lat="37.7717010" lon="-122.4614200">
    <ele>74.6</ele>
    <time>2026-04-27T01:19:13Z</time>
   </trkpt>
   <trkpt lat="37.7717300" lon="-122.4614580">
    <ele>74.6</ele>
    <time>2026-04-27T01:19:14Z</time>
   </trkpt>
   <trkpt lat="37.7717480" lon="-122.4614970">
    <ele>74.6</ele>
    <time>2026-04-27T01:19:15Z</time>
   </trkpt>
   <trkpt lat="37.7717340" lon="-122.4615430">
    <ele>74.6</ele>
    <time>2026-04-27T01:19:16Z</time>
   </trkpt>
   <trkpt lat="37.7717610" lon="-122.4615730">
    <ele>74.6</ele>
    <time>2026-04-27T01:19:17Z</time>
   </trkpt>
   <trkpt lat="37.7717640" lon="-122.4616250">
    <ele>74.6</ele>
    <time>2026-04-27T01:19:18Z</time>
   </trkpt>
   <trkpt lat="37.7717670" lon="-122.4616680">
    <ele>74.6</ele>
    <time>2026-04-27T01:19:19Z</time>
   </trkpt>
   <trkpt lat="37.7717730" lon="-122.4617170">
    <ele>74.6</ele>
    <time>2026-04-27T01:19:20Z</time>
   </trkpt>
   <trkpt lat="37.7717760" lon="-122.4617590">
    <ele>74.6</ele>
    <time>2026-04-27T01:19:21Z</time>
   </trkpt>
   <trkpt lat="37.7717860" lon="-122.4617980">
    <ele>74.6</ele>
    <time>2026-04-27T01:19:22Z</time>
   </trkpt>
   <trkpt lat="37.7717950" lon="-122.4618530">
    <ele>74.6</ele>
    <time>2026-04-27T01:19:23Z</time>
   </trkpt>
   <trkpt lat="37.7718090" lon="-122.4619100">
    <ele>74.6</ele>
    <time>2026-04-27T01:19:24Z</time>
   </trkpt>
   <trkpt lat="37.7718150" lon="-122.4619360">
    <ele>74.6</ele>
    <time>2026-04-27T01:19:25Z</time>
   </trkpt>
   <trkpt lat="37.7718200" lon="-122.4619700">
    <ele>74.6</ele>
    <time>2026-04-27T01:19:26Z</time>
   </trkpt>
   <trkpt lat="37.7718550" lon="-122.4620170">
    <ele>74.6</ele>
    <time>2026-04-27T01:19:27Z</time>
   </trkpt>
   <trkpt lat="37.7718720" lon="-122.4620390">
    <ele>74.6</ele>
    <time>2026-04-27T01:19:28Z</time>
   </trkpt>
   <trkpt lat="37.7718680" lon="-122.4620820">
    <ele>74.5</ele>
    <time>2026-04-27T01:19:29Z</time>
   </trkpt>
   <trkpt lat="37.7718660" lon="-122.4621280">
    <ele>74.5</ele>
    <time>2026-04-27T01:19:30Z</time>
   </trkpt>
   <trkpt lat="37.7718820" lon="-122.4621800">
    <ele>74.5</ele>
    <time>2026-04-27T01:19:31Z</time>
   </trkpt>
   <trkpt lat="37.7718870" lon="-122.4622020">
    <ele>74.5</ele>
    <time>2026-04-27T01:19:32Z</time>
   </trkpt>
   <trkpt lat="37.7718830" lon="-122.4622600">
    <ele>74.4</ele>
    <time>2026-04-27T01:19:33Z</time>
   </trkpt>
   <trkpt lat="37.7718940" lon="-122.4623050">
    <ele>74.4</ele>
    <time>2026-04-27T01:19:35Z</time>
   </trkpt>
   <trkpt lat="37.7719000" lon="-122.4623220">
    <ele>74.4</ele>
    <time>2026-04-27T01:19:36Z</time>
   </trkpt>
   <trkpt lat="37.7718960" lon="-122.4623710">
    <ele>74.4</ele>
    <time>2026-04-27T01:19:37Z</time>
   </trkpt>
   <trkpt lat="37.7719110" lon="-122.4624120">
    <ele>74.4</ele>
    <time>2026-04-27T01:19:38Z</time>
   </trkpt>
   <trkpt lat="37.7719150" lon="-122.4624570">
    <ele>74.3</ele>
    <time>2026-04-27T01:19:39Z</time>
   </trkpt>
   <trkpt lat="37.7719360" lon="-122.4624930">
    <ele>74.3</ele>
    <time>2026-04-27T01:19:40Z</time>
   </trkpt>
   <trkpt lat="37.7719480" lon="-122.4625250">
    <ele>74.3</ele>
    <time>2026-04-27T01:19:41Z</time>
   </trkpt>
   <trkpt lat="37.7719600" lon="-122.4625800">
    <ele>74.3</ele>
    <time>2026-04-27T01:19:42Z</time>
   </trkpt>
   <trkpt lat="37.7719740" lon="-122.4626200">
    <ele>74.2</ele>
    <time>2026-04-27T01:19:43Z</time>
   </trkpt>
   <trkpt lat="37.7720140" lon="-122.4626450">
    <ele>74.2</ele>
    <time>2026-04-27T01:19:44Z</time>
   </trkpt>
   <trkpt lat="37.7720140" lon="-122.4626890">
    <ele>74.2</ele>
    <time>2026-04-27T01:19:45Z</time>
   </trkpt>
   <trkpt lat="37.7720150" lon="-122.4627300">
    <ele>74.1</ele>
    <time>2026-04-27T01:19:46Z</time>
   </trkpt>
   <trkpt lat="37.7720240" lon="-122.4627730">
    <ele>74.1</ele>
    <time>2026-04-27T01:19:47Z</time>
   </trkpt>
   <trkpt lat="37.7720250" lon="-122.4628200">
    <ele>74.1</ele>
    <time>2026-04-27T01:19:48Z</time>
   </trkpt>
   <trkpt lat="37.7720380" lon="-122.4628520">
    <ele>74.1</ele>
    <time>2026-04-27T01:19:49Z</time>
   </trkpt>
   <trkpt lat="37.7720490" lon="-122.4628990">
    <ele>74.0</ele>
    <time>2026-04-27T01:19:50Z</time>
   </trkpt>
   <trkpt lat="37.7720690" lon="-122.4629320">
    <ele>74.0</ele>
    <time>2026-04-27T01:19:51Z</time>
   </trkpt>
   <trkpt lat="37.7720640" lon="-122.4630210">
    <ele>74.0</ele>
    <time>2026-04-27T01:19:52Z</time>
   </trkpt>
   <trkpt lat="37.7720750" lon="-122.4630570">
    <ele>74.0</ele>
    <time>2026-04-27T01:19:53Z</time>
   </trkpt>
   <trkpt lat="37.7721050" lon="-122.4630720">
    <ele>73.9</ele>
    <time>2026-04-27T01:19:54Z</time>
   </trkpt>
   <trkpt lat="37.7721090" lon="-122.4631130">
    <ele>73.9</ele>
    <time>2026-04-27T01:19:55Z</time>
   </trkpt>
   <trkpt lat="37.7721210" lon="-122.4631450">
    <ele>73.9</ele>
    <time>2026-04-27T01:19:56Z</time>
   </trkpt>
   <trkpt lat="37.7721290" lon="-122.4631940">
    <ele>73.9</ele>
    <time>2026-04-27T01:19:57Z</time>
   </trkpt>
   <trkpt lat="37.7721290" lon="-122.4632350">
    <ele>73.9</ele>
    <time>2026-04-27T01:19:58Z</time>
   </trkpt>
   <trkpt lat="37.7721510" lon="-122.4632710">
    <ele>73.8</ele>
    <time>2026-04-27T01:19:59Z</time>
   </trkpt>
   <trkpt lat="37.7721530" lon="-122.4633100">
    <ele>73.8</ele>
    <time>2026-04-27T01:20:00Z</time>
   </trkpt>
   <trkpt lat="37.7721600" lon="-122.4633560">
    <ele>73.8</ele>
    <time>2026-04-27T01:20:01Z</time>
   </trkpt>
   <trkpt lat="37.7721630" lon="-122.4634020">
    <ele>73.8</ele>
    <time>2026-04-27T01:20:02Z</time>
   </trkpt>
   <trkpt lat="37.7721490" lon="-122.4634440">
    <ele>73.7</ele>
    <time>2026-04-27T01:20:03Z</time>
   </trkpt>
   <trkpt lat="37.7721520" lon="-122.4634690">
    <ele>73.7</ele>
    <time>2026-04-27T01:20:04Z</time>
   </trkpt>
   <trkpt lat="37.7721620" lon="-122.4635160">
    <ele>73.7</ele>
    <time>2026-04-27T01:20:05Z</time>
   </trkpt>
   <trkpt lat="37.7721760" lon="-122.4635550">
    <ele>73.7</ele>
    <time>2026-04-27T01:20:06Z</time>
   </trkpt>
   <trkpt lat="37.7721920" lon="-122.4636010">
    <ele>73.7</ele>
    <time>2026-04-27T01:20:07Z</time>
   </trkpt>
   <trkpt lat="37.7722190" lon="-122.4636170">
    <ele>73.6</ele>
    <time>2026-04-27T01:20:08Z</time>
   </trkpt>
   <trkpt lat="37.7722430" lon="-122.4636590">
    <ele>73.6</ele>
    <time>2026-04-27T01:20:09Z</time>
   </trkpt>
   <trkpt lat="37.7722590" lon="-122.4637000">
    <ele>73.6</ele>
    <time>2026-04-27T01:20:10Z</time>
   </trkpt>
   <trkpt lat="37.7722760" lon="-122.4637420">
    <ele>73.6</ele>
    <time>2026-04-27T01:20:11Z</time>
   </trkpt>
   <trkpt lat="37.7722810" lon="-122.4637630">
    <ele>73.6</ele>
    <time>2026-04-27T01:20:12Z</time>
   </trkpt>
   <trkpt lat="37.7723000" lon="-122.4638130">
    <ele>73.6</ele>
    <time>2026-04-27T01:20:13Z</time>
   </trkpt>
   <trkpt lat="37.7723090" lon="-122.4638310">
    <ele>73.5</ele>
    <time>2026-04-27T01:20:14Z</time>
   </trkpt>
   <trkpt lat="37.7723290" lon="-122.4638760">
    <ele>73.5</ele>
    <time>2026-04-27T01:20:15Z</time>
   </trkpt>
   <trkpt lat="37.7723320" lon="-122.4639200">
    <ele>73.5</ele>
    <time>2026-04-27T01:20:16Z</time>
   </trkpt>
   <trkpt lat="37.7723200" lon="-122.4639630">
    <ele>73.5</ele>
    <time>2026-04-27T01:20:17Z</time>
   </trkpt>
   <trkpt lat="37.7723490" lon="-122.4640000">
    <ele>73.5</ele>
    <time>2026-04-27T01:20:18Z</time>
   </trkpt>
   <trkpt lat="37.7723720" lon="-122.4640290">
    <ele>73.5</ele>
    <time>2026-04-27T01:20:19Z</time>
   </trkpt>
   <trkpt lat="37.7723890" lon="-122.4640820">
    <ele>73.5</ele>
    <time>2026-04-27T01:20:20Z</time>
   </trkpt>
   <trkpt lat="37.7724070" lon="-122.4641250">
    <ele>73.5</ele>
    <time>2026-04-27T01:20:21Z</time>
   </trkpt>
   <trkpt lat="37.7724130" lon="-122.4641470">
    <ele>73.4</ele>
    <time>2026-04-27T01:20:22Z</time>
   </trkpt>
   <trkpt lat="37.7724190" lon="-122.4641900">
    <ele>73.4</ele>
    <time>2026-04-27T01:20:23Z</time>
   </trkpt>
   <trkpt lat="37.7724250" lon="-122.4642500">
    <ele>73.4</ele>
    <time>2026-04-27T01:20:24Z</time>
   </trkpt>
   <trkpt lat="37.7724370" lon="-122.4642890">
    <ele>73.4</ele>
    <time>2026-04-27T01:20:25Z</time>
   </trkpt>
   <trkpt lat="37.7724490" lon="-122.4643220">
    <ele>73.4</ele>
    <time>2026-04-27T01:20:26Z</time>
   </trkpt>
   <trkpt lat="37.7724620" lon="-122.4643560">
    <ele>73.4</ele>
    <time>2026-04-27T01:20:27Z</time>
   </trkpt>
   <trkpt lat="37.7724620" lon="-122.4643720">
    <ele>73.4</ele>
    <time>2026-04-27T01:20:28Z</time>
   </trkpt>
   <trkpt lat="37.7724740" lon="-122.4644040">
    <ele>73.4</ele>
    <time>2026-04-27T01:20:29Z</time>
   </trkpt>
   <trkpt lat="37.7724850" lon="-122.4644450">
    <ele>73.4</ele>
    <time>2026-04-27T01:20:30Z</time>
   </trkpt>
   <trkpt lat="37.7724860" lon="-122.4644990">
    <ele>73.4</ele>
    <time>2026-04-27T01:20:31Z</time>
   </trkpt>
   <trkpt lat="37.7724980" lon="-122.4645410">
    <ele>73.4</ele>
    <time>2026-04-27T01:20:32Z</time>
   </trkpt>
   <trkpt lat="37.7725080" lon="-122.4645830">
    <ele>73.4</ele>
    <time>2026-04-27T01:20:33Z</time>
   </trkpt>
   <trkpt lat="37.7725180" lon="-122.4646150">
    <ele>73.4</ele>
    <time>2026-04-27T01:20:34Z</time>
   </trkpt>
   <trkpt lat="37.7725370" lon="-122.4646630">
    <ele>73.4</ele>
    <time>2026-04-27T01:20:35Z</time>
   </trkpt>
   <trkpt lat="37.7725320" lon="-122.4647060">
    <ele>73.4</ele>
    <time>2026-04-27T01:20:36Z</time>
   </trkpt>
   <trkpt lat="37.7725440" lon="-122.4647380">
    <ele>73.4</ele>
    <time>2026-04-27T01:20:37Z</time>
   </trkpt>
   <trkpt lat="37.7725590" lon="-122.4647760">
    <ele>73.4</ele>
    <time>2026-04-27T01:20:38Z</time>
   </trkpt>
   <trkpt lat="37.7725620" lon="-122.4648130">
    <ele>73.4</ele>
    <time>2026-04-27T01:20:39Z</time>
   </trkpt>
   <trkpt lat="37.7725770" lon="-122.4648540">
    <ele>73.4</ele>
    <time>2026-04-27T01:20:40Z</time>
   </trkpt>
   <trkpt lat="37.7725770" lon="-122.4649020">
    <ele>73.4</ele>
    <time>2026-04-27T01:20:41Z</time>
   </trkpt>
   <trkpt lat="37.7725920" lon="-122.4649390">
    <ele>73.4</ele>
    <time>2026-04-27T01:20:42Z</time>
   </trkpt>
   <trkpt lat="37.7726160" lon="-122.4649620">
    <ele>73.4</ele>
    <time>2026-04-27T01:20:43Z</time>
   </trkpt>
   <trkpt lat="37.7726140" lon="-122.4650130">
    <ele>73.4</ele>
    <time>2026-04-27T01:20:44Z</time>
   </trkpt>
   <trkpt lat="37.7726410" lon="-122.4650600">
    <ele>73.4</ele>
    <time>2026-04-27T01:20:45Z</time>
   </trkpt>
   <trkpt lat="37.7726260" lon="-122.4651130">
    <ele>73.4</ele>
    <time>2026-04-27T01:20:46Z</time>
   </trkpt>
   <trkpt lat="37.7726390" lon="-122.4651410">
    <ele>73.4</ele>
    <time>2026-04-27T01:20:47Z</time>
   </trkpt>
   <trkpt lat="37.7726460" lon="-122.4651520">
    <ele>73.4</ele>
    <time>2026-04-27T01:20:48Z</time>
   </trkpt>
   <trkpt lat="37.7726460" lon="-122.4652050">
    <ele>73.4</ele>
    <time>2026-04-27T01:20:49Z</time>
   </trkpt>
   <trkpt lat="37.7726500" lon="-122.4652390">
    <ele>73.5</ele>
    <time>2026-04-27T01:20:50Z</time>
   </trkpt>
   <trkpt lat="37.7726550" lon="-122.4652810">
    <ele>73.5</ele>
    <time>2026-04-27T01:20:51Z</time>
   </trkpt>
   <trkpt lat="37.7726630" lon="-122.4653340">
    <ele>73.5</ele>
    <time>2026-04-27T01:20:52Z</time>
   </trkpt>
   <trkpt lat="37.7726680" lon="-122.4653930">
    <ele>73.5</ele>
    <time>2026-04-27T01:20:53Z</time>
   </trkpt>
   <trkpt lat="37.7726860" lon="-122.4654270">
    <ele>73.5</ele>
    <time>2026-04-27T01:20:54Z</time>
   </trkpt>
   <trkpt lat="37.7726910" lon="-122.4654670">
    <ele>73.5</ele>
    <time>2026-04-27T01:20:55Z</time>
   </trkpt>
   <trkpt lat="37.7726930" lon="-122.4654770">
    <ele>73.5</ele>
    <time>2026-04-27T01:20:56Z</time>
   </trkpt>
   <trkpt lat="37.7726870" lon="-122.4655240">
    <ele>73.5</ele>
    <time>2026-04-27T01:20:57Z</time>
   </trkpt>
   <trkpt lat="37.7726930" lon="-122.4655620">
    <ele>73.5</ele>
    <time>2026-04-27T01:20:58Z</time>
   </trkpt>
   <trkpt lat="37.7727010" lon="-122.4656120">
    <ele>73.5</ele>
    <time>2026-04-27T01:20:59Z</time>
   </trkpt>
   <trkpt lat="37.7727050" lon="-122.4656470">
    <ele>73.5</ele>
    <time>2026-04-27T01:21:00Z</time>
   </trkpt>
   <trkpt lat="37.7727180" lon="-122.4657010">
    <ele>73.5</ele>
    <time>2026-04-27T01:21:01Z</time>
   </trkpt>
   <trkpt lat="37.7727160" lon="-122.4657260">
    <ele>73.5</ele>
    <time>2026-04-27T01:21:02Z</time>
   </trkpt>
   <trkpt lat="37.7727110" lon="-122.4657680">
    <ele>73.6</ele>
    <time>2026-04-27T01:21:03Z</time>
   </trkpt>
   <trkpt lat="37.7727120" lon="-122.4657830">
    <ele>73.6</ele>
    <time>2026-04-27T01:21:04Z</time>
   </trkpt>
   <trkpt lat="37.7727050" lon="-122.4658190">
    <ele>73.6</ele>
    <time>2026-04-27T01:21:05Z</time>
   </trkpt>
   <trkpt lat="37.7727250" lon="-122.4658620">
    <ele>73.5</ele>
    <time>2026-04-27T01:21:06Z</time>
   </trkpt>
   <trkpt lat="37.7727330" lon="-122.4658840">
    <ele>73.5</ele>
    <time>2026-04-27T01:21:07Z</time>
   </trkpt>
   <trkpt lat="37.7727130" lon="-122.4659370">
    <ele>73.6</ele>
    <time>2026-04-27T01:21:08Z</time>
   </trkpt>
   <trkpt lat="37.7727260" lon="-122.4659880">
    <ele>73.6</ele>
    <time>2026-04-27T01:21:09Z</time>
   </trkpt>
   <trkpt lat="37.7727190" lon="-122.4660280">
    <ele>73.6</ele>
    <time>2026-04-27T01:21:10Z</time>
   </trkpt>
   <trkpt lat="37.7727140" lon="-122.4660460">
    <ele>73.6</ele>
    <time>2026-04-27T01:21:11Z</time>
   </trkpt>
   <trkpt lat="37.7727040" lon="-122.4660880">
    <ele>73.6</ele>
    <time>2026-04-27T01:21:12Z</time>
   </trkpt>
   <trkpt lat="37.7726970" lon="-122.4661330">
    <ele>73.7</ele>
    <time>2026-04-27T01:21:13Z</time>
   </trkpt>
   <trkpt lat="37.7727000" lon="-122.4661880">
    <ele>73.7</ele>
    <time>2026-04-27T01:21:14Z</time>
   </trkpt>
   <trkpt lat="37.7727050" lon="-122.4662180">
    <ele>73.7</ele>
    <time>2026-04-27T01:21:15Z</time>
   </trkpt>
   <trkpt lat="37.7726940" lon="-122.4662580">
    <ele>73.7</ele>
    <time>2026-04-27T01:21:16Z</time>
   </trkpt>
   <trkpt lat="37.7726990" lon="-122.4662930">
    <ele>73.7</ele>
    <time>2026-04-27T01:21:17Z</time>
   </trkpt>
   <trkpt lat="37.7727010" lon="-122.4663450">
    <ele>73.8</ele>
    <time>2026-04-27T01:21:18Z</time>
   </trkpt>
   <trkpt lat="37.7727010" lon="-122.4663670">
    <ele>73.8</ele>
    <time>2026-04-27T01:21:19Z</time>
   </trkpt>
   <trkpt lat="37.7727000" lon="-122.4664120">
    <ele>73.8</ele>
    <time>2026-04-27T01:21:20Z</time>
   </trkpt>
   <trkpt lat="37.7726890" lon="-122.4664440">
    <ele>73.9</ele>
    <time>2026-04-27T01:21:21Z</time>
   </trkpt>
   <trkpt lat="37.7726860" lon="-122.4664870">
    <ele>73.9</ele>
    <time>2026-04-27T01:21:22Z</time>
   </trkpt>
   <trkpt lat="37.7726950" lon="-122.4665230">
    <ele>73.9</ele>
    <time>2026-04-27T01:21:23Z</time>
   </trkpt>
   <trkpt lat="37.7726810" lon="-122.4665570">
    <ele>74.0</ele>
    <time>2026-04-27T01:21:24Z</time>
   </trkpt>
   <trkpt lat="37.7726870" lon="-122.4666010">
    <ele>74.0</ele>
    <time>2026-04-27T01:21:25Z</time>
   </trkpt>
   <trkpt lat="37.7726830" lon="-122.4666460">
    <ele>74.0</ele>
    <time>2026-04-27T01:21:26Z</time>
   </trkpt>
   <trkpt lat="37.7726880" lon="-122.4666870">
    <ele>74.0</ele>
    <time>2026-04-27T01:21:27Z</time>
   </trkpt>
   <trkpt lat="37.7726820" lon="-122.4667310">
    <ele>74.1</ele>
    <time>2026-04-27T01:21:28Z</time>
   </trkpt>
   <trkpt lat="37.7726680" lon="-122.4667640">
    <ele>74.1</ele>
    <time>2026-04-27T01:21:29Z</time>
   </trkpt>
   <trkpt lat="37.7726630" lon="-122.4668070">
    <ele>74.1</ele>
    <time>2026-04-27T01:21:30Z</time>
   </trkpt>
   <trkpt lat="37.7726620" lon="-122.4668230">
    <ele>74.2</ele>
    <time>2026-04-27T01:21:31Z</time>
   </trkpt>
   <trkpt lat="37.7726620" lon="-122.4668810">
    <ele>74.2</ele>
    <time>2026-04-27T01:21:32Z</time>
   </trkpt>
   <trkpt lat="37.7726600" lon="-122.4669060">
    <ele>74.2</ele>
    <time>2026-04-27T01:21:33Z</time>
   </trkpt>
   <trkpt lat="37.7726490" lon="-122.4669470">
    <ele>74.3</ele>
    <time>2026-04-27T01:21:34Z</time>
   </trkpt>
   <trkpt lat="37.7726440" lon="-122.4670000">
    <ele>74.3</ele>
    <time>2026-04-27T01:21:35Z</time>
   </trkpt>
   <trkpt lat="37.7726470" lon="-122.4670220">
    <ele>74.3</ele>
    <time>2026-04-27T01:21:36Z</time>
   </trkpt>
   <trkpt lat="37.7726430" lon="-122.4670710">
    <ele>74.4</ele>
    <time>2026-04-27T01:21:37Z</time>
   </trkpt>
   <trkpt lat="37.7726460" lon="-122.4670950">
    <ele>74.4</ele>
    <time>2026-04-27T01:21:38Z</time>
   </trkpt>
   <trkpt lat="37.7726440" lon="-122.4671400">
    <ele>74.4</ele>
    <time>2026-04-27T01:21:39Z</time>
   </trkpt>
   <trkpt lat="37.7726530" lon="-122.4671800">
    <ele>74.4</ele>
    <time>2026-04-27T01:21:41Z</time>
   </trkpt>
   <trkpt lat="37.7726510" lon="-122.4671930">
    <ele>74.5</ele>
    <time>2026-04-27T01:21:42Z</time>
   </trkpt>
   <trkpt lat="37.7726450" lon="-122.4672320">
    <ele>74.5</ele>
    <time>2026-04-27T01:21:43Z</time>
   </trkpt>
   <trkpt lat="37.7726530" lon="-122.4672830">
    <ele>74.5</ele>
    <time>2026-04-27T01:21:44Z</time>
   </trkpt>
   <trkpt lat="37.7726540" lon="-122.4673070">
    <ele>74.5</ele>
    <time>2026-04-27T01:21:45Z</time>
   </trkpt>
   <trkpt lat="37.7726460" lon="-122.4673470">
    <ele>74.5</ele>
    <time>2026-04-27T01:21:46Z</time>
   </trkpt>
   <trkpt lat="37.7726460" lon="-122.4673930">
    <ele>74.5</ele>
    <time>2026-04-27T01:21:47Z</time>
   </trkpt>
   <trkpt lat="37.7726460" lon="-122.4674140">
    <ele>74.5</ele>
    <time>2026-04-27T01:21:48Z</time>
   </trkpt>
   <trkpt lat="37.7726260" lon="-122.4674360">
    <ele>74.5</ele>
    <time>2026-04-27T01:21:49Z</time>
   </trkpt>
   <trkpt lat="37.7726140" lon="-122.4674790">
    <ele>74.5</ele>
    <time>2026-04-27T01:21:50Z</time>
   </trkpt>
   <trkpt lat="37.7725980" lon="-122.4675230">
    <ele>74.5</ele>
    <time>2026-04-27T01:21:51Z</time>
   </trkpt>
   <trkpt lat="37.7725980" lon="-122.4675620">
    <ele>74.5</ele>
    <time>2026-04-27T01:21:52Z</time>
   </trkpt>
   <trkpt lat="37.7725900" lon="-122.4676120">
    <ele>74.5</ele>
    <time>2026-04-27T01:21:53Z</time>
   </trkpt>
   <trkpt lat="37.7725900" lon="-122.4676460">
    <ele>74.5</ele>
    <time>2026-04-27T01:21:54Z</time>
   </trkpt>
   <trkpt lat="37.7726010" lon="-122.4676870">
    <ele>74.5</ele>
    <time>2026-04-27T01:21:55Z</time>
   </trkpt>
   <trkpt lat="37.7725960" lon="-122.4677400">
    <ele>74.4</ele>
    <time>2026-04-27T01:21:56Z</time>
   </trkpt>
   <trkpt lat="37.7726030" lon="-122.4678030">
    <ele>74.4</ele>
    <time>2026-04-27T01:21:57Z</time>
   </trkpt>
   <trkpt lat="37.7725970" lon="-122.4678380">
    <ele>74.4</ele>
    <time>2026-04-27T01:21:58Z</time>
   </trkpt>
   <trkpt lat="37.7725990" lon="-122.4678950">
    <ele>74.4</ele>
    <time>2026-04-27T01:21:59Z</time>
   </trkpt>
   <trkpt lat="37.7725920" lon="-122.4679550">
    <ele>74.4</ele>
    <time>2026-04-27T01:22:00Z</time>
   </trkpt>
   <trkpt lat="37.7725730" lon="-122.4680060">
    <ele>74.4</ele>
    <time>2026-04-27T01:22:01Z</time>
   </trkpt>
   <trkpt lat="37.7725590" lon="-122.4680520">
    <ele>74.4</ele>
    <time>2026-04-27T01:22:02Z</time>
   </trkpt>
   <trkpt lat="37.7725580" lon="-122.4681000">
    <ele>74.4</ele>
    <time>2026-04-27T01:22:03Z</time>
   </trkpt>
   <trkpt lat="37.7725550" lon="-122.4681160">
    <ele>74.4</ele>
    <time>2026-04-27T01:22:04Z</time>
   </trkpt>
   <trkpt lat="37.7725510" lon="-122.4681500">
    <ele>74.4</ele>
    <time>2026-04-27T01:22:05Z</time>
   </trkpt>
   <trkpt lat="37.7725470" lon="-122.4682020">
    <ele>74.4</ele>
    <time>2026-04-27T01:22:06Z</time>
   </trkpt>
   <trkpt lat="37.7725460" lon="-122.4682240">
    <ele>74.4</ele>
    <time>2026-04-27T01:22:07Z</time>
   </trkpt>
   <trkpt lat="37.7725340" lon="-122.4682670">
    <ele>74.4</ele>
    <time>2026-04-27T01:22:08Z</time>
   </trkpt>
   <trkpt lat="37.7725380" lon="-122.4683120">
    <ele>74.4</ele>
    <time>2026-04-27T01:22:09Z</time>
   </trkpt>
   <trkpt lat="37.7725350" lon="-122.4683310">
    <ele>74.4</ele>
    <time>2026-04-27T01:22:10Z</time>
   </trkpt>
   <trkpt lat="37.7725160" lon="-122.4683580">
    <ele>74.4</ele>
    <time>2026-04-27T01:22:11Z</time>
   </trkpt>
   <trkpt lat="37.7725090" lon="-122.4684010">
    <ele>74.4</ele>
    <time>2026-04-27T01:22:12Z</time>
   </trkpt>
   <trkpt lat="37.7724970" lon="-122.4684410">
    <ele>74.4</ele>
    <time>2026-04-27T01:22:13Z</time>
   </trkpt>
   <trkpt lat="37.7724880" lon="-122.4684960">
    <ele>74.4</ele>
    <time>2026-04-27T01:22:14Z</time>
   </trkpt>
   <trkpt lat="37.7724850" lon="-122.4685180">
    <ele>74.4</ele>
    <time>2026-04-27T01:22:15Z</time>
   </trkpt>
   <trkpt lat="37.7724790" lon="-122.4685560">
    <ele>74.4</ele>
    <time>2026-04-27T01:22:16Z</time>
   </trkpt>
   <trkpt lat="37.7724710" lon="-122.4686040">
    <ele>74.4</ele>
    <time>2026-04-27T01:22:17Z</time>
   </trkpt>
   <trkpt lat="37.7724630" lon="-122.4686210">
    <ele>74.4</ele>
    <time>2026-04-27T01:22:18Z</time>
   </trkpt>
   <trkpt lat="37.7724590" lon="-122.4686580">
    <ele>74.4</ele>
    <time>2026-04-27T01:22:19Z</time>
   </trkpt>
   <trkpt lat="37.7724710" lon="-122.4687060">
    <ele>74.4</ele>
    <time>2026-04-27T01:22:20Z</time>
   </trkpt>
   <trkpt lat="37.7724760" lon="-122.4687220">
    <ele>74.4</ele>
    <time>2026-04-27T01:22:21Z</time>
   </trkpt>
   <trkpt lat="37.7724490" lon="-122.4687520">
    <ele>74.4</ele>
    <time>2026-04-27T01:22:22Z</time>
   </trkpt>
   <trkpt lat="37.7724400" lon="-122.4687920">
    <ele>74.4</ele>
    <time>2026-04-27T01:22:23Z</time>
   </trkpt>
   <trkpt lat="37.7724170" lon="-122.4688500">
    <ele>74.4</ele>
    <time>2026-04-27T01:22:24Z</time>
   </trkpt>
   <trkpt lat="37.7724160" lon="-122.4688990">
    <ele>74.4</ele>
    <time>2026-04-27T01:22:25Z</time>
   </trkpt>
   <trkpt lat="37.7724090" lon="-122.4689210">
    <ele>74.4</ele>
    <time>2026-04-27T01:22:26Z</time>
   </trkpt>
   <trkpt lat="37.7723850" lon="-122.4689620">
    <ele>74.4</ele>
    <time>2026-04-27T01:22:27Z</time>
   </trkpt>
   <trkpt lat="37.7723750" lon="-122.4690120">
    <ele>74.4</ele>
    <time>2026-04-27T01:22:28Z</time>
   </trkpt>
   <trkpt lat="37.7723720" lon="-122.4690330">
    <ele>74.4</ele>
    <time>2026-04-27T01:22:29Z</time>
   </trkpt>
   <trkpt lat="37.7723580" lon="-122.4690700">
    <ele>74.4</ele>
    <time>2026-04-27T01:22:30Z</time>
   </trkpt>
   <trkpt lat="37.7723540" lon="-122.4690880">
    <ele>74.4</ele>
    <time>2026-04-27T01:22:31Z</time>
   </trkpt>
   <trkpt lat="37.7723380" lon="-122.4691230">
    <ele>74.4</ele>
    <time>2026-04-27T01:22:32Z</time>
   </trkpt>
   <trkpt lat="37.7723480" lon="-122.4692010">
    <ele>74.3</ele>
    <time>2026-04-27T01:22:33Z</time>
   </trkpt>
   <trkpt lat="37.7723020" lon="-122.4692130">
    <ele>74.3</ele>
    <time>2026-04-27T01:22:34Z</time>
   </trkpt>
   <trkpt lat="37.7722820" lon="-122.4692470">
    <ele>74.3</ele>
    <time>2026-04-27T01:22:35Z</time>
   </trkpt>
   <trkpt lat="37.7722670" lon="-122.4692830">
    <ele>74.2</ele>
    <time>2026-04-27T01:22:36Z</time>
   </trkpt>
   <trkpt lat="37.7722580" lon="-122.4693000">
    <ele>74.2</ele>
    <time>2026-04-27T01:22:37Z</time>
   </trkpt>
   <trkpt lat="37.7722370" lon="-122.4693320">
    <ele>74.2</ele>
    <time>2026-04-27T01:22:38Z</time>
   </trkpt>
   <trkpt lat="37.7722160" lon="-122.4693620">
    <ele>74.1</ele>
    <time>2026-04-27T01:22:39Z</time>
   </trkpt>
   <trkpt lat="37.7721920" lon="-122.4693920">
    <ele>74.1</ele>
    <time>2026-04-27T01:22:40Z</time>
   </trkpt>
   <trkpt lat="37.7721790" lon="-122.4694430">
    <ele>74.1</ele>
    <time>2026-04-27T01:22:41Z</time>
   </trkpt>
   <trkpt lat="37.7721740" lon="-122.4694660">
    <ele>74.0</ele>
    <time>2026-04-27T01:22:42Z</time>
   </trkpt>
   <trkpt lat="37.7721600" lon="-122.4695120">
    <ele>74.0</ele>
    <time>2026-04-27T01:22:43Z</time>
   </trkpt>
   <trkpt lat="37.7721240" lon="-122.4695260">
    <ele>74.0</ele>
    <time>2026-04-27T01:22:44Z</time>
   </trkpt>
   <trkpt lat="37.7720940" lon="-122.4695600">
    <ele>73.9</ele>
    <time>2026-04-27T01:22:45Z</time>
   </trkpt>
   <trkpt lat="37.7720820" lon="-122.4695720">
    <ele>73.9</ele>
    <time>2026-04-27T01:22:46Z</time>
   </trkpt>
   <trkpt lat="37.7720590" lon="-122.4696030">
    <ele>73.8</ele>
    <time>2026-04-27T01:22:47Z</time>
   </trkpt>
   <trkpt lat="37.7720340" lon="-122.4696280">
    <ele>73.8</ele>
    <time>2026-04-27T01:22:48Z</time>
   </trkpt>
   <trkpt lat="37.7720230" lon="-122.4696660">
    <ele>73.8</ele>
    <time>2026-04-27T01:22:49Z</time>
   </trkpt>
   <trkpt lat="37.7720010" lon="-122.4697150">
    <ele>73.7</ele>
    <time>2026-04-27T01:22:50Z</time>
   </trkpt>
   <trkpt lat="37.7719970" lon="-122.4697390">
    <ele>73.6</ele>
    <time>2026-04-27T01:22:51Z</time>
   </trkpt>
   <trkpt lat="37.7719740" lon="-122.4697710">
    <ele>73.6</ele>
    <time>2026-04-27T01:22:52Z</time>
   </trkpt>
   <trkpt lat="37.7719450" lon="-122.4697950">
    <ele>73.5</ele>
    <time>2026-04-27T01:22:53Z</time>
   </trkpt>
   <trkpt lat="37.7719380" lon="-122.4698150">
    <ele>73.5</ele>
    <time>2026-04-27T01:22:54Z</time>
   </trkpt>
   <trkpt lat="37.7719310" lon="-122.4698500">
    <ele>73.4</ele>
    <time>2026-04-27T01:22:55Z</time>
   </trkpt>
   <trkpt lat="37.7719110" lon="-122.4698750">
    <ele>73.3</ele>
    <time>2026-04-27T01:22:56Z</time>
   </trkpt>
   <trkpt lat="37.7718780" lon="-122.4699110">
    <ele>73.2</ele>
    <time>2026-04-27T01:22:57Z</time>
   </trkpt>
   <trkpt lat="37.7718670" lon="-122.4699510">
    <ele>73.1</ele>
    <time>2026-04-27T01:22:58Z</time>
   </trkpt>
   <trkpt lat="37.7718410" lon="-122.4699820">
    <ele>73.0</ele>
    <time>2026-04-27T01:22:59Z</time>
   </trkpt>
   <trkpt lat="37.7718200" lon="-122.4700150">
    <ele>73.0</ele>
    <time>2026-04-27T01:23:00Z</time>
   </trkpt>
   <trkpt lat="37.7717850" lon="-122.4700350">
    <ele>72.9</ele>
    <time>2026-04-27T01:23:01Z</time>
   </trkpt>
   <trkpt lat="37.7717740" lon="-122.4700550">
    <ele>72.8</ele>
    <time>2026-04-27T01:23:02Z</time>
   </trkpt>
   <trkpt lat="37.7717580" lon="-122.4700960">
    <ele>72.7</ele>
    <time>2026-04-27T01:23:03Z</time>
   </trkpt>
   <trkpt lat="37.7717310" lon="-122.4701270">
    <ele>72.6</ele>
    <time>2026-04-27T01:23:04Z</time>
   </trkpt>
   <trkpt lat="37.7717040" lon="-122.4701700">
    <ele>72.5</ele>
    <time>2026-04-27T01:23:05Z</time>
   </trkpt>
   <trkpt lat="37.7716810" lon="-122.4702150">
    <ele>72.4</ele>
    <time>2026-04-27T01:23:06Z</time>
   </trkpt>
   <trkpt lat="37.7716620" lon="-122.4702290">
    <ele>72.3</ele>
    <time>2026-04-27T01:23:07Z</time>
   </trkpt>
   <trkpt lat="37.7716450" lon="-122.4702630">
    <ele>72.3</ele>
    <time>2026-04-27T01:23:08Z</time>
   </trkpt>
   <trkpt lat="37.7716180" lon="-122.4702780">
    <ele>72.2</ele>
    <time>2026-04-27T01:23:09Z</time>
   </trkpt>
   <trkpt lat="37.7715860" lon="-122.4703140">
    <ele>72.0</ele>
    <time>2026-04-27T01:23:10Z</time>
   </trkpt>
   <trkpt lat="37.7715720" lon="-122.4703270">
    <ele>72.0</ele>
    <time>2026-04-27T01:23:11Z</time>
   </trkpt>
   <trkpt lat="37.7715670" lon="-122.4703610">
    <ele>71.9</ele>
    <time>2026-04-27T01:23:12Z</time>
   </trkpt>
   <trkpt lat="37.7715440" lon="-122.4704150">
    <ele>71.8</ele>
    <time>2026-04-27T01:23:13Z</time>
   </trkpt>
   <trkpt lat="37.7715110" lon="-122.4704460">
    <ele>71.7</ele>
    <time>2026-04-27T01:23:14Z</time>
   </trkpt>
   <trkpt lat="37.7714940" lon="-122.4704750">
    <ele>71.6</ele>
    <time>2026-04-27T01:23:15Z</time>
   </trkpt>
   <trkpt lat="37.7714710" lon="-122.4705060">
    <ele>71.5</ele>
    <time>2026-04-27T01:23:16Z</time>
   </trkpt>
   <trkpt lat="37.7714500" lon="-122.4705310">
    <ele>71.4</ele>
    <time>2026-04-27T01:23:17Z</time>
   </trkpt>
   <trkpt lat="37.7714240" lon="-122.4705730">
    <ele>71.3</ele>
    <time>2026-04-27T01:23:18Z</time>
   </trkpt>
   <trkpt lat="37.7713970" lon="-122.4706110">
    <ele>71.2</ele>
    <time>2026-04-27T01:23:19Z</time>
   </trkpt>
   <trkpt lat="37.7713860" lon="-122.4706470">
    <ele>71.1</ele>
    <time>2026-04-27T01:23:20Z</time>
   </trkpt>
   <trkpt lat="37.7713730" lon="-122.4706990">
    <ele>71.0</ele>
    <time>2026-04-27T01:23:21Z</time>
   </trkpt>
   <trkpt lat="37.7713400" lon="-122.4707340">
    <ele>70.9</ele>
    <time>2026-04-27T01:23:22Z</time>
   </trkpt>
   <trkpt lat="37.7713230" lon="-122.4707750">
    <ele>70.8</ele>
    <time>2026-04-27T01:23:23Z</time>
   </trkpt>
   <trkpt lat="37.7713110" lon="-122.4707860">
    <ele>70.8</ele>
    <time>2026-04-27T01:23:24Z</time>
   </trkpt>
   <trkpt lat="37.7712900" lon="-122.4708270">
    <ele>70.7</ele>
    <time>2026-04-27T01:23:25Z</time>
   </trkpt>
   <trkpt lat="37.7712590" lon="-122.4708620">
    <ele>70.6</ele>
    <time>2026-04-27T01:23:26Z</time>
   </trkpt>
   <trkpt lat="37.7712440" lon="-122.4708770">
    <ele>70.6</ele>
    <time>2026-04-27T01:23:27Z</time>
   </trkpt>
   <trkpt lat="37.7712410" lon="-122.4709150">
    <ele>70.5</ele>
    <time>2026-04-27T01:23:28Z</time>
   </trkpt>
   <trkpt lat="37.7712230" lon="-122.4709470">
    <ele>70.5</ele>
    <time>2026-04-27T01:23:29Z</time>
   </trkpt>
   <trkpt lat="37.7711930" lon="-122.4709820">
    <ele>70.4</ele>
    <time>2026-04-27T01:23:30Z</time>
   </trkpt>
   <trkpt lat="37.7711730" lon="-122.4710070">
    <ele>70.4</ele>
    <time>2026-04-27T01:23:31Z</time>
   </trkpt>
   <trkpt lat="37.7711700" lon="-122.4710180">
    <ele>70.3</ele>
    <time>2026-04-27T01:23:32Z</time>
   </trkpt>
   <trkpt lat="37.7711360" lon="-122.4710440">
    <ele>70.3</ele>
    <time>2026-04-27T01:23:33Z</time>
   </trkpt>
   <trkpt lat="37.7711120" lon="-122.4710960">
    <ele>70.2</ele>
    <time>2026-04-27T01:23:34Z</time>
   </trkpt>
   <trkpt lat="37.7710940" lon="-122.4711230">
    <ele>70.2</ele>
    <time>2026-04-27T01:23:35Z</time>
   </trkpt>
   <trkpt lat="37.7710730" lon="-122.4711520">
    <ele>70.2</ele>
    <time>2026-04-27T01:23:36Z</time>
   </trkpt>
   <trkpt lat="37.7710660" lon="-122.4711910">
    <ele>70.2</ele>
    <time>2026-04-27T01:23:37Z</time>
   </trkpt>
   <trkpt lat="37.7710410" lon="-122.4712280">
    <ele>70.2</ele>
    <time>2026-04-27T01:23:38Z</time>
   </trkpt>
   <trkpt lat="37.7710050" lon="-122.4712550">
    <ele>70.2</ele>
    <time>2026-04-27T01:23:39Z</time>
   </trkpt>
   <trkpt lat="37.7709750" lon="-122.4712850">
    <ele>70.1</ele>
    <time>2026-04-27T01:23:40Z</time>
   </trkpt>
   <trkpt lat="37.7709630" lon="-122.4713010">
    <ele>70.1</ele>
    <time>2026-04-27T01:23:41Z</time>
   </trkpt>
   <trkpt lat="37.7709500" lon="-122.4713410">
    <ele>70.2</ele>
    <time>2026-04-27T01:23:42Z</time>
   </trkpt>
   <trkpt lat="37.7709390" lon="-122.4713790">
    <ele>70.2</ele>
    <time>2026-04-27T01:23:43Z</time>
   </trkpt>
   <trkpt lat="37.7709160" lon="-122.4714190">
    <ele>70.2</ele>
    <time>2026-04-27T01:23:44Z</time>
   </trkpt>
   <trkpt lat="37.7708990" lon="-122.4714520">
    <ele>70.3</ele>
    <time>2026-04-27T01:23:45Z</time>
   </trkpt>
   <trkpt lat="37.7708970" lon="-122.4715040">
    <ele>70.3</ele>
    <time>2026-04-27T01:23:47Z</time>
   </trkpt>
   <trkpt lat="37.7709020" lon="-122.4715290">
    <ele>70.4</ele>
    <time>2026-04-27T01:23:48Z</time>
   </trkpt>
   <trkpt lat="37.7708850" lon="-122.4715620">
    <ele>70.4</ele>
    <time>2026-04-27T01:23:49Z</time>
   </trkpt>
   <trkpt lat="37.7708800" lon="-122.4716010">
    <ele>70.5</ele>
    <time>2026-04-27T01:23:50Z</time>
   </trkpt>
   <trkpt lat="37.7708530" lon="-122.4716400">
    <ele>70.6</ele>
    <time>2026-04-27T01:23:51Z</time>
   </trkpt>
   <trkpt lat="37.7708410" lon="-122.4716740">
    <ele>70.7</ele>
    <time>2026-04-27T01:23:52Z</time>
   </trkpt>
   <trkpt lat="37.7708350" lon="-122.4717140">
    <ele>70.7</ele>
    <time>2026-04-27T01:23:53Z</time>
   </trkpt>
   <trkpt lat="37.7708200" lon="-122.4717550">
    <ele>70.8</ele>
    <time>2026-04-27T01:23:54Z</time>
   </trkpt>
   <trkpt lat="37.7708120" lon="-122.4717890">
    <ele>70.9</ele>
    <time>2026-04-27T01:23:55Z</time>
   </trkpt>
   <trkpt lat="37.7707930" lon="-122.4718240">
    <ele>71.0</ele>
    <time>2026-04-27T01:23:56Z</time>
   </trkpt>
   <trkpt lat="37.7707850" lon="-122.4718380">
    <ele>71.1</ele>
    <time>2026-04-27T01:23:57Z</time>
   </trkpt>
   <trkpt lat="37.7707700" lon="-122.4718750">
    <ele>71.2</ele>
    <time>2026-04-27T01:23:58Z</time>
   </trkpt>
   <trkpt lat="37.7707570" lon="-122.4719080">
    <ele>71.3</ele>
    <time>2026-04-27T01:23:59Z</time>
   </trkpt>
   <trkpt lat="37.7707540" lon="-122.4719530">
    <ele>71.4</ele>
    <time>2026-04-27T01:24:00Z</time>
   </trkpt>
   <trkpt lat="37.7707470" lon="-122.4719700">
    <ele>71.5</ele>
    <time>2026-04-27T01:24:01Z</time>
   </trkpt>
   <trkpt lat="37.7707470" lon="-122.4720030">
    <ele>71.6</ele>
    <time>2026-04-27T01:24:02Z</time>
   </trkpt>
   <trkpt lat="37.7707480" lon="-122.4720150">
    <ele>71.6</ele>
    <time>2026-04-27T01:24:03Z</time>
   </trkpt>
   <trkpt lat="37.7707370" lon="-122.4721140">
    <ele>71.9</ele>
    <time>2026-04-27T01:24:04Z</time>
   </trkpt>
   <trkpt lat="37.7707500" lon="-122.4721620">
    <ele>72.1</ele>
    <time>2026-04-27T01:24:05Z</time>
   </trkpt>
   <trkpt lat="37.7707620" lon="-122.4721850">
    <ele>72.1</ele>
    <time>2026-04-27T01:24:06Z</time>
   </trkpt>
   <trkpt lat="37.7707700" lon="-122.4722250">
    <ele>72.2</ele>
    <time>2026-04-27T01:24:07Z</time>
   </trkpt>
   <trkpt lat="37.7707720" lon="-122.4722410">
    <ele>72.3</ele>
    <time>2026-04-27T01:24:08Z</time>
   </trkpt>
   <trkpt lat="37.7707730" lon="-122.4722930">
    <ele>72.4</ele>
    <time>2026-04-27T01:24:09Z</time>
   </trkpt>
   <trkpt lat="37.7707870" lon="-122.4723330">
    <ele>72.5</ele>
    <time>2026-04-27T01:24:10Z</time>
   </trkpt>
   <trkpt lat="37.7707900" lon="-122.4723450">
    <ele>72.6</ele>
    <time>2026-04-27T01:24:11Z</time>
   </trkpt>
   <trkpt lat="37.7708100" lon="-122.4723920">
    <ele>72.7</ele>
    <time>2026-04-27T01:24:12Z</time>
   </trkpt>
   <trkpt lat="37.7708090" lon="-122.4724450">
    <ele>72.9</ele>
    <time>2026-04-27T01:24:13Z</time>
   </trkpt>
   <trkpt lat="37.7708110" lon="-122.4724670">
    <ele>72.9</ele>
    <time>2026-04-27T01:24:14Z</time>
   </trkpt>
   <trkpt lat="37.7708240" lon="-122.4725050">
    <ele>73.0</ele>
    <time>2026-04-27T01:24:15Z</time>
   </trkpt>
   <trkpt lat="37.7708270" lon="-122.4725190">
    <ele>73.1</ele>
    <time>2026-04-27T01:24:16Z</time>
   </trkpt>
   <trkpt lat="37.7708340" lon="-122.4725600">
    <ele>73.2</ele>
    <time>2026-04-27T01:24:17Z</time>
   </trkpt>
   <trkpt lat="37.7708520" lon="-122.4725890">
    <ele>73.3</ele>
    <time>2026-04-27T01:24:18Z</time>
   </trkpt>
   <trkpt lat="37.7708600" lon="-122.4726230">
    <ele>73.4</ele>
    <time>2026-04-27T01:24:19Z</time>
   </trkpt>
   <trkpt lat="37.7708600" lon="-122.4726700">
    <ele>73.5</ele>
    <time>2026-04-27T01:24:20Z</time>
   </trkpt>
   <trkpt lat="37.7708840" lon="-122.4727000">
    <ele>73.6</ele>
    <time>2026-04-27T01:24:21Z</time>
   </trkpt>
   <trkpt lat="37.7708960" lon="-122.4727390">
    <ele>73.7</ele>
    <time>2026-04-27T01:24:22Z</time>
   </trkpt>
   <trkpt lat="37.7709110" lon="-122.4727750">
    <ele>73.8</ele>
    <time>2026-04-27T01:24:23Z</time>
   </trkpt>
   <trkpt lat="37.7709230" lon="-122.4728160">
    <ele>73.9</ele>
    <time>2026-04-27T01:24:24Z</time>
   </trkpt>
   <trkpt lat="37.7709300" lon="-122.4728260">
    <ele>73.9</ele>
    <time>2026-04-27T01:24:25Z</time>
   </trkpt>
   <trkpt lat="37.7709460" lon="-122.4728620">
    <ele>74.0</ele>
    <time>2026-04-27T01:24:26Z</time>
   </trkpt>
   <trkpt lat="37.7709460" lon="-122.4728790">
    <ele>74.1</ele>
    <time>2026-04-27T01:24:27Z</time>
   </trkpt>
   <trkpt lat="37.7709680" lon="-122.4729100">
    <ele>74.2</ele>
    <time>2026-04-27T01:24:28Z</time>
   </trkpt>
   <trkpt lat="37.7709910" lon="-122.4729410">
    <ele>74.3</ele>
    <time>2026-04-27T01:24:29Z</time>
   </trkpt>
   <trkpt lat="37.7709970" lon="-122.4729720">
    <ele>74.4</ele>
    <time>2026-04-27T01:24:30Z</time>
   </trkpt>
   <trkpt lat="37.7710010" lon="-122.4729840">
    <ele>74.4</ele>
    <time>2026-04-27T01:24:31Z</time>
   </trkpt>
   <trkpt lat="37.7710150" lon="-122.4730220">
    <ele>74.5</ele>
    <time>2026-04-27T01:24:32Z</time>
   </trkpt>
   <trkpt lat="37.7710290" lon="-122.4730670">
    <ele>74.6</ele>
    <time>2026-04-27T01:24:33Z</time>
   </trkpt>
   <trkpt lat="37.7710380" lon="-122.4730800">
    <ele>74.6</ele>
    <time>2026-04-27T01:24:34Z</time>
   </trkpt>
   <trkpt lat="37.7710420" lon="-122.4731280">
    <ele>74.7</ele>
    <time>2026-04-27T01:24:35Z</time>
   </trkpt>
   <trkpt lat="37.7710450" lon="-122.4731500">
    <ele>74.7</ele>
    <time>2026-04-27T01:24:36Z</time>
   </trkpt>
   <trkpt lat="37.7710580" lon="-122.4731960">
    <ele>74.8</ele>
    <time>2026-04-27T01:24:37Z</time>
   </trkpt>
   <trkpt lat="37.7710590" lon="-122.4732160">
    <ele>74.8</ele>
    <time>2026-04-27T01:24:38Z</time>
   </trkpt>
   <trkpt lat="37.7710780" lon="-122.4732550">
    <ele>74.9</ele>
    <time>2026-04-27T01:24:39Z</time>
   </trkpt>
   <trkpt lat="37.7710950" lon="-122.4732900">
    <ele>75.0</ele>
    <time>2026-04-27T01:24:40Z</time>
   </trkpt>
   <trkpt lat="37.7711070" lon="-122.4733270">
    <ele>75.0</ele>
    <time>2026-04-27T01:24:41Z</time>
   </trkpt>
   <trkpt lat="37.7711250" lon="-122.4733650">
    <ele>75.1</ele>
    <time>2026-04-27T01:24:42Z</time>
   </trkpt>
   <trkpt lat="37.7711320" lon="-122.4733800">
    <ele>75.1</ele>
    <time>2026-04-27T01:24:43Z</time>
   </trkpt>
   <trkpt lat="37.7711360" lon="-122.4734200">
    <ele>75.2</ele>
    <time>2026-04-27T01:24:44Z</time>
   </trkpt>
   <trkpt lat="37.7711530" lon="-122.4734490">
    <ele>75.2</ele>
    <time>2026-04-27T01:24:45Z</time>
   </trkpt>
   <trkpt lat="37.7711620" lon="-122.4734840">
    <ele>75.3</ele>
    <time>2026-04-27T01:24:46Z</time>
   </trkpt>
   <trkpt lat="37.7711710" lon="-122.4735210">
    <ele>75.3</ele>
    <time>2026-04-27T01:24:47Z</time>
   </trkpt>
   <trkpt lat="37.7711830" lon="-122.4735650">
    <ele>75.4</ele>
    <time>2026-04-27T01:24:48Z</time>
   </trkpt>
   <trkpt lat="37.7712000" lon="-122.4736070">
    <ele>75.4</ele>
    <time>2026-04-27T01:24:49Z</time>
   </trkpt>
   <trkpt lat="37.7712150" lon="-122.4736270">
    <ele>75.5</ele>
    <time>2026-04-27T01:24:50Z</time>
   </trkpt>
   <trkpt lat="37.7712260" lon="-122.4736680">
    <ele>75.5</ele>
    <time>2026-04-27T01:24:51Z</time>
   </trkpt>
   <trkpt lat="37.7712480" lon="-122.4736940">
    <ele>75.6</ele>
    <time>2026-04-27T01:24:52Z</time>
   </trkpt>
   <trkpt lat="37.7712590" lon="-122.4737340">
    <ele>75.6</ele>
    <time>2026-04-27T01:24:53Z</time>
   </trkpt>
   <trkpt lat="37.7712650" lon="-122.4737820">
    <ele>75.6</ele>
    <time>2026-04-27T01:24:54Z</time>
   </trkpt>
   <trkpt lat="37.7712670" lon="-122.4738010">
    <ele>75.6</ele>
    <time>2026-04-27T01:24:55Z</time>
   </trkpt>
   <trkpt lat="37.7712630" lon="-122.4738430">
    <ele>75.6</ele>
    <time>2026-04-27T01:24:56Z</time>
   </trkpt>
   <trkpt lat="37.7712990" lon="-122.4738700">
    <ele>75.6</ele>
    <time>2026-04-27T01:24:57Z</time>
   </trkpt>
   <trkpt lat="37.7713240" lon="-122.4739090">
    <ele>75.6</ele>
    <time>2026-04-27T01:24:58Z</time>
   </trkpt>
   <trkpt lat="37.7713380" lon="-122.4739450">
    <ele>75.6</ele>
    <time>2026-04-27T01:24:59Z</time>
   </trkpt>
   <trkpt lat="37.7713490" lon="-122.4739890">
    <ele>75.6</ele>
    <time>2026-04-27T01:25:00Z</time>
   </trkpt>
   <trkpt lat="37.7713590" lon="-122.4740370">
    <ele>75.6</ele>
    <time>2026-04-27T01:25:01Z</time>
   </trkpt>
   <trkpt lat="37.7713700" lon="-122.4740740">
    <ele>75.5</ele>
    <time>2026-04-27T01:25:02Z</time>
   </trkpt>
   <trkpt lat="37.7713990" lon="-122.4741000">
    <ele>75.5</ele>
    <time>2026-04-27T01:25:03Z</time>
   </trkpt>
   <trkpt lat="37.7714080" lon="-122.4741330">
    <ele>75.5</ele>
    <time>2026-04-27T01:25:04Z</time>
   </trkpt>
   <trkpt lat="37.7714260" lon="-122.4741820">
    <ele>75.4</ele>
    <time>2026-04-27T01:25:05Z</time>
   </trkpt>
   <trkpt lat="37.7714340" lon="-122.4742020">
    <ele>75.4</ele>
    <time>2026-04-27T01:25:06Z</time>
   </trkpt>
   <trkpt lat="37.7714510" lon="-122.4742400">
    <ele>75.4</ele>
    <time>2026-04-27T01:25:07Z</time>
   </trkpt>
   <trkpt lat="37.7714690" lon="-122.4742570">
    <ele>75.4</ele>
    <time>2026-04-27T01:25:08Z</time>
   </trkpt>
   <trkpt lat="37.7714750" lon="-122.4742830">
    <ele>75.4</ele>
    <time>2026-04-27T01:25:09Z</time>
   </trkpt>
   <trkpt lat="37.7714840" lon="-122.4743270">
    <ele>75.3</ele>
    <time>2026-04-27T01:25:10Z</time>
   </trkpt>
   <trkpt lat="37.7715030" lon="-122.4743650">
    <ele>75.3</ele>
    <time>2026-04-27T01:25:11Z</time>
   </trkpt>
   <trkpt lat="37.7715240" lon="-122.4744040">
    <ele>75.3</ele>
    <time>2026-04-27T01:25:12Z</time>
   </trkpt>
   <trkpt lat="37.7715300" lon="-122.4744480">
    <ele>75.2</ele>
    <time>2026-04-27T01:25:13Z</time>
   </trkpt>
   <trkpt lat="37.7715490" lon="-122.4744870">
    <ele>75.2</ele>
    <time>2026-04-27T01:25:14Z</time>
   </trkpt>
   <trkpt lat="37.7715580" lon="-122.4745050">
    <ele>75.2</ele>
    <time>2026-04-27T01:25:15Z</time>
   </trkpt>
   <trkpt lat="37.7715740" lon="-122.4745490">
    <ele>75.2</ele>
    <time>2026-04-27T01:25:16Z</time>
   </trkpt>
   <trkpt lat="37.7715790" lon="-122.4745660">
    <ele>75.2</ele>
    <time>2026-04-27T01:25:17Z</time>
   </trkpt>
   <trkpt lat="37.7715850" lon="-122.4746040">
    <ele>75.2</ele>
    <time>2026-04-27T01:25:18Z</time>
   </trkpt>
   <trkpt lat="37.7715860" lon="-122.4746460">
    <ele>75.2</ele>
    <time>2026-04-27T01:25:19Z</time>
   </trkpt>
   <trkpt lat="37.7716100" lon="-122.4746710">
    <ele>75.2</ele>
    <time>2026-04-27T01:25:20Z</time>
   </trkpt>
   <trkpt lat="37.7716140" lon="-122.4747220">
    <ele>75.2</ele>
    <time>2026-04-27T01:25:21Z</time>
   </trkpt>
   <trkpt lat="37.7716270" lon="-122.4747640">
    <ele>75.2</ele>
    <time>2026-04-27T01:25:22Z</time>
   </trkpt>
   <trkpt lat="37.7716700" lon="-122.4748050">
    <ele>75.1</ele>
    <time>2026-04-27T01:25:23Z</time>
   </trkpt>
   <trkpt lat="37.7716860" lon="-122.4748430">
    <ele>75.1</ele>
    <time>2026-04-27T01:25:24Z</time>
   </trkpt>
   <trkpt lat="37.7716870" lon="-122.4748670">
    <ele>75.1</ele>
    <time>2026-04-27T01:25:25Z</time>
   </trkpt>
   <trkpt lat="37.7717030" lon="-122.4749150">
    <ele>75.1</ele>
    <time>2026-04-27T01:25:26Z</time>
   </trkpt>
   <trkpt lat="37.7717050" lon="-122.4749410">
    <ele>75.1</ele>
    <time>2026-04-27T01:25:27Z</time>
   </trkpt>
   <trkpt lat="37.7717230" lon="-122.4749760">
    <ele>75.1</ele>
    <time>2026-04-27T01:25:28Z</time>
   </trkpt>
   <trkpt lat="37.7717320" lon="-122.4750170">
    <ele>75.1</ele>
    <time>2026-04-27T01:25:29Z</time>
   </trkpt>
   <trkpt lat="37.7717410" lon="-122.4750610">
    <ele>75.1</ele>
    <time>2026-04-27T01:25:30Z</time>
   </trkpt>
   <trkpt lat="37.7717600" lon="-122.4750960">
    <ele>75.1</ele>
    <time>2026-04-27T01:25:31Z</time>
   </trkpt>
   <trkpt lat="37.7717670" lon="-122.4751410">
    <ele>75.1</ele>
    <time>2026-04-27T01:25:32Z</time>
   </trkpt>
   <trkpt lat="37.7717610" lon="-122.4751600">
    <ele>75.1</ele>
    <time>2026-04-27T01:25:33Z</time>
   </trkpt>
   <trkpt lat="37.7717610" lon="-122.4752080">
    <ele>75.1</ele>
    <time>2026-04-27T01:25:34Z</time>
   </trkpt>
   <trkpt lat="37.7717650" lon="-122.4752340">
    <ele>75.1</ele>
    <time>2026-04-27T01:25:35Z</time>
   </trkpt>
   <trkpt lat="37.7717610" lon="-122.4752800">
    <ele>75.1</ele>
    <time>2026-04-27T01:25:36Z</time>
   </trkpt>
   <trkpt lat="37.7717650" lon="-122.4753250">
    <ele>75.2</ele>
    <time>2026-04-27T01:25:37Z</time>
   </trkpt>
   <trkpt lat="37.7717670" lon="-122.4753440">
    <ele>75.2</ele>
    <time>2026-04-27T01:25:38Z</time>
   </trkpt>
   <trkpt lat="37.7717840" lon="-122.4753870">
    <ele>75.2</ele>
    <time>2026-04-27T01:25:39Z</time>
   </trkpt>
   <trkpt lat="37.7717930" lon="-122.4754300">
    <ele>75.2</ele>
    <time>2026-04-27T01:25:40Z</time>
   </trkpt>
   <trkpt lat="37.7717910" lon="-122.4754430">
    <ele>75.2</ele>
    <time>2026-04-27T01:25:41Z</time>
   </trkpt>
   <trkpt lat="37.7717880" lon="-122.4754810">
    <ele>75.2</ele>
    <time>2026-04-27T01:25:42Z</time>
   </trkpt>
   <trkpt lat="37.7718030" lon="-122.4755240">
    <ele>75.3</ele>
    <time>2026-04-27T01:25:43Z</time>
   </trkpt>
   <trkpt lat="37.7718000" lon="-122.4755470">
    <ele>75.3</ele>
    <time>2026-04-27T01:25:44Z</time>
   </trkpt>
   <trkpt lat="37.7717970" lon="-122.4755830">
    <ele>75.3</ele>
    <time>2026-04-27T01:25:45Z</time>
   </trkpt>
   <trkpt lat="37.7717840" lon="-122.4756180">
    <ele>75.3</ele>
    <time>2026-04-27T01:25:46Z</time>
   </trkpt>
   <trkpt lat="37.7717810" lon="-122.4756740">
    <ele>75.4</ele>
    <time>2026-04-27T01:25:47Z</time>
   </trkpt>
   <trkpt lat="37.7717830" lon="-122.4756980">
    <ele>75.4</ele>
    <time>2026-04-27T01:25:48Z</time>
   </trkpt>
   <trkpt lat="37.7717620" lon="-122.4757380">
    <ele>75.5</ele>
    <time>2026-04-27T01:25:49Z</time>
   </trkpt>
   <trkpt lat="37.7717530" lon="-122.4757720">
    <ele>75.5</ele>
    <time>2026-04-27T01:25:50Z</time>
   </trkpt>
   <trkpt lat="37.7717590" lon="-122.4758270">
    <ele>75.5</ele>
    <time>2026-04-27T01:25:51Z</time>
   </trkpt>
   <trkpt lat="37.7717550" lon="-122.4758680">
    <ele>75.6</ele>
    <time>2026-04-27T01:25:53Z</time>
   </trkpt>
   <trkpt lat="37.7717460" lon="-122.4758860">
    <ele>75.6</ele>
    <time>2026-04-27T01:25:54Z</time>
   </trkpt>
   <trkpt lat="37.7717570" lon="-122.4759260">
    <ele>75.6</ele>
    <time>2026-04-27T01:25:55Z</time>
   </trkpt>
   <trkpt lat="37.7717570" lon="-122.4759830">
    <ele>75.7</ele>
    <time>2026-04-27T01:25:56Z</time>
   </trkpt>
   <trkpt lat="37.7717530" lon="-122.4760110">
    <ele>75.7</ele>
    <time>2026-04-27T01:25:57Z</time>
   </trkpt>
   <trkpt lat="37.7717460" lon="-122.4760550">
    <ele>75.8</ele>
    <time>2026-04-27T01:25:58Z</time>
   </trkpt>
   <trkpt lat="37.7717370" lon="-122.4761070">
    <ele>75.8</ele>
    <time>2026-04-27T01:25:59Z</time>
   </trkpt>
   <trkpt lat="37.7717330" lon="-122.4761310">
    <ele>75.9</ele>
    <time>2026-04-27T01:26:00Z</time>
   </trkpt>
   <trkpt lat="37.7717340" lon="-122.4761730">
    <ele>75.9</ele>
    <time>2026-04-27T01:26:01Z</time>
   </trkpt>
   <trkpt lat="37.7717360" lon="-122.4761850">
    <ele>75.9</ele>
    <time>2026-04-27T01:26:02Z</time>
   </trkpt>
   <trkpt lat="37.7717290" lon="-122.4762330">
    <ele>76.0</ele>
    <time>2026-04-27T01:26:03Z</time>
   </trkpt>
   <trkpt lat="37.7717150" lon="-122.4762760">
    <ele>76.0</ele>
    <time>2026-04-27T01:26:04Z</time>
   </trkpt>
   <trkpt lat="37.7717110" lon="-122.4762900">
    <ele>76.1</ele>
    <time>2026-04-27T01:26:05Z</time>
   </trkpt>
   <trkpt lat="37.7717100" lon="-122.4763260">
    <ele>76.1</ele>
    <time>2026-04-27T01:26:06Z</time>
   </trkpt>
   <trkpt lat="37.7717130" lon="-122.4763700">
    <ele>76.2</ele>
    <time>2026-04-27T01:26:07Z</time>
   </trkpt>
   <trkpt lat="37.7716910" lon="-122.4764170">
    <ele>76.3</ele>
    <time>2026-04-27T01:26:08Z</time>
   </trkpt>
   <trkpt lat="37.7716930" lon="-122.4764800">
    <ele>76.3</ele>
    <time>2026-04-27T01:26:09Z</time>
   </trkpt>
   <trkpt lat="37.7716890" lon="-122.4765180">
    <ele>76.4</ele>
    <time>2026-04-27T01:26:10Z</time>
   </trkpt>
   <trkpt lat="37.7716730" lon="-122.4765520">
    <ele>76.5</ele>
    <time>2026-04-27T01:26:11Z</time>
   </trkpt>
   <trkpt lat="37.7716600" lon="-122.4765860">
    <ele>76.6</ele>
    <time>2026-04-27T01:26:12Z</time>
   </trkpt>
   <trkpt lat="37.7716510" lon="-122.4766040">
    <ele>76.6</ele>
    <time>2026-04-27T01:26:13Z</time>
   </trkpt>
   <trkpt lat="37.7716450" lon="-122.4766400">
    <ele>76.6</ele>
    <time>2026-04-27T01:26:14Z</time>
   </trkpt>
   <trkpt lat="37.7716350" lon="-122.4766770">
    <ele>76.7</ele>
    <time>2026-04-27T01:26:15Z</time>
   </trkpt>
   <trkpt lat="37.7716030" lon="-122.4767160">
    <ele>76.7</ele>
    <time>2026-04-27T01:26:16Z</time>
   </trkpt>
   <trkpt lat="37.7715980" lon="-122.4767570">
    <ele>76.8</ele>
    <time>2026-04-27T01:26:17Z</time>
   </trkpt>
   <trkpt lat="37.7715970" lon="-122.4767740">
    <ele>76.8</ele>
    <time>2026-04-27T01:26:18Z</time>
   </trkpt>
   <trkpt lat="37.7715830" lon="-122.4768080">
    <ele>76.8</ele>
    <time>2026-04-27T01:26:19Z</time>
   </trkpt>
   <trkpt lat="37.7715670" lon="-122.4768490">
    <ele>76.9</ele>
    <time>2026-04-27T01:26:20Z</time>
   </trkpt>
   <trkpt lat="37.7715610" lon="-122.4768630">
    <ele>76.9</ele>
    <time>2026-04-27T01:26:21Z</time>
   </trkpt>
   <trkpt lat="37.7715680" lon="-122.4769060">
    <ele>76.9</ele>
    <time>2026-04-27T01:26:22Z</time>
   </trkpt>
   <trkpt lat="37.7715700" lon="-122.4769210">
    <ele>76.9</ele>
    <time>2026-04-27T01:26:23Z</time>
   </trkpt>
   <trkpt lat="37.7715570" lon="-122.4769520">
    <ele>77.0</ele>
    <time>2026-04-27T01:26:24Z</time>
   </trkpt>
   <trkpt lat="37.7715520" lon="-122.4770000">
    <ele>77.0</ele>
    <time>2026-04-27T01:26:25Z</time>
   </trkpt>
   <trkpt lat="37.7715490" lon="-122.4770150">
    <ele>77.0</ele>
    <time>2026-04-27T01:26:26Z</time>
   </trkpt>
   <trkpt lat="37.7715430" lon="-122.4770640">
    <ele>77.1</ele>
    <time>2026-04-27T01:26:27Z</time>
   </trkpt>
   <trkpt lat="37.7715400" lon="-122.4770830">
    <ele>77.1</ele>
    <time>2026-04-27T01:26:28Z</time>
   </trkpt>
   <trkpt lat="37.7715220" lon="-122.4771170">
    <ele>77.1</ele>
    <time>2026-04-27T01:26:29Z</time>
   </trkpt>
   <trkpt lat="37.7714950" lon="-122.4771660">
    <ele>77.2</ele>
    <time>2026-04-27T01:26:30Z</time>
   </trkpt>
   <trkpt lat="37.7714800" lon="-122.4771850">
    <ele>77.2</ele>
    <time>2026-04-27T01:26:31Z</time>
   </trkpt>
   <trkpt lat="37.7714570" lon="-122.4772220">
    <ele>77.3</ele>
    <time>2026-04-27T01:26:32Z</time>
   </trkpt>
   <trkpt lat="37.7714480" lon="-122.4772370">
    <ele>77.3</ele>
    <time>2026-04-27T01:26:33Z</time>
   </trkpt>
   <trkpt lat="37.7714450" lon="-122.4772880">
    <ele>77.4</ele>
    <time>2026-04-27T01:26:34Z</time>
   </trkpt>
   <trkpt lat="37.7714270" lon="-122.4773280">
    <ele>77.4</ele>
    <time>2026-04-27T01:26:35Z</time>
   </trkpt>
   <trkpt lat="37.7714100" lon="-122.4773410">
    <ele>77.5</ele>
    <time>2026-04-27T01:26:36Z</time>
   </trkpt>
   <trkpt lat="37.7714120" lon="-122.4773830">
    <ele>77.5</ele>
    <time>2026-04-27T01:26:37Z</time>
   </trkpt>
   <trkpt lat="37.7714100" lon="-122.4774000">
    <ele>77.5</ele>
    <time>2026-04-27T01:26:38Z</time>
   </trkpt>
   <trkpt lat="37.7714040" lon="-122.4774570">
    <ele>77.6</ele>
    <time>2026-04-27T01:26:39Z</time>
   </trkpt>
   <trkpt lat="37.7713890" lon="-122.4775070">
    <ele>77.7</ele>
    <time>2026-04-27T01:26:40Z</time>
   </trkpt>
   <trkpt lat="37.7713860" lon="-122.4775260">
    <ele>77.7</ele>
    <time>2026-04-27T01:26:41Z</time>
   </trkpt>
   <trkpt lat="37.7713920" lon="-122.4775650">
    <ele>77.7</ele>
    <time>2026-04-27T01:26:42Z</time>
   </trkpt>
   <trkpt lat="37.7714080" lon="-122.4776010">
    <ele>77.8</ele>
    <time>2026-04-27T01:26:43Z</time>
   </trkpt>
   <trkpt lat="37.7714160" lon="-122.4776460">
    <ele>77.8</ele>
    <time>2026-04-27T01:26:44Z</time>
   </trkpt>
   <trkpt lat="37.7714130" lon="-122.4776970">
    <ele>77.8</ele>
    <time>2026-04-27T01:26:45Z</time>
   </trkpt>
   <trkpt lat="37.7714010" lon="-122.4777150">
    <ele>77.8</ele>
    <time>2026-04-27T01:26:46Z</time>
   </trkpt>
   <trkpt lat="37.7713760" lon="-122.4777460">
    <ele>77.8</ele>
    <time>2026-04-27T01:26:47Z</time>
   </trkpt>
   <trkpt lat="37.7713580" lon="-122.4777820">
    <ele>77.8</ele>
    <time>2026-04-27T01:26:48Z</time>
   </trkpt>
   <trkpt lat="37.7713320" lon="-122.4778190">
    <ele>77.8</ele>
    <time>2026-04-27T01:26:49Z</time>
   </trkpt>
   <trkpt lat="37.7713190" lon="-122.4778560">
    <ele>77.7</ele>
    <time>2026-04-27T01:26:50Z</time>
   </trkpt>
   <trkpt lat="37.7713240" lon="-122.4779280">
    <ele>77.6</ele>
    <time>2026-04-27T01:26:51Z</time>
   </trkpt>
   <trkpt lat="37.7713140" lon="-122.4779620">
    <ele>77.5</ele>
    <time>2026-04-27T01:26:52Z</time>
   </trkpt>
   <trkpt lat="37.7712910" lon="-122.4780020">
    <ele>77.4</ele>
    <time>2026-04-27T01:26:53Z</time>
   </trkpt>
   <trkpt lat="37.7712850" lon="-122.4780180">
    <ele>77.4</ele>
    <time>2026-04-27T01:26:54Z</time>
   </trkpt>
   <trkpt lat="37.7712690" lon="-122.4780510">
    <ele>77.3</ele>
    <time>2026-04-27T01:26:55Z</time>
   </trkpt>
   <trkpt lat="37.7712510" lon="-122.4781020">
    <ele>77.2</ele>
    <time>2026-04-27T01:26:56Z</time>
   </trkpt>
   <trkpt lat="37.7712320" lon="-122.4781410">
    <ele>77.1</ele>
    <time>2026-04-27T01:26:57Z</time>
   </trkpt>
   <trkpt lat="37.7712250" lon="-122.4781570">
    <ele>77.0</ele>
    <time>2026-04-27T01:26:58Z</time>
   </trkpt>
   <trkpt lat="37.7711870" lon="-122.4781880">
    <ele>76.9</ele>
    <time>2026-04-27T01:26:59Z</time>
   </trkpt>
   <trkpt lat="37.7711710" lon="-122.4782380">
    <ele>76.7</ele>
    <time>2026-04-27T01:27:00Z</time>
   </trkpt>
   <trkpt lat="37.7711690" lon="-122.4782620">
    <ele>76.6</ele>
    <time>2026-04-27T01:27:01Z</time>
   </trkpt>
   <trkpt lat="37.7711580" lon="-122.4782940">
    <ele>76.5</ele>
    <time>2026-04-27T01:27:02Z</time>
   </trkpt>
   <trkpt lat="37.7711270" lon="-122.4783300">
    <ele>76.4</ele>
    <time>2026-04-27T01:27:03Z</time>
   </trkpt>
   <trkpt lat="37.7711150" lon="-122.4783450">
    <ele>76.3</ele>
    <time>2026-04-27T01:27:04Z</time>
   </trkpt>
   <trkpt lat="37.7711030" lon="-122.4783920">
    <ele>76.2</ele>
    <time>2026-04-27T01:27:05Z</time>
   </trkpt>
   <trkpt lat="37.7710770" lon="-122.4784400">
    <ele>76.0</ele>
    <time>2026-04-27T01:27:06Z</time>
   </trkpt>
   <trkpt lat="37.7710560" lon="-122.4784600">
    <ele>76.0</ele>
    <time>2026-04-27T01:27:07Z</time>
   </trkpt>
   <trkpt lat="37.7710380" lon="-122.4785120">
    <ele>75.8</ele>
    <time>2026-04-27T01:27:08Z</time>
   </trkpt>
   <trkpt lat="37.7710260" lon="-122.4785330">
    <ele>75.7</ele>
    <time>2026-04-27T01:27:09Z</time>
   </trkpt>
   <trkpt lat="37.7710130" lon="-122.4785640">
    <ele>75.6</ele>
    <time>2026-04-27T01:27:10Z</time>
   </trkpt>
   <trkpt lat="37.7709950" lon="-122.4786090">
    <ele>75.5</ele>
    <time>2026-04-27T01:27:11Z</time>
   </trkpt>
   <trkpt lat="37.7709610" lon="-122.4786470">
    <ele>75.3</ele>
    <time>2026-04-27T01:27:12Z</time>
   </trkpt>
   <trkpt lat="37.7709550" lon="-122.4786910">
    <ele>75.2</ele>
    <time>2026-04-27T01:27:13Z</time>
   </trkpt>
   <trkpt lat="37.7709440" lon="-122.4787450">
    <ele>75.0</ele>
    <time>2026-04-27T01:27:14Z</time>
   </trkpt>
   <trkpt lat="37.7709330" lon="-122.4787850">
    <ele>74.9</ele>
    <time>2026-04-27T01:27:15Z</time>
   </trkpt>
   <trkpt lat="37.7709290" lon="-122.4788260">
    <ele>74.7</ele>
    <time>2026-04-27T01:27:16Z</time>
   </trkpt>
   <trkpt lat="37.7709090" lon="-122.4788590">
    <ele>74.6</ele>
    <time>2026-04-27T01:27:17Z</time>
   </trkpt>
   <trkpt lat="37.7708970" lon="-122.4788830">
    <ele>74.5</ele>
    <time>2026-04-27T01:27:18Z</time>
   </trkpt>
   <trkpt lat="37.7708670" lon="-122.4789150">
    <ele>74.4</ele>
    <time>2026-04-27T01:27:19Z</time>
   </trkpt>
   <trkpt lat="37.7708410" lon="-122.4789400">
    <ele>74.3</ele>
    <time>2026-04-27T01:27:20Z</time>
   </trkpt>
   <trkpt lat="37.7708250" lon="-122.4789910">
    <ele>74.1</ele>
    <time>2026-04-27T01:27:21Z</time>
   </trkpt>
   <trkpt lat="37.7708180" lon="-122.4790240">
    <ele>74.0</ele>
    <time>2026-04-27T01:27:22Z</time>
   </trkpt>
   <trkpt lat="37.7708140" lon="-122.4790380">
    <ele>74.0</ele>
    <time>2026-04-27T01:27:23Z</time>
   </trkpt>
   <trkpt lat="37.7708030" lon="-122.4790800">
    <ele>73.9</ele>
    <time>2026-04-27T01:27:24Z</time>
   </trkpt>
   <trkpt lat="37.7708000" lon="-122.4791000">
    <ele>73.8</ele>
    <time>2026-04-27T01:27:25Z</time>
   </trkpt>
   <trkpt lat="37.7707890" lon="-122.4791410">
    <ele>73.7</ele>
    <time>2026-04-27T01:27:26Z</time>
   </trkpt>
   <trkpt lat="37.7707780" lon="-122.4791810">
    <ele>73.6</ele>
    <time>2026-04-27T01:27:27Z</time>
   </trkpt>
   <trkpt lat="37.7707660" lon="-122.4792160">
    <ele>73.5</ele>
    <time>2026-04-27T01:27:28Z</time>
   </trkpt>
   <trkpt lat="37.7707750" lon="-122.4792600">
    <ele>73.3</ele>
    <time>2026-04-27T01:27:29Z</time>
   </trkpt>
   <trkpt lat="37.7708190" lon="-122.4793050">
    <ele>73.1</ele>
    <time>2026-04-27T01:27:30Z</time>
   </trkpt>
   <trkpt lat="37.7707230" lon="-122.4793460">
    <ele>72.7</ele>
    <time>2026-04-27T01:27:31Z</time>
   </trkpt>
   <trkpt lat="37.7706980" lon="-122.4794160">
    <ele>72.4</ele>
    <time>2026-04-27T01:27:32Z</time>
   </trkpt>
   <trkpt lat="37.7707010" lon="-122.4794680">
    <ele>72.2</ele>
    <time>2026-04-27T01:27:33Z</time>
   </trkpt>
   <trkpt lat="37.7706840" lon="-122.4795320">
    <ele>71.9</ele>
    <time>2026-04-27T01:27:34Z</time>
   </trkpt>
   <trkpt lat="37.7706620" lon="-122.4795810">
    <ele>71.6</ele>
    <time>2026-04-27T01:27:35Z</time>
   </trkpt>
   <trkpt lat="37.7706510" lon="-122.4796220">
    <ele>71.4</ele>
    <time>2026-04-27T01:27:36Z</time>
   </trkpt>
   <trkpt lat="37.7706370" lon="-122.4796730">
    <ele>71.2</ele>
    <time>2026-04-27T01:27:37Z</time>
   </trkpt>
   <trkpt lat="37.7706190" lon="-122.4797080">
    <ele>71.0</ele>
    <time>2026-04-27T01:27:38Z</time>
   </trkpt>
   <trkpt lat="37.7706090" lon="-122.4797420">
    <ele>70.8</ele>
    <time>2026-04-27T01:27:39Z</time>
   </trkpt>
   <trkpt lat="37.7705910" lon="-122.4797760">
    <ele>70.7</ele>
    <time>2026-04-27T01:27:40Z</time>
   </trkpt>
   <trkpt lat="37.7705770" lon="-122.4798240">
    <ele>70.4</ele>
    <time>2026-04-27T01:27:41Z</time>
   </trkpt>
   <trkpt lat="37.7705750" lon="-122.4798690">
    <ele>70.3</ele>
    <time>2026-04-27T01:27:42Z</time>
   </trkpt>
   <trkpt lat="37.7705700" lon="-122.4799120">
    <ele>70.3</ele>
    <time>2026-04-27T01:27:43Z</time>
   </trkpt>
   <trkpt lat="37.7705490" lon="-122.4799560">
    <ele>70.2</ele>
    <time>2026-04-27T01:27:44Z</time>
   </trkpt>
   <trkpt lat="37.7705370" lon="-122.4800010">
    <ele>69.9</ele>
    <time>2026-04-27T01:27:45Z</time>
   </trkpt>
   <trkpt lat="37.7705270" lon="-122.4800380">
    <ele>69.7</ele>
    <time>2026-04-27T01:27:46Z</time>
   </trkpt>
   <trkpt lat="37.7705020" lon="-122.4800740">
    <ele>69.4</ele>
    <time>2026-04-27T01:27:47Z</time>
   </trkpt>
   <trkpt lat="37.7704830" lon="-122.4801100">
    <ele>69.2</ele>
    <time>2026-04-27T01:27:48Z</time>
   </trkpt>
   <trkpt lat="37.7704680" lon="-122.4801560">
    <ele>68.9</ele>
    <time>2026-04-27T01:27:49Z</time>
   </trkpt>
   <trkpt lat="37.7704580" lon="-122.4801780">
    <ele>68.7</ele>
    <time>2026-04-27T01:27:50Z</time>
   </trkpt>
   <trkpt lat="37.7704310" lon="-122.4802250">
    <ele>68.3</ele>
    <time>2026-04-27T01:27:51Z</time>
   </trkpt>
   <trkpt lat="37.7704240" lon="-122.4802650">
    <ele>68.1</ele>
    <time>2026-04-27T01:27:52Z</time>
   </trkpt>
   <trkpt lat="37.7704140" lon="-122.4803000">
    <ele>67.9</ele>
    <time>2026-04-27T01:27:53Z</time>
   </trkpt>
   <trkpt lat="37.7703910" lon="-122.4803430">
    <ele>67.5</ele>
    <time>2026-04-27T01:27:54Z</time>
   </trkpt>
   <trkpt lat="37.7703810" lon="-122.4803620">
    <ele>67.4</ele>
    <time>2026-04-27T01:27:55Z</time>
   </trkpt>
   <trkpt lat="37.7703650" lon="-122.4804130">
    <ele>67.1</ele>
    <time>2026-04-27T01:27:56Z</time>
   </trkpt>
   <trkpt lat="37.7703510" lon="-122.4804620">
    <ele>66.8</ele>
    <time>2026-04-27T01:27:57Z</time>
   </trkpt>
   <trkpt lat="37.7703350" lon="-122.4805270">
    <ele>66.4</ele>
    <time>2026-04-27T01:27:59Z</time>
   </trkpt>
   <trkpt lat="37.7703100" lon="-122.4805770">
    <ele>66.1</ele>
    <time>2026-04-27T01:28:00Z</time>
   </trkpt>
   <trkpt lat="37.7702990" lon="-122.4806310">
    <ele>65.8</ele>
    <time>2026-04-27T01:28:01Z</time>
   </trkpt>
   <trkpt lat="37.7702910" lon="-122.4806550">
    <ele>65.7</ele>
    <time>2026-04-27T01:28:02Z</time>
   </trkpt>
   <trkpt lat="37.7702760" lon="-122.4807020">
    <ele>65.4</ele>
    <time>2026-04-27T01:28:03Z</time>
   </trkpt>
   <trkpt lat="37.7702700" lon="-122.4807230">
    <ele>65.3</ele>
    <time>2026-04-27T01:28:04Z</time>
   </trkpt>
   <trkpt lat="37.7702540" lon="-122.4807930">
    <ele>64.9</ele>
    <time>2026-04-27T01:28:05Z</time>
   </trkpt>
   <trkpt lat="37.7702420" lon="-122.4808440">
    <ele>64.7</ele>
    <time>2026-04-27T01:28:06Z</time>
   </trkpt>
   <trkpt lat="37.7702270" lon="-122.4808750">
    <ele>64.5</ele>
    <time>2026-04-27T01:28:07Z</time>
   </trkpt>
   <trkpt lat="37.7702150" lon="-122.4809070">
    <ele>64.3</ele>
    <time>2026-04-27T01:28:08Z</time>
   </trkpt>
   <trkpt lat="37.7701950" lon="-122.4809510">
    <ele>64.1</ele>
    <time>2026-04-27T01:28:09Z</time>
   </trkpt>
   <trkpt lat="37.7701770" lon="-122.4810200">
    <ele>63.7</ele>
    <time>2026-04-27T01:28:10Z</time>
   </trkpt>
   <trkpt lat="37.7701750" lon="-122.4810700">
    <ele>63.5</ele>
    <time>2026-04-27T01:28:11Z</time>
   </trkpt>
   <trkpt lat="37.7701610" lon="-122.4810990">
    <ele>63.3</ele>
    <time>2026-04-27T01:28:12Z</time>
   </trkpt>
   <trkpt lat="37.7701510" lon="-122.4811340">
    <ele>63.1</ele>
    <time>2026-04-27T01:28:13Z</time>
   </trkpt>
   <trkpt lat="37.7701280" lon="-122.4812230">
    <ele>62.7</ele>
    <time>2026-04-27T01:28:14Z</time>
   </trkpt>
   <trkpt lat="37.7701200" lon="-122.4812690">
    <ele>62.5</ele>
    <time>2026-04-27T01:28:15Z</time>
   </trkpt>
   <trkpt lat="37.7701130" lon="-122.4813130">
    <ele>62.3</ele>
    <time>2026-04-27T01:28:16Z</time>
   </trkpt>
   <trkpt lat="37.7701140" lon="-122.4813570">
    <ele>62.1</ele>
    <time>2026-04-27T01:28:17Z</time>
   </trkpt>
   <trkpt lat="37.7700940" lon="-122.4814080">
    <ele>61.8</ele>
    <time>2026-04-27T01:28:18Z</time>
   </trkpt>
   <trkpt lat="37.7700850" lon="-122.4814570">
    <ele>61.6</ele>
    <time>2026-04-27T01:28:19Z</time>
   </trkpt>
   <trkpt lat="37.7700690" lon="-122.4815110">
    <ele>61.3</ele>
    <time>2026-04-27T01:28:20Z</time>
   </trkpt>
   <trkpt lat="37.7700660" lon="-122.4815530">
    <ele>61.2</ele>
    <time>2026-04-27T01:28:21Z</time>
   </trkpt>
   <trkpt lat="37.7700610" lon="-122.4815980">
    <ele>61.0</ele>
    <time>2026-04-27T01:28:22Z</time>
   </trkpt>
   <trkpt lat="37.7700560" lon="-122.4816430">
    <ele>60.8</ele>
    <time>2026-04-27T01:28:23Z</time>
   </trkpt>
   <trkpt lat="37.7700580" lon="-122.4816820">
    <ele>60.6</ele>
    <time>2026-04-27T01:28:24Z</time>
   </trkpt>
   <trkpt lat="37.7700520" lon="-122.4817200">
    <ele>60.5</ele>
    <time>2026-04-27T01:28:25Z</time>
   </trkpt>
   <trkpt lat="37.7700500" lon="-122.4817660">
    <ele>60.3</ele>
    <time>2026-04-27T01:28:26Z</time>
   </trkpt>
   <trkpt lat="37.7700580" lon="-122.4818070">
    <ele>60.2</ele>
    <time>2026-04-27T01:28:27Z</time>
   </trkpt>
   <trkpt lat="37.7700630" lon="-122.4818320">
    <ele>60.1</ele>
    <time>2026-04-27T01:28:28Z</time>
   </trkpt>
   <trkpt lat="37.7700500" lon="-122.4818770">
    <ele>59.9</ele>
    <time>2026-04-27T01:28:29Z</time>
   </trkpt>
   <trkpt lat="37.7700630" lon="-122.4819170">
    <ele>59.8</ele>
    <time>2026-04-27T01:28:30Z</time>
   </trkpt>
   <trkpt lat="37.7700570" lon="-122.4819730">
    <ele>59.6</ele>
    <time>2026-04-27T01:28:31Z</time>
   </trkpt>
   <trkpt lat="37.7700550" lon="-122.4820140">
    <ele>59.5</ele>
    <time>2026-04-27T01:28:32Z</time>
   </trkpt>
   <trkpt lat="37.7700510" lon="-122.4820570">
    <ele>59.3</ele>
    <time>2026-04-27T01:28:33Z</time>
   </trkpt>
   <trkpt lat="37.7700450" lon="-122.4820740">
    <ele>59.3</ele>
    <time>2026-04-27T01:28:34Z</time>
   </trkpt>
   <trkpt lat="37.7700480" lon="-122.4821290">
    <ele>59.1</ele>
    <time>2026-04-27T01:28:35Z</time>
   </trkpt>
   <trkpt lat="37.7700500" lon="-122.4821800">
    <ele>58.9</ele>
    <time>2026-04-27T01:28:36Z</time>
   </trkpt>
   <trkpt lat="37.7700580" lon="-122.4822280">
    <ele>58.8</ele>
    <time>2026-04-27T01:28:37Z</time>
   </trkpt>
   <trkpt lat="37.7700690" lon="-122.4822710">
    <ele>58.6</ele>
    <time>2026-04-27T01:28:38Z</time>
   </trkpt>
   <trkpt lat="37.7700670" lon="-122.4823120">
    <ele>58.5</ele>
    <time>2026-04-27T01:28:39Z</time>
   </trkpt>
   <trkpt lat="37.7700750" lon="-122.4823580">
    <ele>58.4</ele>
    <time>2026-04-27T01:28:40Z</time>
   </trkpt>
   <trkpt lat="37.7700760" lon="-122.4823930">
    <ele>58.3</ele>
    <time>2026-04-27T01:28:41Z</time>
   </trkpt>
   <trkpt lat="37.7700760" lon="-122.4824300">
    <ele>58.1</ele>
    <time>2026-04-27T01:28:42Z</time>
   </trkpt>
   <trkpt lat="37.7700880" lon="-122.4824700">
    <ele>58.0</ele>
    <time>2026-04-27T01:28:43Z</time>
   </trkpt>
   <trkpt lat="37.7700700" lon="-122.4825000">
    <ele>57.9</ele>
    <time>2026-04-27T01:28:44Z</time>
   </trkpt>
   <trkpt lat="37.7700620" lon="-122.4825050">
    <ele>57.9</ele>
    <time>2026-04-27T01:28:45Z</time>
   </trkpt>
   <trkpt lat="37.7700240" lon="-122.4824900">
    <ele>57.7</ele>
    <time>2026-04-27T01:28:46Z</time>
   </trkpt>
   <trkpt lat="37.7700180" lon="-122.4824360">
    <ele>57.6</ele>
    <time>2026-04-27T01:28:47Z</time>
   </trkpt>
   <trkpt lat="37.7700100" lon="-122.4823800">
    <ele>57.4</ele>
    <time>2026-04-27T01:28:48Z</time>
   </trkpt>
   <trkpt lat="37.7700250" lon="-122.4823460">
    <ele>57.3</ele>
    <time>2026-04-27T01:28:49Z</time>
   </trkpt>
   <trkpt lat="37.7700440" lon="-122.4823390">
    <ele>57.3</ele>
    <time>2026-04-27T01:28:50Z</time>
   </trkpt>
   <trkpt lat="37.7700800" lon="-122.4823550">
    <ele>57.2</ele>
    <time>2026-04-27T01:28:51Z</time>
   </trkpt>
   <trkpt lat="37.7700810" lon="-122.4824150">
    <ele>57.0</ele>
    <time>2026-04-27T01:28:52Z</time>
   </trkpt>
   <trkpt lat="37.7700850" lon="-122.4824640">
    <ele>56.9</ele>
    <time>2026-04-27T01:28:53Z</time>
   </trkpt>
   <trkpt lat="37.7700960" lon="-122.4825090">
    <ele>56.8</ele>
    <time>2026-04-27T01:28:54Z</time>
   </trkpt>
   <trkpt lat="37.7700970" lon="-122.4825530">
    <ele>56.7</ele>
    <time>2026-04-27T01:28:55Z</time>
   </trkpt>
   <trkpt lat="37.7701050" lon="-122.4825930">
    <ele>56.6</ele>
    <time>2026-04-27T01:28:56Z</time>
   </trkpt>
   <trkpt lat="37.7701120" lon="-122.4826390">
    <ele>56.5</ele>
    <time>2026-04-27T01:28:57Z</time>
   </trkpt>
   <trkpt lat="37.7701110" lon="-122.4826550">
    <ele>56.5</ele>
    <time>2026-04-27T01:28:58Z</time>
   </trkpt>
   <trkpt lat="37.7701310" lon="-122.4826860">
    <ele>56.4</ele>
    <time>2026-04-27T01:28:59Z</time>
   </trkpt>
   <trkpt lat="37.7701450" lon="-122.4827390">
    <ele>56.2</ele>
    <time>2026-04-27T01:29:00Z</time>
   </trkpt>
   <trkpt lat="37.7701490" lon="-122.4827910">
    <ele>56.1</ele>
    <time>2026-04-27T01:29:01Z</time>
   </trkpt>
   <trkpt lat="37.7701630" lon="-122.4828270">
    <ele>56.0</ele>
    <time>2026-04-27T01:29:02Z</time>
   </trkpt>
   <trkpt lat="37.7701690" lon="-122.4828700">
    <ele>56.0</ele>
    <time>2026-04-27T01:29:03Z</time>
   </trkpt>
   <trkpt lat="37.7701390" lon="-122.4828690">
    <ele>55.9</ele>
    <time>2026-04-27T01:29:04Z</time>
   </trkpt>
   <trkpt lat="37.7701420" lon="-122.4829090">
    <ele>55.8</ele>
    <time>2026-04-27T01:29:05Z</time>
   </trkpt>
   <trkpt lat="37.7701620" lon="-122.4829670">
    <ele>55.7</ele>
    <time>2026-04-27T01:29:06Z</time>
   </trkpt>
   <trkpt lat="37.7701630" lon="-122.4830320">
    <ele>55.6</ele>
    <time>2026-04-27T01:29:07Z</time>
   </trkpt>
   <trkpt lat="37.7701850" lon="-122.4830760">
    <ele>55.5</ele>
    <time>2026-04-27T01:29:08Z</time>
   </trkpt>
   <trkpt lat="37.7701920" lon="-122.4830930">
    <ele>55.4</ele>
    <time>2026-04-27T01:29:09Z</time>
   </trkpt>
   <trkpt lat="37.7702130" lon="-122.4831430">
    <ele>55.4</ele>
    <time>2026-04-27T01:29:10Z</time>
   </trkpt>
   <trkpt lat="37.7702130" lon="-122.4831860">
    <ele>55.3</ele>
    <time>2026-04-27T01:29:11Z</time>
   </trkpt>
   <trkpt lat="37.7702120" lon="-122.4832260">
    <ele>55.2</ele>
    <time>2026-04-27T01:29:12Z</time>
   </trkpt>
   <trkpt lat="37.7702170" lon="-122.4832640">
    <ele>55.2</ele>
    <time>2026-04-27T01:29:13Z</time>
   </trkpt>
   <trkpt lat="37.7702290" lon="-122.4833280">
    <ele>55.1</ele>
    <time>2026-04-27T01:29:14Z</time>
   </trkpt>
   <trkpt lat="37.7702340" lon="-122.4833780">
    <ele>55.0</ele>
    <time>2026-04-27T01:29:15Z</time>
   </trkpt>
   <trkpt lat="37.7702290" lon="-122.4834160">
    <ele>55.0</ele>
    <time>2026-04-27T01:29:16Z</time>
   </trkpt>
   <trkpt lat="37.7702210" lon="-122.4834650">
    <ele>54.9</ele>
    <time>2026-04-27T01:29:17Z</time>
   </trkpt>
   <trkpt lat="37.7702220" lon="-122.4834890">
    <ele>54.9</ele>
    <time>2026-04-27T01:29:18Z</time>
   </trkpt>
   <trkpt lat="37.7702210" lon="-122.4835250">
    <ele>54.8</ele>
    <time>2026-04-27T01:29:19Z</time>
   </trkpt>
   <trkpt lat="37.7702270" lon="-122.4835620">
    <ele>54.8</ele>
    <time>2026-04-27T01:29:20Z</time>
   </trkpt>
   <trkpt lat="37.7702330" lon="-122.4836120">
    <ele>54.7</ele>
    <time>2026-04-27T01:29:21Z</time>
   </trkpt>
   <trkpt lat="37.7702320" lon="-122.4836290">
    <ele>54.7</ele>
    <time>2026-04-27T01:29:22Z</time>
   </trkpt>
   <trkpt lat="37.7702300" lon="-122.4836820">
    <ele>54.7</ele>
    <time>2026-04-27T01:29:23Z</time>
   </trkpt>
   <trkpt lat="37.7702200" lon="-122.4837150">
    <ele>54.6</ele>
    <time>2026-04-27T01:29:24Z</time>
   </trkpt>
   <trkpt lat="37.7702120" lon="-122.4837530">
    <ele>54.6</ele>
    <time>2026-04-27T01:29:25Z</time>
   </trkpt>
   <trkpt lat="37.7702090" lon="-122.4837880">
    <ele>54.6</ele>
    <time>2026-04-27T01:29:26Z</time>
   </trkpt>
   <trkpt lat="37.7701920" lon="-122.4838400">
    <ele>54.5</ele>
    <time>2026-04-27T01:29:27Z</time>
   </trkpt>
   <trkpt lat="37.7701880" lon="-122.4838800">
    <ele>54.5</ele>
    <time>2026-04-27T01:29:28Z</time>
   </trkpt>
   <trkpt lat="37.7701810" lon="-122.4839310">
    <ele>54.4</ele>
    <time>2026-04-27T01:29:29Z</time>
   </trkpt>
   <trkpt lat="37.7701750" lon="-122.4839880">
    <ele>54.4</ele>
    <time>2026-04-27T01:29:30Z</time>
   </trkpt>
   <trkpt lat="37.7701540" lon="-122.4840120">
    <ele>54.3</ele>
    <time>2026-04-27T01:29:31Z</time>
   </trkpt>
   <trkpt lat="37.7701490" lon="-122.4840320">
    <ele>54.3</ele>
    <time>2026-04-27T01:29:32Z</time>
   </trkpt>
   <trkpt lat="37.7701500" lon="-122.4840660">
    <ele>54.3</ele>
    <time>2026-04-27T01:29:33Z</time>
   </trkpt>
   <trkpt lat="37.7701410" lon="-122.4841070">
    <ele>54.3</ele>
    <time>2026-04-27T01:29:34Z</time>
   </trkpt>
   <trkpt lat="37.7701280" lon="-122.4841650">
    <ele>54.2</ele>
    <time>2026-04-27T01:29:35Z</time>
   </trkpt>
   <trkpt lat="37.7701280" lon="-122.4842000">
    <ele>54.2</ele>
    <time>2026-04-27T01:29:36Z</time>
   </trkpt>
   <trkpt lat="37.7700980" lon="-122.4842450">
    <ele>54.1</ele>
    <time>2026-04-27T01:29:37Z</time>
   </trkpt>
   <trkpt lat="37.7700820" lon="-122.4842790">
    <ele>54.0</ele>
    <time>2026-04-27T01:29:38Z</time>
   </trkpt>
   <trkpt lat="37.7700680" lon="-122.4843150">
    <ele>54.0</ele>
    <time>2026-04-27T01:29:39Z</time>
   </trkpt>
   <trkpt lat="37.7700570" lon="-122.4843580">
    <ele>53.9</ele>
    <time>2026-04-27T01:29:40Z</time>
   </trkpt>
   <trkpt lat="37.7700690" lon="-122.4843940">
    <ele>53.9</ele>
    <time>2026-04-27T01:29:41Z</time>
   </trkpt>
   <trkpt lat="37.7700550" lon="-122.4844350">
    <ele>53.8</ele>
    <time>2026-04-27T01:29:42Z</time>
   </trkpt>
   <trkpt lat="37.7700500" lon="-122.4844870">
    <ele>53.8</ele>
    <time>2026-04-27T01:29:43Z</time>
   </trkpt>
   <trkpt lat="37.7700460" lon="-122.4845070">
    <ele>53.7</ele>
    <time>2026-04-27T01:29:44Z</time>
   </trkpt>
   <trkpt lat="37.7700270" lon="-122.4845600">
    <ele>53.6</ele>
    <time>2026-04-27T01:29:45Z</time>
   </trkpt>
   <trkpt lat="37.7700290" lon="-122.4846040">
    <ele>53.6</ele>
    <time>2026-04-27T01:29:46Z</time>
   </trkpt>
   <trkpt lat="37.7700240" lon="-122.4846430">
    <ele>53.5</ele>
    <time>2026-04-27T01:29:47Z</time>
   </trkpt>
   <trkpt lat="37.7700220" lon="-122.4846880">
    <ele>53.4</ele>
    <time>2026-04-27T01:29:48Z</time>
   </trkpt>
   <trkpt lat="37.7700220" lon="-122.4847320">
    <ele>53.4</ele>
    <time>2026-04-27T01:29:49Z</time>
   </trkpt>
   <trkpt lat="37.7700280" lon="-122.4847730">
    <ele>53.3</ele>
    <time>2026-04-27T01:29:50Z</time>
   </trkpt>
   <trkpt lat="37.7700340" lon="-122.4848100">
    <ele>53.2</ele>
    <time>2026-04-27T01:29:51Z</time>
   </trkpt>
   <trkpt lat="37.7700240" lon="-122.4848560">
    <ele>53.1</ele>
    <time>2026-04-27T01:29:52Z</time>
   </trkpt>
   <trkpt lat="37.7700230" lon="-122.4848940">
    <ele>53.0</ele>
    <time>2026-04-27T01:29:53Z</time>
   </trkpt>
   <trkpt lat="37.7700280" lon="-122.4849150">
    <ele>53.0</ele>
    <time>2026-04-27T01:29:54Z</time>
   </trkpt>
   <trkpt lat="37.7700420" lon="-122.4849750">
    <ele>52.8</ele>
    <time>2026-04-27T01:29:55Z</time>
   </trkpt>
   <trkpt lat="37.7700650" lon="-122.4850160">
    <ele>52.7</ele>
    <time>2026-04-27T01:29:56Z</time>
   </trkpt>
   <trkpt lat="37.7700550" lon="-122.4850490">
    <ele>52.6</ele>
    <time>2026-04-27T01:29:57Z</time>
   </trkpt>
   <trkpt lat="37.7700580" lon="-122.4850940">
    <ele>52.5</ele>
    <time>2026-04-27T01:29:58Z</time>
   </trkpt>
   <trkpt lat="37.7700860" lon="-122.4851490">
    <ele>52.4</ele>
    <time>2026-04-27T01:29:59Z</time>
   </trkpt>
   <trkpt lat="37.7701080" lon="-122.4851950">
    <ele>52.2</ele>
    <time>2026-04-27T01:30:00Z</time>
   </trkpt>
   <trkpt lat="37.7701250" lon="-122.4852250">
    <ele>52.1</ele>
    <time>2026-04-27T01:30:01Z</time>
   </trkpt>
   <trkpt lat="37.7701410" lon="-122.4852660">
    <ele>52.0</ele>
    <time>2026-04-27T01:30:02Z</time>
   </trkpt>
   <trkpt lat="37.7701460" lon="-122.4852850">
    <ele>51.9</ele>
    <time>2026-04-27T01:30:03Z</time>
   </trkpt>
   <trkpt lat="37.7701650" lon="-122.4853260">
    <ele>51.8</ele>
    <time>2026-04-27T01:30:05Z</time>
   </trkpt>
   <trkpt lat="37.7701960" lon="-122.4853940">
    <ele>51.6</ele>
    <time>2026-04-27T01:30:06Z</time>
   </trkpt>
   <trkpt lat="37.7702340" lon="-122.4854570">
    <ele>51.3</ele>
    <time>2026-04-27T01:30:08Z</time>
   </trkpt>
   <trkpt lat="37.7702530" lon="-122.4855010">
    <ele>51.2</ele>
    <time>2026-04-27T01:30:09Z</time>
   </trkpt>
   <trkpt lat="37.7702710" lon="-122.4855490">
    <ele>51.0</ele>
    <time>2026-04-27T01:30:11Z</time>
   </trkpt>
   <trkpt lat="37.7703100" lon="-122.4856020">
    <ele>50.7</ele>
    <time>2026-04-27T01:30:12Z</time>
   </trkpt>
   <trkpt lat="37.7703270" lon="-122.4856410">
    <ele>50.6</ele>
    <time>2026-04-27T01:30:13Z</time>
   </trkpt>
   <trkpt lat="37.7703580" lon="-122.4857190">
    <ele>50.3</ele>
    <time>2026-04-27T01:30:15Z</time>
   </trkpt>
   <trkpt lat="37.7703830" lon="-122.4857570">
    <ele>50.1</ele>
    <time>2026-04-27T01:30:16Z</time>
   </trkpt>
   <trkpt lat="37.7704060" lon="-122.4858080">
    <ele>50.0</ele>
    <time>2026-04-27T01:30:18Z</time>
   </trkpt>
   <trkpt lat="37.7704560" lon="-122.4858240">
    <ele>49.9</ele>
    <time>2026-04-27T01:30:19Z</time>
   </trkpt>
   <trkpt lat="37.7704920" lon="-122.4858450">
    <ele>49.9</ele>
    <time>2026-04-27T01:30:20Z</time>
   </trkpt>
   <trkpt lat="37.7705220" lon="-122.4858650">
    <ele>49.7</ele>
    <time>2026-04-27T01:30:21Z</time>
   </trkpt>
   <trkpt lat="37.7705320" lon="-122.4858790">
    <ele>49.6</ele>
    <time>2026-04-27T01:30:22Z</time>
   </trkpt>
   <trkpt lat="37.7705460" lon="-122.4859230">
    <ele>49.4</ele>
    <time>2026-04-27T01:30:23Z</time>
   </trkpt>
   <trkpt lat="37.7705580" lon="-122.4859600">
    <ele>49.2</ele>
    <time>2026-04-27T01:30:24Z</time>
   </trkpt>
   <trkpt lat="37.7705960" lon="-122.4860110">
    <ele>48.9</ele>
    <time>2026-04-27T01:30:25Z</time>
   </trkpt>
   <trkpt lat="37.7706090" lon="-122.4860550">
    <ele>48.8</ele>
    <time>2026-04-27T01:30:26Z</time>
   </trkpt>
   <trkpt lat="37.7706110" lon="-122.4860760">
    <ele>48.7</ele>
    <time>2026-04-27T01:30:27Z</time>
   </trkpt>
   <trkpt lat="37.7706340" lon="-122.4861060">
    <ele>48.5</ele>
    <time>2026-04-27T01:30:28Z</time>
   </trkpt>
   <trkpt lat="37.7706420" lon="-122.4861400">
    <ele>48.4</ele>
    <time>2026-04-27T01:30:29Z</time>
   </trkpt>
   <trkpt lat="37.7706410" lon="-122.4861760">
    <ele>48.2</ele>
    <time>2026-04-27T01:30:30Z</time>
   </trkpt>
   <trkpt lat="37.7706740" lon="-122.4862100">
    <ele>48.0</ele>
    <time>2026-04-27T01:30:31Z</time>
   </trkpt>
   <trkpt lat="37.7706960" lon="-122.4862460">
    <ele>47.9</ele>
    <time>2026-04-27T01:30:32Z</time>
   </trkpt>
   <trkpt lat="37.7707060" lon="-122.4862810">
    <ele>47.7</ele>
    <time>2026-04-27T01:30:33Z</time>
   </trkpt>
   <trkpt lat="37.7707340" lon="-122.4863150">
    <ele>47.6</ele>
    <time>2026-04-27T01:30:34Z</time>
   </trkpt>
   <trkpt lat="37.7707390" lon="-122.4863320">
    <ele>47.5</ele>
    <time>2026-04-27T01:30:35Z</time>
   </trkpt>
   <trkpt lat="37.7707580" lon="-122.4863750">
    <ele>47.4</ele>
    <time>2026-04-27T01:30:36Z</time>
   </trkpt>
   <trkpt lat="37.7707410" lon="-122.4864050">
    <ele>47.2</ele>
    <time>2026-04-27T01:30:37Z</time>
   </trkpt>
   <trkpt lat="37.7707660" lon="-122.4864300">
    <ele>47.1</ele>
    <time>2026-04-27T01:30:38Z</time>
   </trkpt>
   <trkpt lat="37.7707690" lon="-122.4864860">
    <ele>46.9</ele>
    <time>2026-04-27T01:30:39Z</time>
   </trkpt>
   <trkpt lat="37.7708030" lon="-122.4865090">
    <ele>46.8</ele>
    <time>2026-04-27T01:30:40Z</time>
   </trkpt>
   <trkpt lat="37.7708250" lon="-122.4865460">
    <ele>46.7</ele>
    <time>2026-04-27T01:30:41Z</time>
   </trkpt>
   <trkpt lat="37.7708440" lon="-122.4865860">
    <ele>46.6</ele>
    <time>2026-04-27T01:30:42Z</time>
   </trkpt>
   <trkpt lat="37.7708510" lon="-122.4866340">
    <ele>46.5</ele>
    <time>2026-04-27T01:30:43Z</time>
   </trkpt>
   <trkpt lat="37.7708690" lon="-122.4866660">
    <ele>46.4</ele>
    <time>2026-04-27T01:30:44Z</time>
   </trkpt>
   <trkpt lat="37.7708900" lon="-122.4866920">
    <ele>46.3</ele>
    <time>2026-04-27T01:30:45Z</time>
   </trkpt>
   <trkpt lat="37.7709080" lon="-122.4867260">
    <ele>46.2</ele>
    <time>2026-04-27T01:30:46Z</time>
   </trkpt>
   <trkpt lat="37.7709120" lon="-122.4867810">
    <ele>46.1</ele>
    <time>2026-04-27T01:30:47Z</time>
   </trkpt>
   <trkpt lat="37.7709220" lon="-122.4868270">
    <ele>46.0</ele>
    <time>2026-04-27T01:30:48Z</time>
   </trkpt>
   <trkpt lat="37.7709330" lon="-122.4868450">
    <ele>45.9</ele>
    <time>2026-04-27T01:30:49Z</time>
   </trkpt>
   <trkpt lat="37.7709560" lon="-122.4868900">
    <ele>45.8</ele>
    <time>2026-04-27T01:30:50Z</time>
   </trkpt>
   <trkpt lat="37.7709620" lon="-122.4869360">
    <ele>45.7</ele>
    <time>2026-04-27T01:30:51Z</time>
   </trkpt>
   <trkpt lat="37.7709790" lon="-122.4869760">
    <ele>45.7</ele>
    <time>2026-04-27T01:30:52Z</time>
   </trkpt>
   <trkpt lat="37.7709870" lon="-122.4870230">
    <ele>45.6</ele>
    <time>2026-04-27T01:30:53Z</time>
   </trkpt>
   <trkpt lat="37.7709910" lon="-122.4870430">
    <ele>45.5</ele>
    <time>2026-04-27T01:30:54Z</time>
   </trkpt>
   <trkpt lat="37.7709980" lon="-122.4870770">
    <ele>45.4</ele>
    <time>2026-04-27T01:30:55Z</time>
   </trkpt>
   <trkpt lat="37.7709850" lon="-122.4871140">
    <ele>45.3</ele>
    <time>2026-04-27T01:30:56Z</time>
   </trkpt>
   <trkpt lat="37.7709920" lon="-122.4871490">
    <ele>45.2</ele>
    <time>2026-04-27T01:30:57Z</time>
   </trkpt>
   <trkpt lat="37.7710060" lon="-122.4871840">
    <ele>45.2</ele>
    <time>2026-04-27T01:30:58Z</time>
   </trkpt>
   <trkpt lat="37.7710010" lon="-122.4872220">
    <ele>45.1</ele>
    <time>2026-04-27T01:30:59Z</time>
   </trkpt>
   <trkpt lat="37.7709950" lon="-122.4872710">
    <ele>44.9</ele>
    <time>2026-04-27T01:31:00Z</time>
   </trkpt>
   <trkpt lat="37.7709880" lon="-122.4873150">
    <ele>44.8</ele>
    <time>2026-04-27T01:31:01Z</time>
   </trkpt>
   <trkpt lat="37.7709960" lon="-122.4873480">
    <ele>44.7</ele>
    <time>2026-04-27T01:31:02Z</time>
   </trkpt>
   <trkpt lat="37.7709900" lon="-122.4873890">
    <ele>44.6</ele>
    <time>2026-04-27T01:31:03Z</time>
   </trkpt>
   <trkpt lat="37.7709900" lon="-122.4873990">
    <ele>44.6</ele>
    <time>2026-04-27T01:31:04Z</time>
   </trkpt>
   <trkpt lat="37.7709910" lon="-122.4874350">
    <ele>44.5</ele>
    <time>2026-04-27T01:31:05Z</time>
   </trkpt>
   <trkpt lat="37.7709750" lon="-122.4874930">
    <ele>44.4</ele>
    <time>2026-04-27T01:31:06Z</time>
   </trkpt>
   <trkpt lat="37.7709610" lon="-122.4875260">
    <ele>44.3</ele>
    <time>2026-04-27T01:31:07Z</time>
   </trkpt>
   <trkpt lat="37.7709470" lon="-122.4875790">
    <ele>44.1</ele>
    <time>2026-04-27T01:31:08Z</time>
   </trkpt>
   <trkpt lat="37.7709360" lon="-122.4876030">
    <ele>44.1</ele>
    <time>2026-04-27T01:31:09Z</time>
   </trkpt>
   <trkpt lat="37.7709480" lon="-122.4876530">
    <ele>44.0</ele>
    <time>2026-04-27T01:31:10Z</time>
   </trkpt>
   <trkpt lat="37.7709260" lon="-122.4877010">
    <ele>43.9</ele>
    <time>2026-04-27T01:31:11Z</time>
   </trkpt>
   <trkpt lat="37.7709140" lon="-122.4877460">
    <ele>43.8</ele>
    <time>2026-04-27T01:31:12Z</time>
   </trkpt>
   <trkpt lat="37.7708960" lon="-122.4878070">
    <ele>43.7</ele>
    <time>2026-04-27T01:31:13Z</time>
   </trkpt>
   <trkpt lat="37.7708840" lon="-122.4878360">
    <ele>43.6</ele>
    <time>2026-04-27T01:31:14Z</time>
   </trkpt>
   <trkpt lat="37.7708680" lon="-122.4878710">
    <ele>43.5</ele>
    <time>2026-04-27T01:31:15Z</time>
   </trkpt>
   <trkpt lat="37.7708650" lon="-122.4879160">
    <ele>43.5</ele>
    <time>2026-04-27T01:31:16Z</time>
   </trkpt>
   <trkpt lat="37.7708650" lon="-122.4879370">
    <ele>43.4</ele>
    <time>2026-04-27T01:31:17Z</time>
   </trkpt>
   <trkpt lat="37.7708590" lon="-122.4879740">
    <ele>43.4</ele>
    <time>2026-04-27T01:31:18Z</time>
   </trkpt>
   <trkpt lat="37.7708520" lon="-122.4880190">
    <ele>43.3</ele>
    <time>2026-04-27T01:31:19Z</time>
   </trkpt>
   <trkpt lat="37.7708640" lon="-122.4880750">
    <ele>43.2</ele>
    <time>2026-04-27T01:31:20Z</time>
   </trkpt>
   <trkpt lat="37.7708610" lon="-122.4881170">
    <ele>43.1</ele>
    <time>2026-04-27T01:31:21Z</time>
   </trkpt>
   <trkpt lat="37.7708550" lon="-122.4881570">
    <ele>43.0</ele>
    <time>2026-04-27T01:31:22Z</time>
   </trkpt>
   <trkpt lat="37.7708610" lon="-122.4881970">
    <ele>43.0</ele>
    <time>2026-04-27T01:31:23Z</time>
   </trkpt>
   <trkpt lat="37.7708710" lon="-122.4882370">
    <ele>42.9</ele>
    <time>2026-04-27T01:31:24Z</time>
   </trkpt>
   <trkpt lat="37.7708700" lon="-122.4882740">
    <ele>42.9</ele>
    <time>2026-04-27T01:31:25Z</time>
   </trkpt>
   <trkpt lat="37.7708710" lon="-122.4883080">
    <ele>42.8</ele>
    <time>2026-04-27T01:31:26Z</time>
   </trkpt>
   <trkpt lat="37.7708620" lon="-122.4883440">
    <ele>42.8</ele>
    <time>2026-04-27T01:31:27Z</time>
   </trkpt>
   <trkpt lat="37.7708770" lon="-122.4883870">
    <ele>42.7</ele>
    <time>2026-04-27T01:31:28Z</time>
   </trkpt>
   <trkpt lat="37.7708850" lon="-122.4884220">
    <ele>42.7</ele>
    <time>2026-04-27T01:31:29Z</time>
   </trkpt>
   <trkpt lat="37.7708910" lon="-122.4884680">
    <ele>42.7</ele>
    <time>2026-04-27T01:31:30Z</time>
   </trkpt>
   <trkpt lat="37.7708910" lon="-122.4885110">
    <ele>42.6</ele>
    <time>2026-04-27T01:31:31Z</time>
   </trkpt>
   <trkpt lat="37.7708740" lon="-122.4885510">
    <ele>42.6</ele>
    <time>2026-04-27T01:31:32Z</time>
   </trkpt>
   <trkpt lat="37.7708660" lon="-122.4885620">
    <ele>42.6</ele>
    <time>2026-04-27T01:31:33Z</time>
   </trkpt>
   <trkpt lat="37.7708450" lon="-122.4886170">
    <ele>42.5</ele>
    <time>2026-04-27T01:31:34Z</time>
   </trkpt>
   <trkpt lat="37.7708320" lon="-122.4886400">
    <ele>42.5</ele>
    <time>2026-04-27T01:31:35Z</time>
   </trkpt>
   <trkpt lat="37.7708120" lon="-122.4886730">
    <ele>42.5</ele>
    <time>2026-04-27T01:31:36Z</time>
   </trkpt>
   <trkpt lat="37.7708020" lon="-122.4886810">
    <ele>42.5</ele>
    <time>2026-04-27T01:31:37Z</time>
   </trkpt>
   <trkpt lat="37.7707950" lon="-122.4887140">
    <ele>42.5</ele>
    <time>2026-04-27T01:31:38Z</time>
   </trkpt>
   <trkpt lat="37.7708080" lon="-122.4887580">
    <ele>42.5</ele>
    <time>2026-04-27T01:31:39Z</time>
   </trkpt>
   <trkpt lat="37.7708170" lon="-122.4887740">
    <ele>42.5</ele>
    <time>2026-04-27T01:31:40Z</time>
   </trkpt>
   <trkpt lat="37.7708100" lon="-122.4888370">
    <ele>42.5</ele>
    <time>2026-04-27T01:31:41Z</time>
   </trkpt>
   <trkpt lat="37.7708150" lon="-122.4888950">
    <ele>42.6</ele>
    <time>2026-04-27T01:31:42Z</time>
   </trkpt>
   <trkpt lat="37.7708120" lon="-122.4889250">
    <ele>42.6</ele>
    <time>2026-04-27T01:31:43Z</time>
   </trkpt>
   <trkpt lat="37.7708180" lon="-122.4889850">
    <ele>42.6</ele>
    <time>2026-04-27T01:31:44Z</time>
   </trkpt>
   <trkpt lat="37.7708180" lon="-122.4890110">
    <ele>42.6</ele>
    <time>2026-04-27T01:31:45Z</time>
   </trkpt>
   <trkpt lat="37.7708120" lon="-122.4890490">
    <ele>42.6</ele>
    <time>2026-04-27T01:31:46Z</time>
   </trkpt>
   <trkpt lat="37.7708150" lon="-122.4890960">
    <ele>42.6</ele>
    <time>2026-04-27T01:31:47Z</time>
   </trkpt>
   <trkpt lat="37.7708060" lon="-122.4891320">
    <ele>42.6</ele>
    <time>2026-04-27T01:31:48Z</time>
   </trkpt>
   <trkpt lat="37.7708230" lon="-122.4891710">
    <ele>42.6</ele>
    <time>2026-04-27T01:31:49Z</time>
   </trkpt>
   <trkpt lat="37.7708230" lon="-122.4891870">
    <ele>42.6</ele>
    <time>2026-04-27T01:31:50Z</time>
   </trkpt>
   <trkpt lat="37.7708260" lon="-122.4892260">
    <ele>42.6</ele>
    <time>2026-04-27T01:31:51Z</time>
   </trkpt>
   <trkpt lat="37.7708320" lon="-122.4892640">
    <ele>42.6</ele>
    <time>2026-04-27T01:31:52Z</time>
   </trkpt>
   <trkpt lat="37.7708470" lon="-122.4893010">
    <ele>42.5</ele>
    <time>2026-04-27T01:31:53Z</time>
   </trkpt>
   <trkpt lat="37.7708520" lon="-122.4893380">
    <ele>42.5</ele>
    <time>2026-04-27T01:31:54Z</time>
   </trkpt>
   <trkpt lat="37.7708570" lon="-122.4893900">
    <ele>42.4</ele>
    <time>2026-04-27T01:31:55Z</time>
   </trkpt>
   <trkpt lat="37.7708590" lon="-122.4894090">
    <ele>42.4</ele>
    <time>2026-04-27T01:31:56Z</time>
   </trkpt>
   <trkpt lat="37.7708560" lon="-122.4894520">
    <ele>42.3</ele>
    <time>2026-04-27T01:31:57Z</time>
   </trkpt>
   <trkpt lat="37.7708580" lon="-122.4894730">
    <ele>42.3</ele>
    <time>2026-04-27T01:31:58Z</time>
   </trkpt>
   <trkpt lat="37.7708720" lon="-122.4895060">
    <ele>42.2</ele>
    <time>2026-04-27T01:31:59Z</time>
   </trkpt>
   <trkpt lat="37.7708820" lon="-122.4895290">
    <ele>42.1</ele>
    <time>2026-04-27T01:32:00Z</time>
   </trkpt>
   <trkpt lat="37.7708920" lon="-122.4895660">
    <ele>42.0</ele>
    <time>2026-04-27T01:32:01Z</time>
   </trkpt>
   <trkpt lat="37.7709010" lon="-122.4896150">
    <ele>41.9</ele>
    <time>2026-04-27T01:32:02Z</time>
   </trkpt>
   <trkpt lat="37.7709050" lon="-122.4896590">
    <ele>41.8</ele>
    <time>2026-04-27T01:32:03Z</time>
   </trkpt>
   <trkpt lat="37.7709130" lon="-122.4897010">
    <ele>41.6</ele>
    <time>2026-04-27T01:32:04Z</time>
   </trkpt>
   <trkpt lat="37.7709310" lon="-122.4897290">
    <ele>41.5</ele>
    <time>2026-04-27T01:32:05Z</time>
   </trkpt>
   <trkpt lat="37.7709480" lon="-122.4897740">
    <ele>41.4</ele>
    <time>2026-04-27T01:32:06Z</time>
   </trkpt>
   <trkpt lat="37.7709540" lon="-122.4897930">
    <ele>41.4</ele>
    <time>2026-04-27T01:32:07Z</time>
   </trkpt>
   <trkpt lat="37.7709910" lon="-122.4898090">
    <ele>41.4</ele>
    <time>2026-04-27T01:32:08Z</time>
   </trkpt>
   <trkpt lat="37.7710130" lon="-122.4898100">
    <ele>41.4</ele>
    <time>2026-04-27T01:32:09Z</time>
   </trkpt>
   <trkpt lat="37.7710410" lon="-122.4898350">
    <ele>41.4</ele>
    <time>2026-04-27T01:32:10Z</time>
   </trkpt>
   <trkpt lat="37.7710590" lon="-122.4898740">
    <ele>41.3</ele>
    <time>2026-04-27T01:32:11Z</time>
   </trkpt>
   <trkpt lat="37.7710310" lon="-122.4899240">
    <ele>41.2</ele>
    <time>2026-04-27T01:32:12Z</time>
   </trkpt>
   <trkpt lat="37.7710470" lon="-122.4899610">
    <ele>41.2</ele>
    <time>2026-04-27T01:32:13Z</time>
   </trkpt>
   <trkpt lat="37.7710550" lon="-122.4899740">
    <ele>41.2</ele>
    <time>2026-04-27T01:32:14Z</time>
   </trkpt>
   <trkpt lat="37.7710590" lon="-122.4900200">
    <ele>41.1</ele>
    <time>2026-04-27T01:32:15Z</time>
   </trkpt>
   <trkpt lat="37.7710550" lon="-122.4900660">
    <ele>41.1</ele>
    <time>2026-04-27T01:32:16Z</time>
   </trkpt>
   <trkpt lat="37.7710560" lon="-122.4901160">
    <ele>41.0</ele>
    <time>2026-04-27T01:32:17Z</time>
   </trkpt>
   <trkpt lat="37.7710530" lon="-122.4901540">
    <ele>40.9</ele>
    <time>2026-04-27T01:32:18Z</time>
   </trkpt>
   <trkpt lat="37.7710520" lon="-122.4901900">
    <ele>40.9</ele>
    <time>2026-04-27T01:32:19Z</time>
   </trkpt>
   <trkpt lat="37.7710540" lon="-122.4902110">
    <ele>40.9</ele>
    <time>2026-04-27T01:32:20Z</time>
   </trkpt>
   <trkpt lat="37.7710540" lon="-122.4902590">
    <ele>40.8</ele>
    <time>2026-04-27T01:32:21Z</time>
   </trkpt>
   <trkpt lat="37.7710500" lon="-122.4903050">
    <ele>40.8</ele>
    <time>2026-04-27T01:32:22Z</time>
   </trkpt>
   <trkpt lat="37.7710620" lon="-122.4903820">
    <ele>40.8</ele>
    <time>2026-04-27T01:32:24Z</time>
   </trkpt>
   <trkpt lat="37.7710640" lon="-122.4904190">
    <ele>40.7</ele>
    <time>2026-04-27T01:32:25Z</time>
   </trkpt>
   <trkpt lat="37.7710480" lon="-122.4904810">
    <ele>40.7</ele>
    <time>2026-04-27T01:32:26Z</time>
   </trkpt>
   <trkpt lat="37.7710410" lon="-122.4905240">
    <ele>40.7</ele>
    <time>2026-04-27T01:32:27Z</time>
   </trkpt>
   <trkpt lat="37.7710470" lon="-122.4905730">
    <ele>40.7</ele>
    <time>2026-04-27T01:32:28Z</time>
   </trkpt>
   <trkpt lat="37.7710460" lon="-122.4905900">
    <ele>40.7</ele>
    <time>2026-04-27T01:32:29Z</time>
   </trkpt>
   <trkpt lat="37.7710420" lon="-122.4906400">
    <ele>40.6</ele>
    <time>2026-04-27T01:32:30Z</time>
   </trkpt>
   <trkpt lat="37.7710440" lon="-122.4906600">
    <ele>40.6</ele>
    <time>2026-04-27T01:32:31Z</time>
   </trkpt>
   <trkpt lat="37.7710460" lon="-122.4907120">
    <ele>40.6</ele>
    <time>2026-04-27T01:32:32Z</time>
   </trkpt>
   <trkpt lat="37.7710870" lon="-122.4907230">
    <ele>40.5</ele>
    <time>2026-04-27T01:32:33Z</time>
   </trkpt>
   <trkpt lat="37.7710850" lon="-122.4907670">
    <ele>40.5</ele>
    <time>2026-04-27T01:32:34Z</time>
   </trkpt>
   <trkpt lat="37.7710790" lon="-122.4907900">
    <ele>40.5</ele>
    <time>2026-04-27T01:32:35Z</time>
   </trkpt>
   <trkpt lat="37.7710660" lon="-122.4908230">
    <ele>40.5</ele>
    <time>2026-04-27T01:32:36Z</time>
   </trkpt>
   <trkpt lat="37.7710590" lon="-122.4908720">
    <ele>40.4</ele>
    <time>2026-04-27T01:32:37Z</time>
   </trkpt>
   <trkpt lat="37.7710470" lon="-122.4909080">
    <ele>40.4</ele>
    <time>2026-04-27T01:32:38Z</time>
   </trkpt>
   <trkpt lat="37.7710460" lon="-122.4909420">
    <ele>40.4</ele>
    <time>2026-04-27T01:32:39Z</time>
   </trkpt>
   <trkpt lat="37.7710420" lon="-122.4909920">
    <ele>40.3</ele>
    <time>2026-04-27T01:32:40Z</time>
   </trkpt>
   <trkpt lat="37.7710170" lon="-122.4910430">
    <ele>40.3</ele>
    <time>2026-04-27T01:32:41Z</time>
   </trkpt>
   <trkpt lat="37.7710040" lon="-122.4910920">
    <ele>40.2</ele>
    <time>2026-04-27T01:32:42Z</time>
   </trkpt>
   <trkpt lat="37.7710210" lon="-122.4911320">
    <ele>40.2</ele>
    <time>2026-04-27T01:32:43Z</time>
   </trkpt>
   <trkpt lat="37.7710180" lon="-122.4911490">
    <ele>40.1</ele>
    <time>2026-04-27T01:32:44Z</time>
   </trkpt>
   <trkpt lat="37.7710160" lon="-122.4911890">
    <ele>40.1</ele>
    <time>2026-04-27T01:32:45Z</time>
   </trkpt>
   <trkpt lat="37.7710270" lon="-122.4912560">
    <ele>40.0</ele>
    <time>2026-04-27T01:32:46Z</time>
   </trkpt>
   <trkpt lat="37.7710140" lon="-122.4913150">
    <ele>40.0</ele>
    <time>2026-04-27T01:32:47Z</time>
   </trkpt>
   <trkpt lat="37.7710070" lon="-122.4913490">
    <ele>40.0</ele>
    <time>2026-04-27T01:32:48Z</time>
   </trkpt>
   <trkpt lat="37.7709960" lon="-122.4913830">
    <ele>40.0</ele>
    <time>2026-04-27T01:32:49Z</time>
   </trkpt>
   <trkpt lat="37.7709890" lon="-122.4914020">
    <ele>39.9</ele>
    <time>2026-04-27T01:32:50Z</time>
   </trkpt>
   <trkpt lat="37.7709770" lon="-122.4914410">
    <ele>39.9</ele>
    <time>2026-04-27T01:32:51Z</time>
   </trkpt>
   <trkpt lat="37.7709820" lon="-122.4914830">
    <ele>39.9</ele>
    <time>2026-04-27T01:32:52Z</time>
   </trkpt>
   <trkpt lat="37.7709740" lon="-122.4915240">
    <ele>39.9</ele>
    <time>2026-04-27T01:32:53Z</time>
   </trkpt>
   <trkpt lat="37.7709630" lon="-122.4915560">
    <ele>39.9</ele>
    <time>2026-04-27T01:32:54Z</time>
   </trkpt>
   <trkpt lat="37.7709510" lon="-122.4916010">
    <ele>39.9</ele>
    <time>2026-04-27T01:32:55Z</time>
   </trkpt>
   <trkpt lat="37.7709510" lon="-122.4916510">
    <ele>39.9</ele>
    <time>2026-04-27T01:32:56Z</time>
   </trkpt>
   <trkpt lat="37.7709490" lon="-122.4916690">
    <ele>39.9</ele>
    <time>2026-04-27T01:32:57Z</time>
   </trkpt>
   <trkpt lat="37.7709410" lon="-122.4917110">
    <ele>39.9</ele>
    <time>2026-04-27T01:32:58Z</time>
   </trkpt>
   <trkpt lat="37.7709410" lon="-122.4917710">
    <ele>39.8</ele>
    <time>2026-04-27T01:32:59Z</time>
   </trkpt>
   <trkpt lat="37.7709390" lon="-122.4917960">
    <ele>39.8</ele>
    <time>2026-04-27T01:33:00Z</time>
   </trkpt>
   <trkpt lat="37.7709330" lon="-122.4918320">
    <ele>39.8</ele>
    <time>2026-04-27T01:33:01Z</time>
   </trkpt>
   <trkpt lat="37.7709260" lon="-122.4918790">
    <ele>39.9</ele>
    <time>2026-04-27T01:33:02Z</time>
   </trkpt>
   <trkpt lat="37.7709190" lon="-122.4918940">
    <ele>39.9</ele>
    <time>2026-04-27T01:33:03Z</time>
   </trkpt>
   <trkpt lat="37.7709050" lon="-122.4919430">
    <ele>39.9</ele>
    <time>2026-04-27T01:33:04Z</time>
   </trkpt>
   <trkpt lat="37.7708930" lon="-122.4919880">
    <ele>39.9</ele>
    <time>2026-04-27T01:33:05Z</time>
   </trkpt>
   <trkpt lat="37.7708770" lon="-122.4920280">
    <ele>39.9</ele>
    <time>2026-04-27T01:33:06Z</time>
   </trkpt>
   <trkpt lat="37.7708750" lon="-122.4920450">
    <ele>40.0</ele>
    <time>2026-04-27T01:33:07Z</time>
   </trkpt>
   <trkpt lat="37.7708730" lon="-122.4920640">
    <ele>40.0</ele>
    <time>2026-04-27T01:33:08Z</time>
   </trkpt>
   <trkpt lat="37.7708680" lon="-122.4921140">
    <ele>40.0</ele>
    <time>2026-04-27T01:33:09Z</time>
   </trkpt>
   <trkpt lat="37.7708540" lon="-122.4921610">
    <ele>40.1</ele>
    <time>2026-04-27T01:33:10Z</time>
   </trkpt>
   <trkpt lat="37.7708510" lon="-122.4921980">
    <ele>40.2</ele>
    <time>2026-04-27T01:33:11Z</time>
   </trkpt>
   <trkpt lat="37.7708390" lon="-122.4922380">
    <ele>40.2</ele>
    <time>2026-04-27T01:33:12Z</time>
   </trkpt>
   <trkpt lat="37.7708340" lon="-122.4922560">
    <ele>40.3</ele>
    <time>2026-04-27T01:33:13Z</time>
   </trkpt>
   <trkpt lat="37.7708300" lon="-122.4923020">
    <ele>40.4</ele>
    <time>2026-04-27T01:33:14Z</time>
   </trkpt>
   <trkpt lat="37.7708310" lon="-122.4923210">
    <ele>40.4</ele>
    <time>2026-04-27T01:33:15Z</time>
   </trkpt>
   <trkpt lat="37.7708300" lon="-122.4923600">
    <ele>40.5</ele>
    <time>2026-04-27T01:33:16Z</time>
   </trkpt>
   <trkpt lat="37.7708140" lon="-122.4923980">
    <ele>40.5</ele>
    <time>2026-04-27T01:33:17Z</time>
   </trkpt>
   <trkpt lat="37.7707960" lon="-122.4924400">
    <ele>40.6</ele>
    <time>2026-04-27T01:33:18Z</time>
   </trkpt>
   <trkpt lat="37.7707830" lon="-122.4924720">
    <ele>40.7</ele>
    <time>2026-04-27T01:33:19Z</time>
   </trkpt>
   <trkpt lat="37.7707780" lon="-122.4925090">
    <ele>40.8</ele>
    <time>2026-04-27T01:33:20Z</time>
   </trkpt>
   <trkpt lat="37.7707710" lon="-122.4925240">
    <ele>40.8</ele>
    <time>2026-04-27T01:33:21Z</time>
   </trkpt>
   <trkpt lat="37.7707580" lon="-122.4925700">
    <ele>40.9</ele>
    <time>2026-04-27T01:33:22Z</time>
   </trkpt>
   <trkpt lat="37.7707600" lon="-122.4925990">
    <ele>41.0</ele>
    <time>2026-04-27T01:33:23Z</time>
   </trkpt>
   <trkpt lat="37.7707610" lon="-122.4926160">
    <ele>41.0</ele>
    <time>2026-04-27T01:33:24Z</time>
   </trkpt>
   <trkpt lat="37.7707560" lon="-122.4926550">
    <ele>41.1</ele>
    <time>2026-04-27T01:33:25Z</time>
   </trkpt>
   <trkpt lat="37.7707180" lon="-122.4926940">
    <ele>41.2</ele>
    <time>2026-04-27T01:33:26Z</time>
   </trkpt>
   <trkpt lat="37.7707120" lon="-122.4927330">
    <ele>41.2</ele>
    <time>2026-04-27T01:33:27Z</time>
   </trkpt>
   <trkpt lat="37.7706870" lon="-122.4927750">
    <ele>41.3</ele>
    <time>2026-04-27T01:33:28Z</time>
   </trkpt>
   <trkpt lat="37.7706820" lon="-122.4927960">
    <ele>41.4</ele>
    <time>2026-04-27T01:33:29Z</time>
   </trkpt>
   <trkpt lat="37.7706800" lon="-122.4928410">
    <ele>41.4</ele>
    <time>2026-04-27T01:33:30Z</time>
   </trkpt>
   <trkpt lat="37.7706710" lon="-122.4928570">
    <ele>41.5</ele>
    <time>2026-04-27T01:33:31Z</time>
   </trkpt>
   <trkpt lat="37.7706430" lon="-122.4928910">
    <ele>41.5</ele>
    <time>2026-04-27T01:33:32Z</time>
   </trkpt>
   <trkpt lat="37.7706370" lon="-122.4929380">
    <ele>41.6</ele>
    <time>2026-04-27T01:33:33Z</time>
   </trkpt>
   <trkpt lat="37.7706430" lon="-122.4929570">
    <ele>41.7</ele>
    <time>2026-04-27T01:33:34Z</time>
   </trkpt>
   <trkpt lat="37.7706390" lon="-122.4929980">
    <ele>41.7</ele>
    <time>2026-04-27T01:33:35Z</time>
   </trkpt>
   <trkpt lat="37.7706120" lon="-122.4930330">
    <ele>41.8</ele>
    <time>2026-04-27T01:33:36Z</time>
   </trkpt>
   <trkpt lat="37.7706070" lon="-122.4930720">
    <ele>41.9</ele>
    <time>2026-04-27T01:33:37Z</time>
   </trkpt>
   <trkpt lat="37.7705920" lon="-122.4931190">
    <ele>41.9</ele>
    <time>2026-04-27T01:33:38Z</time>
   </trkpt>
   <trkpt lat="37.7705750" lon="-122.4931510">
    <ele>42.0</ele>
    <time>2026-04-27T01:33:39Z</time>
   </trkpt>
   <trkpt lat="37.7705740" lon="-122.4931850">
    <ele>42.0</ele>
    <time>2026-04-27T01:33:40Z</time>
   </trkpt>
   <trkpt lat="37.7705660" lon="-122.4931980">
    <ele>42.0</ele>
    <time>2026-04-27T01:33:41Z</time>
   </trkpt>
   <trkpt lat="37.7705480" lon="-122.4932350">
    <ele>42.1</ele>
    <time>2026-04-27T01:33:42Z</time>
   </trkpt>
   <trkpt lat="37.7705460" lon="-122.4932470">
    <ele>42.1</ele>
    <time>2026-04-27T01:33:43Z</time>
   </trkpt>
   <trkpt lat="37.7705330" lon="-122.4932880">
    <ele>42.1</ele>
    <time>2026-04-27T01:33:44Z</time>
   </trkpt>
   <trkpt lat="37.7705290" lon="-122.4933400">
    <ele>42.1</ele>
    <time>2026-04-27T01:33:45Z</time>
   </trkpt>
   <trkpt lat="37.7705190" lon="-122.4933880">
    <ele>42.1</ele>
    <time>2026-04-27T01:33:46Z</time>
   </trkpt>
   <trkpt lat="37.7705020" lon="-122.4934360">
    <ele>42.1</ele>
    <time>2026-04-27T01:33:47Z</time>
   </trkpt>
   <trkpt lat="37.7704940" lon="-122.4934530">
    <ele>42.1</ele>
    <time>2026-04-27T01:33:48Z</time>
   </trkpt>
   <trkpt lat="37.7704840" lon="-122.4934990">
    <ele>42.1</ele>
    <time>2026-04-27T01:33:49Z</time>
   </trkpt>
   <trkpt lat="37.7704780" lon="-122.4935120">
    <ele>42.0</ele>
    <time>2026-04-27T01:33:50Z</time>
   </trkpt>
   <trkpt lat="37.7704640" lon="-122.4935620">
    <ele>41.9</ele>
    <time>2026-04-27T01:33:51Z</time>
   </trkpt>
   <trkpt lat="37.7704580" lon="-122.4935830">
    <ele>41.9</ele>
    <time>2026-04-27T01:33:52Z</time>
   </trkpt>
   <trkpt lat="37.7704430" lon="-122.4936170">
    <ele>41.9</ele>
    <time>2026-04-27T01:33:53Z</time>
   </trkpt>
   <trkpt lat="37.7704370" lon="-122.4936580">
    <ele>41.8</ele>
    <time>2026-04-27T01:33:54Z</time>
   </trkpt>
   <trkpt lat="37.7704240" lon="-122.4936990">
    <ele>41.7</ele>
    <time>2026-04-27T01:33:55Z</time>
   </trkpt>
   <trkpt lat="37.7704220" lon="-122.4937430">
    <ele>41.6</ele>
    <time>2026-04-27T01:33:56Z</time>
   </trkpt>
   <trkpt lat="37.7704230" lon="-122.4937800">
    <ele>41.5</ele>
    <time>2026-04-27T01:33:57Z</time>
   </trkpt>
   <trkpt lat="37.7703830" lon="-122.4938150">
    <ele>41.4</ele>
    <time>2026-04-27T01:33:58Z</time>
   </trkpt>
   <trkpt lat="37.7703740" lon="-122.4938500">
    <ele>41.4</ele>
    <time>2026-04-27T01:33:59Z</time>
   </trkpt>
   <trkpt lat="37.7703600" lon="-122.4938820">
    <ele>41.3</ele>
    <time>2026-04-27T01:34:00Z</time>
   </trkpt>
   <trkpt lat="37.7703330" lon="-122.4938910">
    <ele>41.3</ele>
    <time>2026-04-27T01:34:01Z</time>
   </trkpt>
   <trkpt lat="37.7703060" lon="-122.4939200">
    <ele>41.2</ele>
    <time>2026-04-27T01:34:02Z</time>
   </trkpt>
   <trkpt lat="37.7702940" lon="-122.4939320">
    <ele>41.2</ele>
    <time>2026-04-27T01:34:03Z</time>
   </trkpt>
   <trkpt lat="37.7702730" lon="-122.4939710">
    <ele>41.1</ele>
    <time>2026-04-27T01:34:04Z</time>
   </trkpt>
   <trkpt lat="37.7702620" lon="-122.4940110">
    <ele>41.1</ele>
    <time>2026-04-27T01:34:05Z</time>
   </trkpt>
   <trkpt lat="37.7702690" lon="-122.4940290">
    <ele>41.0</ele>
    <time>2026-04-27T01:34:06Z</time>
   </trkpt>
   <trkpt lat="37.7702540" lon="-122.4940750">
    <ele>41.0</ele>
    <time>2026-04-27T01:34:07Z</time>
   </trkpt>
   <trkpt lat="37.7702430" lon="-122.4941280">
    <ele>40.9</ele>
    <time>2026-04-27T01:34:08Z</time>
   </trkpt>
   <trkpt lat="37.7702430" lon="-122.4941560">
    <ele>40.9</ele>
    <time>2026-04-27T01:34:09Z</time>
   </trkpt>
   <trkpt lat="37.7702410" lon="-122.4941960">
    <ele>40.9</ele>
    <time>2026-04-27T01:34:10Z</time>
   </trkpt>
   <trkpt lat="37.7702330" lon="-122.4942530">
    <ele>40.9</ele>
    <time>2026-04-27T01:34:11Z</time>
   </trkpt>
   <trkpt lat="37.7702330" lon="-122.4942790">
    <ele>40.9</ele>
    <time>2026-04-27T01:34:12Z</time>
   </trkpt>
   <trkpt lat="37.7702320" lon="-122.4943270">
    <ele>40.9</ele>
    <time>2026-04-27T01:34:13Z</time>
   </trkpt>
   <trkpt lat="37.7702320" lon="-122.4943690">
    <ele>40.9</ele>
    <time>2026-04-27T01:34:14Z</time>
   </trkpt>
   <trkpt lat="37.7702310" lon="-122.4944150">
    <ele>40.8</ele>
    <time>2026-04-27T01:34:15Z</time>
   </trkpt>
   <trkpt lat="37.7702340" lon="-122.4944430">
    <ele>40.8</ele>
    <time>2026-04-27T01:34:16Z</time>
   </trkpt>
   <trkpt lat="37.7702200" lon="-122.4944530">
    <ele>40.8</ele>
    <time>2026-04-27T01:34:17Z</time>
   </trkpt>
   <trkpt lat="37.7702300" lon="-122.4944960">
    <ele>40.7</ele>
    <time>2026-04-27T01:34:18Z</time>
   </trkpt>
   <trkpt lat="37.7702390" lon="-122.4945420">
    <ele>40.7</ele>
    <time>2026-04-27T01:34:19Z</time>
   </trkpt>
   <trkpt lat="37.7702460" lon="-122.4945810">
    <ele>40.6</ele>
    <time>2026-04-27T01:34:20Z</time>
   </trkpt>
   <trkpt lat="37.7702390" lon="-122.4946220">
    <ele>40.5</ele>
    <time>2026-04-27T01:34:21Z</time>
   </trkpt>
   <trkpt lat="37.7702430" lon="-122.4946630">
    <ele>40.4</ele>
    <time>2026-04-27T01:34:22Z</time>
   </trkpt>
   <trkpt lat="37.7702640" lon="-122.4947060">
    <ele>40.2</ele>
    <time>2026-04-27T01:34:23Z</time>
   </trkpt>
   <trkpt lat="37.7702510" lon="-122.4947440">
    <ele>40.1</ele>
    <time>2026-04-27T01:34:24Z</time>
   </trkpt>
   <trkpt lat="37.7702470" lon="-122.4948030">
    <ele>39.9</ele>
    <time>2026-04-27T01:34:25Z</time>
   </trkpt>
   <trkpt lat="37.7702430" lon="-122.4948280">
    <ele>39.8</ele>
    <time>2026-04-27T01:34:26Z</time>
   </trkpt>
   <trkpt lat="37.7702520" lon="-122.4948700">
    <ele>39.7</ele>
    <time>2026-04-27T01:34:27Z</time>
   </trkpt>
   <trkpt lat="37.7702520" lon="-122.4948880">
    <ele>39.6</ele>
    <time>2026-04-27T01:34:28Z</time>
   </trkpt>
   <trkpt lat="37.7702530" lon="-122.4949340">
    <ele>39.5</ele>
    <time>2026-04-27T01:34:29Z</time>
   </trkpt>
   <trkpt lat="37.7702510" lon="-122.4949500">
    <ele>39.4</ele>
    <time>2026-04-27T01:34:30Z</time>
   </trkpt>
   <trkpt lat="37.7702670" lon="-122.4949930">
    <ele>39.3</ele>
    <time>2026-04-27T01:34:31Z</time>
   </trkpt>
   <trkpt lat="37.7702660" lon="-122.4950390">
    <ele>39.2</ele>
    <time>2026-04-27T01:34:32Z</time>
   </trkpt>
   <trkpt lat="37.7702680" lon="-122.4950570">
    <ele>39.2</ele>
    <time>2026-04-27T01:34:33Z</time>
   </trkpt>
   <trkpt lat="37.7702530" lon="-122.4951070">
    <ele>39.1</ele>
    <time>2026-04-27T01:34:34Z</time>
   </trkpt>
   <trkpt lat="37.7702400" lon="-122.4951570">
    <ele>39.0</ele>
    <time>2026-04-27T01:34:35Z</time>
   </trkpt>
   <trkpt lat="37.7702340" lon="-122.4951740">
    <ele>39.0</ele>
    <time>2026-04-27T01:34:36Z</time>
   </trkpt>
   <trkpt lat="37.7702400" lon="-122.4952080">
    <ele>38.9</ele>
    <time>2026-04-27T01:34:37Z</time>
   </trkpt>
   <trkpt lat="37.7702100" lon="-122.4952530">
    <ele>38.8</ele>
    <time>2026-04-27T01:34:38Z</time>
   </trkpt>
   <trkpt lat="37.7701940" lon="-122.4952710">
    <ele>38.7</ele>
    <time>2026-04-27T01:34:39Z</time>
   </trkpt>
   <trkpt lat="37.7701790" lon="-122.4953020">
    <ele>38.6</ele>
    <time>2026-04-27T01:34:40Z</time>
   </trkpt>
   <trkpt lat="37.7701500" lon="-122.4953400">
    <ele>38.5</ele>
    <time>2026-04-27T01:34:41Z</time>
   </trkpt>
   <trkpt lat="37.7701290" lon="-122.4953770">
    <ele>38.5</ele>
    <time>2026-04-27T01:34:42Z</time>
   </trkpt>
   <trkpt lat="37.7701110" lon="-122.4954080">
    <ele>38.4</ele>
    <time>2026-04-27T01:34:43Z</time>
   </trkpt>
   <trkpt lat="37.7700870" lon="-122.4954380">
    <ele>38.4</ele>
    <time>2026-04-27T01:34:44Z</time>
   </trkpt>
   <trkpt lat="37.7700770" lon="-122.4954490">
    <ele>38.4</ele>
    <time>2026-04-27T01:34:45Z</time>
   </trkpt>
   <trkpt lat="37.7700650" lon="-122.4954740">
    <ele>38.3</ele>
    <time>2026-04-27T01:34:46Z</time>
   </trkpt>
   <trkpt lat="37.7700260" lon="-122.4955060">
    <ele>38.1</ele>
    <time>2026-04-27T01:34:47Z</time>
   </trkpt>
   <trkpt lat="37.7699980" lon="-122.4955090">
    <ele>38.0</ele>
    <time>2026-04-27T01:34:48Z</time>
   </trkpt>
   <trkpt lat="37.7699670" lon="-122.4955380">
    <ele>37.8</ele>
    <time>2026-04-27T01:34:49Z</time>
   </trkpt>
   <trkpt lat="37.7699400" lon="-122.4955600">
    <ele>37.6</ele>
    <time>2026-04-27T01:34:50Z</time>
   </trkpt>
   <trkpt lat="37.7699100" lon="-122.4955660">
    <ele>37.5</ele>
    <time>2026-04-27T01:34:51Z</time>
   </trkpt>
   <trkpt lat="37.7698720" lon="-122.4955700">
    <ele>37.3</ele>
    <time>2026-04-27T01:34:52Z</time>
   </trkpt>
   <trkpt lat="37.7698450" lon="-122.4955780">
    <ele>37.1</ele>
    <time>2026-04-27T01:34:53Z</time>
   </trkpt>
   <trkpt lat="37.7698020" lon="-122.4956040">
    <ele>36.8</ele>
    <time>2026-04-27T01:34:54Z</time>
   </trkpt>
   <trkpt lat="37.7697750" lon="-122.4956130">
    <ele>36.6</ele>
    <time>2026-04-27T01:34:55Z</time>
   </trkpt>
   <trkpt lat="37.7697480" lon="-122.4956360">
    <ele>36.4</ele>
    <time>2026-04-27T01:34:56Z</time>
   </trkpt>
   <trkpt lat="37.7697020" lon="-122.4956630">
    <ele>36.1</ele>
    <time>2026-04-27T01:34:57Z</time>
   </trkpt>
   <trkpt lat="37.7696850" lon="-122.4957050">
    <ele>35.9</ele>
    <time>2026-04-27T01:34:58Z</time>
   </trkpt>
   <trkpt lat="37.7696660" lon="-122.4957400">
    <ele>35.8</ele>
    <time>2026-04-27T01:34:59Z</time>
   </trkpt>
   <trkpt lat="37.7696360" lon="-122.4957570">
    <ele>35.6</ele>
    <time>2026-04-27T01:35:00Z</time>
   </trkpt>
   <trkpt lat="37.7696120" lon="-122.4957750">
    <ele>35.4</ele>
    <time>2026-04-27T01:35:01Z</time>
   </trkpt>
   <trkpt lat="37.7695700" lon="-122.4957870">
    <ele>35.3</ele>
    <time>2026-04-27T01:35:02Z</time>
   </trkpt>
   <trkpt lat="37.7695700" lon="-122.4958070">
    <ele>35.2</ele>
    <time>2026-04-27T01:35:03Z</time>
   </trkpt>
   <trkpt lat="37.7695550" lon="-122.4958280">
    <ele>35.1</ele>
    <time>2026-04-27T01:35:04Z</time>
   </trkpt>
   <trkpt lat="37.7695260" lon="-122.4958870">
    <ele>35.0</ele>
    <time>2026-04-27T01:35:05Z</time>
   </trkpt>
   <trkpt lat="37.7694950" lon="-122.4959050">
    <ele>34.8</ele>
    <time>2026-04-27T01:35:06Z</time>
   </trkpt>
   <trkpt lat="37.7694850" lon="-122.4959520">
    <ele>34.7</ele>
    <time>2026-04-27T01:35:07Z</time>
   </trkpt>
   <trkpt lat="37.7694660" lon="-122.4959930">
    <ele>34.6</ele>
    <time>2026-04-27T01:35:08Z</time>
   </trkpt>
   <trkpt lat="37.7694630" lon="-122.4960440">
    <ele>34.4</ele>
    <time>2026-04-27T01:35:09Z</time>
   </trkpt>
   <trkpt lat="37.7694580" lon="-122.4960610">
    <ele>34.4</ele>
    <time>2026-04-27T01:35:10Z</time>
   </trkpt>
   <trkpt lat="37.7694510" lon="-122.4960950">
    <ele>34.3</ele>
    <time>2026-04-27T01:35:11Z</time>
   </trkpt>
   <trkpt lat="37.7694410" lon="-122.4961270">
    <ele>34.2</ele>
    <time>2026-04-27T01:35:12Z</time>
   </trkpt>
   <trkpt lat="37.7694370" lon="-122.4961820">
    <ele>34.1</ele>
    <time>2026-04-27T01:35:13Z</time>
   </trkpt>
   <trkpt lat="37.7694390" lon="-122.4962070">
    <ele>34.0</ele>
    <time>2026-04-27T01:35:14Z</time>
   </trkpt>
   <trkpt lat="37.7694240" lon="-122.4962450">
    <ele>33.9</ele>
    <time>2026-04-27T01:35:15Z</time>
   </trkpt>
   <trkpt lat="37.7694120" lon="-122.4962920">
    <ele>33.8</ele>
    <time>2026-04-27T01:35:16Z</time>
   </trkpt>
   <trkpt lat="37.7694040" lon="-122.4963290">
    <ele>33.7</ele>
    <time>2026-04-27T01:35:17Z</time>
   </trkpt>
   <trkpt lat="37.7693880" lon="-122.4963740">
    <ele>33.6</ele>
    <time>2026-04-27T01:35:18Z</time>
   </trkpt>
   <trkpt lat="37.7693720" lon="-122.4964150">
    <ele>33.6</ele>
    <time>2026-04-27T01:35:19Z</time>
   </trkpt>
   <trkpt lat="37.7693650" lon="-122.4964730">
    <ele>33.4</ele>
    <time>2026-04-27T01:35:20Z</time>
   </trkpt>
   <trkpt lat="37.7693570" lon="-122.4965000">
    <ele>33.4</ele>
    <time>2026-04-27T01:35:21Z</time>
   </trkpt>
   <trkpt lat="37.7693390" lon="-122.4965410">
    <ele>33.3</ele>
    <time>2026-04-27T01:35:22Z</time>
   </trkpt>
   <trkpt lat="37.7693300" lon="-122.4965670">
    <ele>33.3</ele>
    <time>2026-04-27T01:35:23Z</time>
   </trkpt>
   <trkpt lat="37.7693160" lon="-122.4966070">
    <ele>33.2</ele>
    <time>2026-04-27T01:35:24Z</time>
   </trkpt>
   <trkpt lat="37.7692910" lon="-122.4966480">
    <ele>33.1</ele>
    <time>2026-04-27T01:35:25Z</time>
   </trkpt>
   <trkpt lat="37.7693000" lon="-122.4967330">
    <ele>33.0</ele>
    <time>2026-04-27T01:35:26Z</time>
   </trkpt>
   <trkpt lat="37.7693050" lon="-122.4967810">
    <ele>32.9</ele>
    <time>2026-04-27T01:35:27Z</time>
   </trkpt>
   <trkpt lat="37.7692930" lon="-122.4968130">
    <ele>32.9</ele>
    <time>2026-04-27T01:35:28Z</time>
   </trkpt>
   <trkpt lat="37.7692780" lon="-122.4968550">
    <ele>32.8</ele>
    <time>2026-04-27T01:35:29Z</time>
   </trkpt>
   <trkpt lat="37.7692690" lon="-122.4969000">
    <ele>32.7</ele>
    <time>2026-04-27T01:35:30Z</time>
   </trkpt>
   <trkpt lat="37.7692560" lon="-122.4969380">
    <ele>32.7</ele>
    <time>2026-04-27T01:35:31Z</time>
   </trkpt>
   <trkpt lat="37.7692570" lon="-122.4970100">
    <ele>32.6</ele>
    <time>2026-04-27T01:35:32Z</time>
   </trkpt>
   <trkpt lat="37.7692480" lon="-122.4970470">
    <ele>32.5</ele>
    <time>2026-04-27T01:35:33Z</time>
   </trkpt>
   <trkpt lat="37.7692480" lon="-122.4970670">
    <ele>32.5</ele>
    <time>2026-04-27T01:35:34Z</time>
   </trkpt>
   <trkpt lat="37.7692280" lon="-122.4971020">
    <ele>32.4</ele>
    <time>2026-04-27T01:35:35Z</time>
   </trkpt>
   <trkpt lat="37.7692240" lon="-122.4971310">
    <ele>32.4</ele>
    <time>2026-04-27T01:35:36Z</time>
   </trkpt>
   <trkpt lat="37.7692010" lon="-122.4971570">
    <ele>32.3</ele>
    <time>2026-04-27T01:35:37Z</time>
   </trkpt>
   <trkpt lat="37.7692000" lon="-122.4971990">
    <ele>32.3</ele>
    <time>2026-04-27T01:35:38Z</time>
   </trkpt>
   <trkpt lat="37.7691980" lon="-122.4972470">
    <ele>32.2</ele>
    <time>2026-04-27T01:35:39Z</time>
   </trkpt>
   <trkpt lat="37.7691800" lon="-122.4972830">
    <ele>32.2</ele>
    <time>2026-04-27T01:35:40Z</time>
   </trkpt>
   <trkpt lat="37.7691880" lon="-122.4973300">
    <ele>32.1</ele>
    <time>2026-04-27T01:35:41Z</time>
   </trkpt>
   <trkpt lat="37.7691860" lon="-122.4973830">
    <ele>32.1</ele>
    <time>2026-04-27T01:35:42Z</time>
   </trkpt>
   <trkpt lat="37.7691830" lon="-122.4974210">
    <ele>32.0</ele>
    <time>2026-04-27T01:35:43Z</time>
   </trkpt>
   <trkpt lat="37.7691620" lon="-122.4974480">
    <ele>32.0</ele>
    <time>2026-04-27T01:35:44Z</time>
   </trkpt>
   <trkpt lat="37.7691430" lon="-122.4974800">
    <ele>32.0</ele>
    <time>2026-04-27T01:35:45Z</time>
   </trkpt>
   <trkpt lat="37.7691230" lon="-122.4975220">
    <ele>31.9</ele>
    <time>2026-04-27T01:35:46Z</time>
   </trkpt>
   <trkpt lat="37.7691160" lon="-122.4975360">
    <ele>31.9</ele>
    <time>2026-04-27T01:35:47Z</time>
   </trkpt>
   <trkpt lat="37.7690890" lon="-122.4975790">
    <ele>31.8</ele>
    <time>2026-04-27T01:35:48Z</time>
   </trkpt>
   <trkpt lat="37.7690940" lon="-122.4976360">
    <ele>31.8</ele>
    <time>2026-04-27T01:35:49Z</time>
   </trkpt>
   <trkpt lat="37.7690870" lon="-122.4976710">
    <ele>31.7</ele>
    <time>2026-04-27T01:35:50Z</time>
   </trkpt>
   <trkpt lat="37.7690770" lon="-122.4977110">
    <ele>31.7</ele>
    <time>2026-04-27T01:35:51Z</time>
   </trkpt>
   <trkpt lat="37.7690740" lon="-122.4977260">
    <ele>31.6</ele>
    <time>2026-04-27T01:35:52Z</time>
   </trkpt>
   <trkpt lat="37.7690540" lon="-122.4977850">
    <ele>31.6</ele>
    <time>2026-04-27T01:35:53Z</time>
   </trkpt>
   <trkpt lat="37.7690500" lon="-122.4978250">
    <ele>31.5</ele>
    <time>2026-04-27T01:35:54Z</time>
   </trkpt>
   <trkpt lat="37.7690370" lon="-122.4978790">
    <ele>31.4</ele>
    <time>2026-04-27T01:35:55Z</time>
   </trkpt>
   <trkpt lat="37.7690260" lon="-122.4979010">
    <ele>31.4</ele>
    <time>2026-04-27T01:35:56Z</time>
   </trkpt>
   <trkpt lat="37.7690080" lon="-122.4979400">
    <ele>31.3</ele>
    <time>2026-04-27T01:35:57Z</time>
   </trkpt>
   <trkpt lat="37.7689980" lon="-122.4979810">
    <ele>31.3</ele>
    <time>2026-04-27T01:35:58Z</time>
   </trkpt>
   <trkpt lat="37.7689950" lon="-122.4979940">
    <ele>31.2</ele>
    <time>2026-04-27T01:35:59Z</time>
   </trkpt>
   <trkpt lat="37.7689940" lon="-122.4980320">
    <ele>31.2</ele>
    <time>2026-04-27T01:36:00Z</time>
   </trkpt>
   <trkpt lat="37.7689730" lon="-122.4980730">
    <ele>31.1</ele>
    <time>2026-04-27T01:36:01Z</time>
   </trkpt>
   <trkpt lat="37.7689640" lon="-122.4981200">
    <ele>31.0</ele>
    <time>2026-04-27T01:36:02Z</time>
   </trkpt>
   <trkpt lat="37.7689550" lon="-122.4981650">
    <ele>30.9</ele>
    <time>2026-04-27T01:36:03Z</time>
   </trkpt>
   <trkpt lat="37.7689510" lon="-122.4981870">
    <ele>30.9</ele>
    <time>2026-04-27T01:36:04Z</time>
   </trkpt>
   <trkpt lat="37.7689270" lon="-122.4982120">
    <ele>30.9</ele>
    <time>2026-04-27T01:36:05Z</time>
   </trkpt>
   <trkpt lat="37.7689180" lon="-122.4982580">
    <ele>30.8</ele>
    <time>2026-04-27T01:36:06Z</time>
   </trkpt>
   <trkpt lat="37.7689100" lon="-122.4982780">
    <ele>30.8</ele>
    <time>2026-04-27T01:36:07Z</time>
   </trkpt>
   <trkpt lat="37.7689080" lon="-122.4983220">
    <ele>30.7</ele>
    <time>2026-04-27T01:36:08Z</time>
   </trkpt>
   <trkpt lat="37.7689010" lon="-122.4983620">
    <ele>30.6</ele>
    <time>2026-04-27T01:36:09Z</time>
   </trkpt>
   <trkpt lat="37.7688940" lon="-122.4984020">
    <ele>30.6</ele>
    <time>2026-04-27T01:36:10Z</time>
   </trkpt>
   <trkpt lat="37.7689010" lon="-122.4984470">
    <ele>30.6</ele>
    <time>2026-04-27T01:36:11Z</time>
   </trkpt>
   <trkpt lat="37.7688900" lon="-122.4984830">
    <ele>30.5</ele>
    <time>2026-04-27T01:36:12Z</time>
   </trkpt>
   <trkpt lat="37.7688690" lon="-122.4985220">
    <ele>30.5</ele>
    <time>2026-04-27T01:36:13Z</time>
   </trkpt>
   <trkpt lat="37.7688590" lon="-122.4985680">
    <ele>30.5</ele>
    <time>2026-04-27T01:36:14Z</time>
   </trkpt>
   <trkpt lat="37.7688620" lon="-122.4985880">
    <ele>30.5</ele>
    <time>2026-04-27T01:36:15Z</time>
   </trkpt>
   <trkpt lat="37.7688400" lon="-122.4986370">
    <ele>30.5</ele>
    <time>2026-04-27T01:36:16Z</time>
   </trkpt>
   <trkpt lat="37.7688220" lon="-122.4986800">
    <ele>30.5</ele>
    <time>2026-04-27T01:36:17Z</time>
   </trkpt>
   <trkpt lat="37.7688090" lon="-122.4987000">
    <ele>30.5</ele>
    <time>2026-04-27T01:36:18Z</time>
   </trkpt>
   <trkpt lat="37.7688100" lon="-122.4987490">
    <ele>30.6</ele>
    <time>2026-04-27T01:36:19Z</time>
   </trkpt>
   <trkpt lat="37.7688320" lon="-122.4987780">
    <ele>30.6</ele>
    <time>2026-04-27T01:36:20Z</time>
   </trkpt>
   <trkpt lat="37.7688210" lon="-122.4988320">
    <ele>30.7</ele>
    <time>2026-04-27T01:36:21Z</time>
   </trkpt>
   <trkpt lat="37.7688150" lon="-122.4988580">
    <ele>30.7</ele>
    <time>2026-04-27T01:36:22Z</time>
   </trkpt>
   <trkpt lat="37.7688030" lon="-122.4989010">
    <ele>30.8</ele>
    <time>2026-04-27T01:36:23Z</time>
   </trkpt>
   <trkpt lat="37.7687910" lon="-122.4989450">
    <ele>30.8</ele>
    <time>2026-04-27T01:36:24Z</time>
   </trkpt>
   <trkpt lat="37.7687810" lon="-122.4989820">
    <ele>30.9</ele>
    <time>2026-04-27T01:36:25Z</time>
   </trkpt>
   <trkpt lat="37.7687590" lon="-122.4990150">
    <ele>30.9</ele>
    <time>2026-04-27T01:36:27Z</time>
   </trkpt>
   <trkpt lat="37.7687560" lon="-122.4990470">
    <ele>30.9</ele>
    <time>2026-04-27T01:36:28Z</time>
   </trkpt>
   <trkpt lat="37.7687410" lon="-122.4991530">
    <ele>30.9</ele>
    <time>2026-04-27T01:36:30Z</time>
   </trkpt>
   <trkpt lat="37.7687300" lon="-122.4991780">
    <ele>30.9</ele>
    <time>2026-04-27T01:36:31Z</time>
   </trkpt>
   <trkpt lat="37.7687060" lon="-122.4992450">
    <ele>30.9</ele>
    <time>2026-04-27T01:36:33Z</time>
   </trkpt>
   <trkpt lat="37.7686930" lon="-122.4992910">
    <ele>30.8</ele>
    <time>2026-04-27T01:36:34Z</time>
   </trkpt>
   <trkpt lat="37.7686800" lon="-122.4993710">
    <ele>30.8</ele>
    <time>2026-04-27T01:36:36Z</time>
   </trkpt>
   <trkpt lat="37.7686690" lon="-122.4994150">
    <ele>30.7</ele>
    <time>2026-04-27T01:36:37Z</time>
   </trkpt>
   <trkpt lat="37.7686590" lon="-122.4994600">
    <ele>30.7</ele>
    <time>2026-04-27T01:36:38Z</time>
   </trkpt>
   <trkpt lat="37.7686540" lon="-122.4994730">
    <ele>30.7</ele>
    <time>2026-04-27T01:36:39Z</time>
   </trkpt>
   <trkpt lat="37.7686440" lon="-122.4995050">
    <ele>30.6</ele>
    <time>2026-04-27T01:36:40Z</time>
   </trkpt>
   <trkpt lat="37.7686240" lon="-122.4995570">
    <ele>30.6</ele>
    <time>2026-04-27T01:36:41Z</time>
   </trkpt>
   <trkpt lat="37.7686140" lon="-122.4995770">
    <ele>30.5</ele>
    <time>2026-04-27T01:36:42Z</time>
   </trkpt>
   <trkpt lat="37.7686080" lon="-122.4996280">
    <ele>30.4</ele>
    <time>2026-04-27T01:36:43Z</time>
   </trkpt>
   <trkpt lat="37.7686040" lon="-122.4996480">
    <ele>30.4</ele>
    <time>2026-04-27T01:36:44Z</time>
   </trkpt>
   <trkpt lat="37.7685890" lon="-122.4996990">
    <ele>30.3</ele>
    <time>2026-04-27T01:36:45Z</time>
   </trkpt>
   <trkpt lat="37.7685720" lon="-122.4997290">
    <ele>30.2</ele>
    <time>2026-04-27T01:36:46Z</time>
   </trkpt>
   <trkpt lat="37.7685610" lon="-122.4997660">
    <ele>30.1</ele>
    <time>2026-04-27T01:36:47Z</time>
   </trkpt>
   <trkpt lat="37.7685370" lon="-122.4998030">
    <ele>29.9</ele>
    <time>2026-04-27T01:36:48Z</time>
   </trkpt>
   <trkpt lat="37.7685170" lon="-122.4998340">
    <ele>29.8</ele>
    <time>2026-04-27T01:36:49Z</time>
   </trkpt>
   <trkpt lat="37.7685040" lon="-122.4998770">
    <ele>29.6</ele>
    <time>2026-04-27T01:36:50Z</time>
   </trkpt>
   <trkpt lat="37.7684830" lon="-122.4999040">
    <ele>29.5</ele>
    <time>2026-04-27T01:36:51Z</time>
   </trkpt>
   <trkpt lat="37.7684760" lon="-122.4999210">
    <ele>29.4</ele>
    <time>2026-04-27T01:36:52Z</time>
   </trkpt>
   <trkpt lat="37.7684550" lon="-122.4999520">
    <ele>29.2</ele>
    <time>2026-04-27T01:36:53Z</time>
   </trkpt>
   <trkpt lat="37.7684490" lon="-122.4999670">
    <ele>29.2</ele>
    <time>2026-04-27T01:36:54Z</time>
   </trkpt>
   <trkpt lat="37.7684380" lon="-122.5000220">
    <ele>29.0</ele>
    <time>2026-04-27T01:36:55Z</time>
   </trkpt>
   <trkpt lat="37.7684100" lon="-122.5000690">
    <ele>28.8</ele>
    <time>2026-04-27T01:36:56Z</time>
   </trkpt>
   <trkpt lat="37.7683790" lon="-122.5001100">
    <ele>28.5</ele>
    <time>2026-04-27T01:36:57Z</time>
   </trkpt>
   <trkpt lat="37.7683630" lon="-122.5001720">
    <ele>28.3</ele>
    <time>2026-04-27T01:36:58Z</time>
   </trkpt>
   <trkpt lat="37.7683540" lon="-122.5002090">
    <ele>28.2</ele>
    <time>2026-04-27T01:36:59Z</time>
   </trkpt>
   <trkpt lat="37.7683340" lon="-122.5002370">
    <ele>28.0</ele>
    <time>2026-04-27T01:37:00Z</time>
   </trkpt>
   <trkpt lat="37.7683320" lon="-122.5003130">
    <ele>27.8</ele>
    <time>2026-04-27T01:37:01Z</time>
   </trkpt>
   <trkpt lat="37.7683220" lon="-122.5003490">
    <ele>27.7</ele>
    <time>2026-04-27T01:37:02Z</time>
   </trkpt>
   <trkpt lat="37.7682870" lon="-122.5003750">
    <ele>27.6</ele>
    <time>2026-04-27T01:37:03Z</time>
   </trkpt>
   <trkpt lat="37.7682720" lon="-122.5003880">
    <ele>27.6</ele>
    <time>2026-04-27T01:37:04Z</time>
   </trkpt>
   <trkpt lat="37.7682720" lon="-122.5004240">
    <ele>27.5</ele>
    <time>2026-04-27T01:37:05Z</time>
   </trkpt>
   <trkpt lat="37.7682550" lon="-122.5004650">
    <ele>27.5</ele>
    <time>2026-04-27T01:37:06Z</time>
   </trkpt>
   <trkpt lat="37.7682390" lon="-122.5005050">
    <ele>27.4</ele>
    <time>2026-04-27T01:37:07Z</time>
   </trkpt>
   <trkpt lat="37.7682310" lon="-122.5005420">
    <ele>27.3</ele>
    <time>2026-04-27T01:37:08Z</time>
   </trkpt>
   <trkpt lat="37.7682230" lon="-122.5005560">
    <ele>27.3</ele>
    <time>2026-04-27T01:37:09Z</time>
   </trkpt>
   <trkpt lat="37.7682040" lon="-122.5006020">
    <ele>27.2</ele>
    <time>2026-04-27T01:37:10Z</time>
   </trkpt>
   <trkpt lat="37.7681820" lon="-122.5006300">
    <ele>27.2</ele>
    <time>2026-04-27T01:37:11Z</time>
   </trkpt>
   <trkpt lat="37.7681690" lon="-122.5006650">
    <ele>27.1</ele>
    <time>2026-04-27T01:37:12Z</time>
   </trkpt>
   <trkpt lat="37.7681480" lon="-122.5007290">
    <ele>27.0</ele>
    <time>2026-04-27T01:37:13Z</time>
   </trkpt>
   <trkpt lat="37.7681360" lon="-122.5007760">
    <ele>26.9</ele>
    <time>2026-04-27T01:37:14Z</time>
   </trkpt>
   <trkpt lat="37.7681320" lon="-122.5008180">
    <ele>26.8</ele>
    <time>2026-04-27T01:37:15Z</time>
   </trkpt>
   <trkpt lat="37.7681230" lon="-122.5008680">
    <ele>26.6</ele>
    <time>2026-04-27T01:37:16Z</time>
   </trkpt>
   <trkpt lat="37.7681140" lon="-122.5008890">
    <ele>26.6</ele>
    <time>2026-04-27T01:37:17Z</time>
   </trkpt>
   <trkpt lat="37.7681130" lon="-122.5009200">
    <ele>26.6</ele>
    <time>2026-04-27T01:37:18Z</time>
   </trkpt>
   <trkpt lat="37.7681040" lon="-122.5009360">
    <ele>26.6</ele>
    <time>2026-04-27T01:37:19Z</time>
   </trkpt>
   <trkpt lat="37.7680690" lon="-122.5009700">
    <ele>26.6</ele>
    <time>2026-04-27T01:37:20Z</time>
   </trkpt>
   <trkpt lat="37.7680450" lon="-122.5009940">
    <ele>26.5</ele>
    <time>2026-04-27T01:37:21Z</time>
   </trkpt>
   <trkpt lat="37.7680510" lon="-122.5010590">
    <ele>26.5</ele>
    <time>2026-04-27T01:37:22Z</time>
   </trkpt>
   <trkpt lat="37.7680380" lon="-122.5010950">
    <ele>26.5</ele>
    <time>2026-04-27T01:37:23Z</time>
   </trkpt>
   <trkpt lat="37.7680040" lon="-122.5010980">
    <ele>26.5</ele>
    <time>2026-04-27T01:37:24Z</time>
   </trkpt>
   <trkpt lat="37.7679970" lon="-122.5011500">
    <ele>26.4</ele>
    <time>2026-04-27T01:37:25Z</time>
   </trkpt>
   <trkpt lat="37.7679870" lon="-122.5011830">
    <ele>26.4</ele>
    <time>2026-04-27T01:37:26Z</time>
   </trkpt>
   <trkpt lat="37.7679760" lon="-122.5012380">
    <ele>26.3</ele>
    <time>2026-04-27T01:37:27Z</time>
   </trkpt>
   <trkpt lat="37.7679580" lon="-122.5012650">
    <ele>26.3</ele>
    <time>2026-04-27T01:37:28Z</time>
   </trkpt>
   <trkpt lat="37.7679430" lon="-122.5013010">
    <ele>26.2</ele>
    <time>2026-04-27T01:37:29Z</time>
   </trkpt>
   <trkpt lat="37.7679160" lon="-122.5013340">
    <ele>26.2</ele>
    <time>2026-04-27T01:37:30Z</time>
   </trkpt>
   <trkpt lat="37.7679130" lon="-122.5013710">
    <ele>26.1</ele>
    <time>2026-04-27T01:37:31Z</time>
   </trkpt>
   <trkpt lat="37.7679100" lon="-122.5014250">
    <ele>26.1</ele>
    <time>2026-04-27T01:37:32Z</time>
   </trkpt>
   <trkpt lat="37.7679060" lon="-122.5014450">
    <ele>26.0</ele>
    <time>2026-04-27T01:37:33Z</time>
   </trkpt>
   <trkpt lat="37.7678840" lon="-122.5014920">
    <ele>26.0</ele>
    <time>2026-04-27T01:37:34Z</time>
   </trkpt>
   <trkpt lat="37.7678760" lon="-122.5015420">
    <ele>25.9</ele>
    <time>2026-04-27T01:37:35Z</time>
   </trkpt>
   <trkpt lat="37.7678460" lon="-122.5015660">
    <ele>25.8</ele>
    <time>2026-04-27T01:37:36Z</time>
   </trkpt>
   <trkpt lat="37.7678120" lon="-122.5015990">
    <ele>25.8</ele>
    <time>2026-04-27T01:37:37Z</time>
   </trkpt>
   <trkpt lat="37.7677970" lon="-122.5016190">
    <ele>25.8</ele>
    <time>2026-04-27T01:37:38Z</time>
   </trkpt>
   <trkpt lat="37.7678000" lon="-122.5016730">
    <ele>25.7</ele>
    <time>2026-04-27T01:37:39Z</time>
   </trkpt>
   <trkpt lat="37.7677950" lon="-122.5017250">
    <ele>25.6</ele>
    <time>2026-04-27T01:37:40Z</time>
   </trkpt>
   <trkpt lat="37.7677880" lon="-122.5017650">
    <ele>25.6</ele>
    <time>2026-04-27T01:37:41Z</time>
   </trkpt>
   <trkpt lat="37.7677810" lon="-122.5018170">
    <ele>25.5</ele>
    <time>2026-04-27T01:37:42Z</time>
   </trkpt>
   <trkpt lat="37.7677800" lon="-122.5018360">
    <ele>25.5</ele>
    <time>2026-04-27T01:37:43Z</time>
   </trkpt>
   <trkpt lat="37.7677610" lon="-122.5018700">
    <ele>25.5</ele>
    <time>2026-04-27T01:37:44Z</time>
   </trkpt>
   <trkpt lat="37.7677510" lon="-122.5018760">
    <ele>25.5</ele>
    <time>2026-04-27T01:37:45Z</time>
   </trkpt>
   <trkpt lat="37.7677420" lon="-122.5019170">
    <ele>25.5</ele>
    <time>2026-04-27T01:37:46Z</time>
   </trkpt>
   <trkpt lat="37.7677400" lon="-122.5019660">
    <ele>25.4</ele>
    <time>2026-04-27T01:37:47Z</time>
   </trkpt>
   <trkpt lat="37.7677310" lon="-122.5020040">
    <ele>25.4</ele>
    <time>2026-04-27T01:37:48Z</time>
   </trkpt>
   <trkpt lat="37.7677080" lon="-122.5020390">
    <ele>25.4</ele>
    <time>2026-04-27T01:37:49Z</time>
   </trkpt>
   <trkpt lat="37.7677000" lon="-122.5020750">
    <ele>25.4</ele>
    <time>2026-04-27T01:37:50Z</time>
   </trkpt>
   <trkpt lat="37.7676840" lon="-122.5021300">
    <ele>25.4</ele>
    <time>2026-04-27T01:37:51Z</time>
   </trkpt>
   <trkpt lat="37.7676650" lon="-122.5021560">
    <ele>25.4</ele>
    <time>2026-04-27T01:37:52Z</time>
   </trkpt>
   <trkpt lat="37.7676570" lon="-122.5022020">
    <ele>25.4</ele>
    <time>2026-04-27T01:37:53Z</time>
   </trkpt>
   <trkpt lat="37.7676510" lon="-122.5022290">
    <ele>25.4</ele>
    <time>2026-04-27T01:37:54Z</time>
   </trkpt>
   <trkpt lat="37.7676390" lon="-122.5022660">
    <ele>25.4</ele>
    <time>2026-04-27T01:37:55Z</time>
   </trkpt>
   <trkpt lat="37.7676160" lon="-122.5023140">
    <ele>25.5</ele>
    <time>2026-04-27T01:37:56Z</time>
   </trkpt>
   <trkpt lat="37.7676080" lon="-122.5023340">
    <ele>25.5</ele>
    <time>2026-04-27T01:37:57Z</time>
   </trkpt>
   <trkpt lat="37.7675950" lon="-122.5023820">
    <ele>25.5</ele>
    <time>2026-04-27T01:37:58Z</time>
   </trkpt>
   <trkpt lat="37.7675860" lon="-122.5024010">
    <ele>25.6</ele>
    <time>2026-04-27T01:37:59Z</time>
   </trkpt>
   <trkpt lat="37.7675760" lon="-122.5024360">
    <ele>25.6</ele>
    <time>2026-04-27T01:38:00Z</time>
   </trkpt>
   <trkpt lat="37.7675690" lon="-122.5024850">
    <ele>25.7</ele>
    <time>2026-04-27T01:38:01Z</time>
   </trkpt>
   <trkpt lat="37.7675640" lon="-122.5025160">
    <ele>25.7</ele>
    <time>2026-04-27T01:38:02Z</time>
   </trkpt>
   <trkpt lat="37.7675430" lon="-122.5025490">
    <ele>25.8</ele>
    <time>2026-04-27T01:38:03Z</time>
   </trkpt>
   <trkpt lat="37.7675310" lon="-122.5025590">
    <ele>25.8</ele>
    <time>2026-04-27T01:38:04Z</time>
   </trkpt>
   <trkpt lat="37.7675180" lon="-122.5025950">
    <ele>25.8</ele>
    <time>2026-04-27T01:38:05Z</time>
   </trkpt>
   <trkpt lat="37.7675200" lon="-122.5026460">
    <ele>25.9</ele>
    <time>2026-04-27T01:38:06Z</time>
   </trkpt>
   <trkpt lat="37.7675080" lon="-122.5026850">
    <ele>25.9</ele>
    <time>2026-04-27T01:38:07Z</time>
   </trkpt>
   <trkpt lat="37.7674920" lon="-122.5027200">
    <ele>26.0</ele>
    <time>2026-04-27T01:38:08Z</time>
   </trkpt>
   <trkpt lat="37.7674820" lon="-122.5027540">
    <ele>26.0</ele>
    <time>2026-04-27T01:38:09Z</time>
   </trkpt>
   <trkpt lat="37.7674620" lon="-122.5027910">
    <ele>26.0</ele>
    <time>2026-04-27T01:38:10Z</time>
   </trkpt>
   <trkpt lat="37.7674620" lon="-122.5028390">
    <ele>26.1</ele>
    <time>2026-04-27T01:38:11Z</time>
   </trkpt>
   <trkpt lat="37.7674420" lon="-122.5028700">
    <ele>26.1</ele>
    <time>2026-04-27T01:38:12Z</time>
   </trkpt>
   <trkpt lat="37.7674310" lon="-122.5029060">
    <ele>26.1</ele>
    <time>2026-04-27T01:38:13Z</time>
   </trkpt>
   <trkpt lat="37.7674230" lon="-122.5029630">
    <ele>26.1</ele>
    <time>2026-04-27T01:38:14Z</time>
   </trkpt>
   <trkpt lat="37.7674250" lon="-122.5029930">
    <ele>26.1</ele>
    <time>2026-04-27T01:38:15Z</time>
   </trkpt>
   <trkpt lat="37.7674190" lon="-122.5030290">
    <ele>26.1</ele>
    <time>2026-04-27T01:38:16Z</time>
   </trkpt>
   <trkpt lat="37.7673920" lon="-122.5030500">
    <ele>26.0</ele>
    <time>2026-04-27T01:38:17Z</time>
   </trkpt>
   <trkpt lat="37.7673830" lon="-122.5031090">
    <ele>26.0</ele>
    <time>2026-04-27T01:38:18Z</time>
   </trkpt>
   <trkpt lat="37.7673830" lon="-122.5031530">
    <ele>26.0</ele>
    <time>2026-04-27T01:38:19Z</time>
   </trkpt>
   <trkpt lat="37.7673840" lon="-122.5031680">
    <ele>26.0</ele>
    <time>2026-04-27T01:38:20Z</time>
   </trkpt>
   <trkpt lat="37.7673730" lon="-122.5032180">
    <ele>25.9</ele>
    <time>2026-04-27T01:38:21Z</time>
   </trkpt>
   <trkpt lat="37.7673740" lon="-122.5032570">
    <ele>25.9</ele>
    <time>2026-04-27T01:38:22Z</time>
   </trkpt>
   <trkpt lat="37.7673440" lon="-122.5033020">
    <ele>25.8</ele>
    <time>2026-04-27T01:38:23Z</time>
   </trkpt>
   <trkpt lat="37.7673320" lon="-122.5033470">
    <ele>25.7</ele>
    <time>2026-04-27T01:38:24Z</time>
   </trkpt>
   <trkpt lat="37.7673300" lon="-122.5034090">
    <ele>25.6</ele>
    <time>2026-04-27T01:38:25Z</time>
   </trkpt>
   <trkpt lat="37.7673170" lon="-122.5034410">
    <ele>25.6</ele>
    <time>2026-04-27T01:38:26Z</time>
   </trkpt>
   <trkpt lat="37.7673120" lon="-122.5034770">
    <ele>25.5</ele>
    <time>2026-04-27T01:38:27Z</time>
   </trkpt>
   <trkpt lat="37.7673050" lon="-122.5035180">
    <ele>25.5</ele>
    <time>2026-04-27T01:38:29Z</time>
   </trkpt>
   <trkpt lat="37.7673130" lon="-122.5035570">
    <ele>25.4</ele>
    <time>2026-04-27T01:38:30Z</time>
   </trkpt>
   <trkpt lat="37.7673010" lon="-122.5036070">
    <ele>25.3</ele>
    <time>2026-04-27T01:38:31Z</time>
   </trkpt>
   <trkpt lat="37.7673040" lon="-122.5036570">
    <ele>25.2</ele>
    <time>2026-04-27T01:38:32Z</time>
   </trkpt>
   <trkpt lat="37.7672760" lon="-122.5037460">
    <ele>25.1</ele>
    <time>2026-04-27T01:38:33Z</time>
   </trkpt>
   <trkpt lat="37.7672540" lon="-122.5038260">
    <ele>25.0</ele>
    <time>2026-04-27T01:38:35Z</time>
   </trkpt>
   <trkpt lat="37.7672400" lon="-122.5038650">
    <ele>24.9</ele>
    <time>2026-04-27T01:38:36Z</time>
   </trkpt>
   <trkpt lat="37.7672070" lon="-122.5039110">
    <ele>24.9</ele>
    <time>2026-04-27T01:38:38Z</time>
   </trkpt>
   <trkpt lat="37.7672030" lon="-122.5039460">
    <ele>24.8</ele>
    <time>2026-04-27T01:38:39Z</time>
   </trkpt>
   <trkpt lat="37.7671930" lon="-122.5040050">
    <ele>24.8</ele>
    <time>2026-04-27T01:38:41Z</time>
   </trkpt>
   <trkpt lat="37.7671780" lon="-122.5040920">
    <ele>24.7</ele>
    <time>2026-04-27T01:38:42Z</time>
   </trkpt>
   <trkpt lat="37.7671620" lon="-122.5041370">
    <ele>24.7</ele>
    <time>2026-04-27T01:38:43Z</time>
   </trkpt>
   <trkpt lat="37.7671580" lon="-122.5041780">
    <ele>24.7</ele>
    <time>2026-04-27T01:38:44Z</time>
   </trkpt>
   <trkpt lat="37.7671520" lon="-122.5042350">
    <ele>24.6</ele>
    <time>2026-04-27T01:38:45Z</time>
   </trkpt>
   <trkpt lat="37.7671480" lon="-122.5042640">
    <ele>24.6</ele>
    <time>2026-04-27T01:38:46Z</time>
   </trkpt>
   <trkpt lat="37.7671420" lon="-122.5043230">
    <ele>24.6</ele>
    <time>2026-04-27T01:38:47Z</time>
   </trkpt>
   <trkpt lat="37.7671400" lon="-122.5043500">
    <ele>24.6</ele>
    <time>2026-04-27T01:38:48Z</time>
   </trkpt>
   <trkpt lat="37.7671370" lon="-122.5043940">
    <ele>24.6</ele>
    <time>2026-04-27T01:38:49Z</time>
   </trkpt>
   <trkpt lat="37.7671310" lon="-122.5044140">
    <ele>24.6</ele>
    <time>2026-04-27T01:38:50Z</time>
   </trkpt>
   <trkpt lat="37.7671140" lon="-122.5044660">
    <ele>24.7</ele>
    <time>2026-04-27T01:38:51Z</time>
   </trkpt>
   <trkpt lat="37.7671270" lon="-122.5045060">
    <ele>24.7</ele>
    <time>2026-04-27T01:38:52Z</time>
   </trkpt>
   <trkpt lat="37.7671140" lon="-122.5045420">
    <ele>24.7</ele>
    <time>2026-04-27T01:38:53Z</time>
   </trkpt>
   <trkpt lat="37.7671030" lon="-122.5045560">
    <ele>24.7</ele>
    <time>2026-04-27T01:38:54Z</time>
   </trkpt>
   <trkpt lat="37.7670980" lon="-122.5046150">
    <ele>24.8</ele>
    <time>2026-04-27T01:38:55Z</time>
   </trkpt>
   <trkpt lat="37.7670910" lon="-122.5046410">
    <ele>24.8</ele>
    <time>2026-04-27T01:38:56Z</time>
   </trkpt>
   <trkpt lat="37.7670940" lon="-122.5046850">
    <ele>24.8</ele>
    <time>2026-04-27T01:38:57Z</time>
   </trkpt>
   <trkpt lat="37.7670770" lon="-122.5047270">
    <ele>24.8</ele>
    <time>2026-04-27T01:38:58Z</time>
   </trkpt>
   <trkpt lat="37.7670670" lon="-122.5047640">
    <ele>24.8</ele>
    <time>2026-04-27T01:38:59Z</time>
   </trkpt>
   <trkpt lat="37.7670650" lon="-122.5048050">
    <ele>24.8</ele>
    <time>2026-04-27T01:39:00Z</time>
   </trkpt>
   <trkpt lat="37.7670630" lon="-122.5048230">
    <ele>24.8</ele>
    <time>2026-04-27T01:39:01Z</time>
   </trkpt>
   <trkpt lat="37.7670540" lon="-122.5048650">
    <ele>24.8</ele>
    <time>2026-04-27T01:39:02Z</time>
   </trkpt>
   <trkpt lat="37.7670420" lon="-122.5049060">
    <ele>24.8</ele>
    <time>2026-04-27T01:39:03Z</time>
   </trkpt>
   <trkpt lat="37.7670220" lon="-122.5049350">
    <ele>24.8</ele>
    <time>2026-04-27T01:39:04Z</time>
   </trkpt>
   <trkpt lat="37.7669980" lon="-122.5049690">
    <ele>24.8</ele>
    <time>2026-04-27T01:39:05Z</time>
   </trkpt>
   <trkpt lat="37.7670040" lon="-122.5050290">
    <ele>24.7</ele>
    <time>2026-04-27T01:39:06Z</time>
   </trkpt>
   <trkpt lat="37.7669940" lon="-122.5050640">
    <ele>24.7</ele>
    <time>2026-04-27T01:39:07Z</time>
   </trkpt>
   <trkpt lat="37.7669830" lon="-122.5051030">
    <ele>24.6</ele>
    <time>2026-04-27T01:39:08Z</time>
   </trkpt>
   <trkpt lat="37.7669650" lon="-122.5051390">
    <ele>24.6</ele>
    <time>2026-04-27T01:39:09Z</time>
   </trkpt>
   <trkpt lat="37.7669630" lon="-122.5051930">
    <ele>24.5</ele>
    <time>2026-04-27T01:39:10Z</time>
   </trkpt>
   <trkpt lat="37.7669650" lon="-122.5052200">
    <ele>24.4</ele>
    <time>2026-04-27T01:39:11Z</time>
   </trkpt>
   <trkpt lat="37.7669590" lon="-122.5052660">
    <ele>24.3</ele>
    <time>2026-04-27T01:39:12Z</time>
   </trkpt>
   <trkpt lat="37.7669550" lon="-122.5052840">
    <ele>24.3</ele>
    <time>2026-04-27T01:39:13Z</time>
   </trkpt>
   <trkpt lat="37.7669330" lon="-122.5053500">
    <ele>24.1</ele>
    <time>2026-04-27T01:39:14Z</time>
   </trkpt>
   <trkpt lat="37.7669190" lon="-122.5053830">
    <ele>24.0</ele>
    <time>2026-04-27T01:39:15Z</time>
   </trkpt>
   <trkpt lat="37.7669070" lon="-122.5054150">
    <ele>24.0</ele>
    <time>2026-04-27T01:39:16Z</time>
   </trkpt>
   <trkpt lat="37.7668990" lon="-122.5054300">
    <ele>23.9</ele>
    <time>2026-04-27T01:39:17Z</time>
   </trkpt>
   <trkpt lat="37.7669030" lon="-122.5054720">
    <ele>23.8</ele>
    <time>2026-04-27T01:39:18Z</time>
   </trkpt>
   <trkpt lat="37.7668830" lon="-122.5055140">
    <ele>23.7</ele>
    <time>2026-04-27T01:39:19Z</time>
   </trkpt>
   <trkpt lat="37.7668700" lon="-122.5055580">
    <ele>23.6</ele>
    <time>2026-04-27T01:39:20Z</time>
   </trkpt>
   <trkpt lat="37.7668620" lon="-122.5055770">
    <ele>23.5</ele>
    <time>2026-04-27T01:39:21Z</time>
   </trkpt>
   <trkpt lat="37.7668340" lon="-122.5056420">
    <ele>23.4</ele>
    <time>2026-04-27T01:39:22Z</time>
   </trkpt>
   <trkpt lat="37.7668240" lon="-122.5056940">
    <ele>23.2</ele>
    <time>2026-04-27T01:39:23Z</time>
   </trkpt>
   <trkpt lat="37.7668210" lon="-122.5057140">
    <ele>23.2</ele>
    <time>2026-04-27T01:39:24Z</time>
   </trkpt>
   <trkpt lat="37.7668050" lon="-122.5057670">
    <ele>23.1</ele>
    <time>2026-04-27T01:39:25Z</time>
   </trkpt>
   <trkpt lat="37.7667780" lon="-122.5058170">
    <ele>22.9</ele>
    <time>2026-04-27T01:39:26Z</time>
   </trkpt>
   <trkpt lat="37.7667650" lon="-122.5058660">
    <ele>22.8</ele>
    <time>2026-04-27T01:39:27Z</time>
   </trkpt>
   <trkpt lat="37.7667630" lon="-122.5059090">
    <ele>22.7</ele>
    <time>2026-04-27T01:39:28Z</time>
   </trkpt>
   <trkpt lat="37.7667520" lon="-122.5059290">
    <ele>22.7</ele>
    <time>2026-04-27T01:39:29Z</time>
   </trkpt>
   <trkpt lat="37.7667370" lon="-122.5059670">
    <ele>22.6</ele>
    <time>2026-04-27T01:39:30Z</time>
   </trkpt>
   <trkpt lat="37.7667380" lon="-122.5060110">
    <ele>22.5</ele>
    <time>2026-04-27T01:39:31Z</time>
   </trkpt>
   <trkpt lat="37.7667500" lon="-122.5060470">
    <ele>22.3</ele>
    <time>2026-04-27T01:39:32Z</time>
   </trkpt>
   <trkpt lat="37.7667410" lon="-122.5060690">
    <ele>22.3</ele>
    <time>2026-04-27T01:39:33Z</time>
   </trkpt>
   <trkpt lat="37.7667420" lon="-122.5061280">
    <ele>22.1</ele>
    <time>2026-04-27T01:39:34Z</time>
   </trkpt>
   <trkpt lat="37.7667340" lon="-122.5061750">
    <ele>22.0</ele>
    <time>2026-04-27T01:39:35Z</time>
   </trkpt>
   <trkpt lat="37.7667300" lon="-122.5061910">
    <ele>21.9</ele>
    <time>2026-04-27T01:39:36Z</time>
   </trkpt>
   <trkpt lat="37.7667110" lon="-122.5062350">
    <ele>21.8</ele>
    <time>2026-04-27T01:39:37Z</time>
   </trkpt>
   <trkpt lat="37.7667020" lon="-122.5062690">
    <ele>21.6</ele>
    <time>2026-04-27T01:39:38Z</time>
   </trkpt>
   <trkpt lat="37.7667180" lon="-122.5063070">
    <ele>21.5</ele>
    <time>2026-04-27T01:39:39Z</time>
   </trkpt>
   <trkpt lat="37.7667280" lon="-122.5063550">
    <ele>21.3</ele>
    <time>2026-04-27T01:39:40Z</time>
   </trkpt>
   <trkpt lat="37.7667410" lon="-122.5063910">
    <ele>21.2</ele>
    <time>2026-04-27T01:39:41Z</time>
   </trkpt>
   <trkpt lat="37.7667810" lon="-122.5064180">
    <ele>21.0</ele>
    <time>2026-04-27T01:39:42Z</time>
   </trkpt>
   <trkpt lat="37.7668090" lon="-122.5064600">
    <ele>20.8</ele>
    <time>2026-04-27T01:39:43Z</time>
   </trkpt>
   <trkpt lat="37.7668180" lon="-122.5064810">
    <ele>20.7</ele>
    <time>2026-04-27T01:39:44Z</time>
   </trkpt>
   <trkpt lat="37.7668570" lon="-122.5065120">
    <ele>20.4</ele>
    <time>2026-04-27T01:39:45Z</time>
   </trkpt>
   <trkpt lat="37.7668910" lon="-122.5065390">
    <ele>20.2</ele>
    <time>2026-04-27T01:39:46Z</time>
   </trkpt>
   <trkpt lat="37.7669250" lon="-122.5065560">
    <ele>20.0</ele>
    <time>2026-04-27T01:39:47Z</time>
   </trkpt>
   <trkpt lat="37.7669450" lon="-122.5065860">
    <ele>19.9</ele>
    <time>2026-04-27T01:39:48Z</time>
   </trkpt>
   <trkpt lat="37.7669770" lon="-122.5066220">
    <ele>19.6</ele>
    <time>2026-04-27T01:39:49Z</time>
   </trkpt>
   <trkpt lat="37.7669910" lon="-122.5066320">
    <ele>19.5</ele>
    <time>2026-04-27T01:39:50Z</time>
   </trkpt>
   <trkpt lat="37.7670190" lon="-122.5066510">
    <ele>19.4</ele>
    <time>2026-04-27T01:39:51Z</time>
   </trkpt>
   <trkpt lat="37.7670600" lon="-122.5066740">
    <ele>19.1</ele>
    <time>2026-04-27T01:39:52Z</time>
   </trkpt>
   <trkpt lat="37.7670870" lon="-122.5066900">
    <ele>19.0</ele>
    <time>2026-04-27T01:39:53Z</time>
   </trkpt>
   <trkpt lat="37.7671230" lon="-122.5067000">
    <ele>18.8</ele>
    <time>2026-04-27T01:39:54Z</time>
   </trkpt>
   <trkpt lat="37.7671500" lon="-122.5067160">
    <ele>18.6</ele>
    <time>2026-04-27T01:39:55Z</time>
   </trkpt>
   <trkpt lat="37.7671890" lon="-122.5067510">
    <ele>18.4</ele>
    <time>2026-04-27T01:39:56Z</time>
   </trkpt>
   <trkpt lat="37.7672190" lon="-122.5067840">
    <ele>18.2</ele>
    <time>2026-04-27T01:39:57Z</time>
   </trkpt>
   <trkpt lat="37.7672520" lon="-122.5067950">
    <ele>18.0</ele>
    <time>2026-04-27T01:39:58Z</time>
   </trkpt>
   <trkpt lat="37.7672810" lon="-122.5067900">
    <ele>17.9</ele>
    <time>2026-04-27T01:39:59Z</time>
   </trkpt>
   <trkpt lat="37.7673200" lon="-122.5068260">
    <ele>17.6</ele>
    <time>2026-04-27T01:40:00Z</time>
   </trkpt>
   <trkpt lat="37.7673570" lon="-122.5068640">
    <ele>17.4</ele>
    <time>2026-04-27T01:40:01Z</time>
   </trkpt>
   <trkpt lat="37.7673840" lon="-122.5068900">
    <ele>17.2</ele>
    <time>2026-04-27T01:40:02Z</time>
   </trkpt>
   <trkpt lat="37.7674180" lon="-122.5068960">
    <ele>17.0</ele>
    <time>2026-04-27T01:40:03Z</time>
   </trkpt>
   <trkpt lat="37.7674500" lon="-122.5069160">
    <ele>16.8</ele>
    <time>2026-04-27T01:40:04Z</time>
   </trkpt>
   <trkpt lat="37.7674760" lon="-122.5069380">
    <ele>16.6</ele>
    <time>2026-04-27T01:40:05Z</time>
   </trkpt>
   <trkpt lat="37.7675160" lon="-122.5069570">
    <ele>16.4</ele>
    <time>2026-04-27T01:40:06Z</time>
   </trkpt>
   <trkpt lat="37.7675400" lon="-122.5069970">
    <ele>16.2</ele>
    <time>2026-04-27T01:40:07Z</time>
   </trkpt>
   <trkpt lat="37.7675710" lon="-122.5070100">
    <ele>16.1</ele>
    <time>2026-04-27T01:40:08Z</time>
   </trkpt>
   <trkpt lat="37.7675800" lon="-122.5070190">
    <ele>16.0</ele>
    <time>2026-04-27T01:40:09Z</time>
   </trkpt>
   <trkpt lat="37.7676230" lon="-122.5070220">
    <ele>15.9</ele>
    <time>2026-04-27T01:40:10Z</time>
   </trkpt>
   <trkpt lat="37.7676630" lon="-122.5070390">
    <ele>15.7</ele>
    <time>2026-04-27T01:40:11Z</time>
   </trkpt>
   <trkpt lat="37.7676890" lon="-122.5070650">
    <ele>15.6</ele>
    <time>2026-04-27T01:40:12Z</time>
   </trkpt>
   <trkpt lat="37.7677200" lon="-122.5070770">
    <ele>15.4</ele>
    <time>2026-04-27T01:40:13Z</time>
   </trkpt>
   <trkpt lat="37.7677640" lon="-122.5070970">
    <ele>15.2</ele>
    <time>2026-04-27T01:40:14Z</time>
   </trkpt>
   <trkpt lat="37.7677930" lon="-122.5071250">
    <ele>15.1</ele>
    <time>2026-04-27T01:40:15Z</time>
   </trkpt>
   <trkpt lat="37.7678320" lon="-122.5071380">
    <ele>15.0</ele>
    <time>2026-04-27T01:40:16Z</time>
   </trkpt>
   <trkpt lat="37.7678460" lon="-122.5071440">
    <ele>14.9</ele>
    <time>2026-04-27T01:40:17Z</time>
   </trkpt>
   <trkpt lat="37.7678750" lon="-122.5071650">
    <ele>14.8</ele>
    <time>2026-04-27T01:40:18Z</time>
   </trkpt>
   <trkpt lat="37.7679030" lon="-122.5071920">
    <ele>14.7</ele>
    <time>2026-04-27T01:40:19Z</time>
   </trkpt>
   <trkpt lat="37.7679340" lon="-122.5072090">
    <ele>14.6</ele>
    <time>2026-04-27T01:40:20Z</time>
   </trkpt>
   <trkpt lat="37.7679490" lon="-122.5072250">
    <ele>14.6</ele>
    <time>2026-04-27T01:40:21Z</time>
   </trkpt>
   <trkpt lat="37.7679750" lon="-122.5072480">
    <ele>14.5</ele>
    <time>2026-04-27T01:40:22Z</time>
   </trkpt>
   <trkpt lat="37.7680050" lon="-122.5072780">
    <ele>14.4</ele>
    <time>2026-04-27T01:40:23Z</time>
   </trkpt>
   <trkpt lat="37.7680370" lon="-122.5073150">
    <ele>14.4</ele>
    <time>2026-04-27T01:40:24Z</time>
   </trkpt>
   <trkpt lat="37.7680530" lon="-122.5073240">
    <ele>14.3</ele>
    <time>2026-04-27T01:40:25Z</time>
   </trkpt>
   <trkpt lat="37.7680810" lon="-122.5073360">
    <ele>14.3</ele>
    <time>2026-04-27T01:40:26Z</time>
   </trkpt>
   <trkpt lat="37.7681150" lon="-122.5073340">
    <ele>14.2</ele>
    <time>2026-04-27T01:40:27Z</time>
   </trkpt>
   <trkpt lat="37.7681510" lon="-122.5073520">
    <ele>14.2</ele>
    <time>2026-04-27T01:40:28Z</time>
   </trkpt>
   <trkpt lat="37.7681920" lon="-122.5073580">
    <ele>14.2</ele>
    <time>2026-04-27T01:40:29Z</time>
   </trkpt>
   <trkpt lat="37.7682050" lon="-122.5073990">
    <ele>14.1</ele>
    <time>2026-04-27T01:40:30Z</time>
   </trkpt>
   <trkpt lat="37.7682350" lon="-122.5074190">
    <ele>14.1</ele>
    <time>2026-04-27T01:40:31Z</time>
   </trkpt>
   <trkpt lat="37.7682620" lon="-122.5074360">
    <ele>14.0</ele>
    <time>2026-04-27T01:40:32Z</time>
   </trkpt>
   <trkpt lat="37.7682850" lon="-122.5074650">
    <ele>14.0</ele>
    <time>2026-04-27T01:40:33Z</time>
   </trkpt>
   <trkpt lat="37.7683270" lon="-122.5074850">
    <ele>14.0</ele>
    <time>2026-04-27T01:40:34Z</time>
   </trkpt>
   <trkpt lat="37.7683530" lon="-122.5074860">
    <ele>13.9</ele>
    <time>2026-04-27T01:40:35Z</time>
   </trkpt>
   <trkpt lat="37.7683810" lon="-122.5075030">
    <ele>13.9</ele>
    <time>2026-04-27T01:40:36Z</time>
   </trkpt>
   <trkpt lat="37.7684070" lon="-122.5075380">
    <ele>13.9</ele>
    <time>2026-04-27T01:40:37Z</time>
   </trkpt>
   <trkpt lat="37.7683930" lon="-122.5075760">
    <ele>13.8</ele>
    <time>2026-04-27T01:40:38Z</time>
   </trkpt>
   <trkpt lat="37.7683870" lon="-122.5075850">
    <ele>13.8</ele>
    <time>2026-04-27T01:40:39Z</time>
   </trkpt>
   <trkpt lat="37.7683530" lon="-122.5075910">
    <ele>13.8</ele>
    <time>2026-04-27T01:40:40Z</time>
   </trkpt>
   <trkpt lat="37.7683100" lon="-122.5076120">
    <ele>13.8</ele>
    <time>2026-04-27T01:40:41Z</time>
   </trkpt>
   <trkpt lat="37.7682830" lon="-122.5075840">
    <ele>13.9</ele>
    <time>2026-04-27T01:40:42Z</time>
   </trkpt>
   <trkpt lat="37.7682590" lon="-122.5075650">
    <ele>13.9</ele>
    <time>2026-04-27T01:40:43Z</time>
   </trkpt>
   <trkpt lat="37.7682310" lon="-122.5075350">
    <ele>13.9</ele>
    <time>2026-04-27T01:40:44Z</time>
   </trkpt>
   <trkpt lat="37.7682090" lon="-122.5075040">
    <ele>14.0</ele>
    <time>2026-04-27T01:40:45Z</time>
   </trkpt>
   <trkpt lat="37.7681690" lon="-122.5075000">
    <ele>14.0</ele>
    <time>2026-04-27T01:40:46Z</time>
   </trkpt>
   <trkpt lat="37.7681370" lon="-122.5074730">
    <ele>14.1</ele>
    <time>2026-04-27T01:40:47Z</time>
   </trkpt>
   <trkpt lat="37.7681250" lon="-122.5074620">
    <ele>14.1</ele>
    <time>2026-04-27T01:40:48Z</time>
   </trkpt>
   <trkpt lat="37.7680930" lon="-122.5074460">
    <ele>14.2</ele>
    <time>2026-04-27T01:40:49Z</time>
   </trkpt>
   <trkpt lat="37.7680790" lon="-122.5074410">
    <ele>14.2</ele>
    <time>2026-04-27T01:40:50Z</time>
   </trkpt>
   <trkpt lat="37.7680640" lon="-122.5073830">
    <ele>14.3</ele>
    <time>2026-04-27T01:40:51Z</time>
   </trkpt>
   <trkpt lat="37.7680300" lon="-122.5073530">
    <ele>14.3</ele>
    <time>2026-04-27T01:40:52Z</time>
   </trkpt>
   <trkpt lat="37.7680150" lon="-122.5073370">
    <ele>14.4</ele>
    <time>2026-04-27T01:40:53Z</time>
   </trkpt>
   <trkpt lat="37.7679720" lon="-122.5073200">
    <ele>14.5</ele>
    <time>2026-04-27T01:40:54Z</time>
   </trkpt>
   <trkpt lat="37.7679540" lon="-122.5073130">
    <ele>14.5</ele>
    <time>2026-04-27T01:40:55Z</time>
   </trkpt>
   <trkpt lat="37.7679150" lon="-122.5073020">
    <ele>14.6</ele>
    <time>2026-04-27T01:40:56Z</time>
   </trkpt>
   <trkpt lat="37.7679000" lon="-122.5073010">
    <ele>14.6</ele>
    <time>2026-04-27T01:40:57Z</time>
   </trkpt>
   <trkpt lat="37.7678840" lon="-122.5072690">
    <ele>14.7</ele>
    <time>2026-04-27T01:40:58Z</time>
   </trkpt>
   <trkpt lat="37.7678550" lon="-122.5072580">
    <ele>14.8</ele>
    <time>2026-04-27T01:40:59Z</time>
   </trkpt>
   <trkpt lat="37.7678290" lon="-122.5072410">
    <ele>14.9</ele>
    <time>2026-04-27T01:41:00Z</time>
   </trkpt>
   <trkpt lat="37.7678070" lon="-122.5072150">
    <ele>15.0</ele>
    <time>2026-04-27T01:41:01Z</time>
   </trkpt>
   <trkpt lat="37.7677720" lon="-122.5072050">
    <ele>15.1</ele>
    <time>2026-04-27T01:41:02Z</time>
   </trkpt>
   <trkpt lat="37.7677610" lon="-122.5072000">
    <ele>15.2</ele>
    <time>2026-04-27T01:41:03Z</time>
   </trkpt>
   <trkpt lat="37.7677240" lon="-122.5071720">
    <ele>15.3</ele>
    <time>2026-04-27T01:41:04Z</time>
   </trkpt>
   <trkpt lat="37.7677090" lon="-122.5071650">
    <ele>15.4</ele>
    <time>2026-04-27T01:41:05Z</time>
   </trkpt>
   <trkpt lat="37.7676720" lon="-122.5071460">
    <ele>15.6</ele>
    <time>2026-04-27T01:41:06Z</time>
   </trkpt>
   <trkpt lat="37.7676590" lon="-122.5071400">
    <ele>15.6</ele>
    <time>2026-04-27T01:41:07Z</time>
   </trkpt>
   <trkpt lat="37.7676200" lon="-122.5071040">
    <ele>15.8</ele>
    <time>2026-04-27T01:41:08Z</time>
   </trkpt>
   <trkpt lat="37.7676030" lon="-122.5070870">
    <ele>15.9</ele>
    <time>2026-04-27T01:41:09Z</time>
   </trkpt>
   <trkpt lat="37.7675660" lon="-122.5070810">
    <ele>16.0</ele>
    <time>2026-04-27T01:41:10Z</time>
   </trkpt>
   <trkpt lat="37.7675540" lon="-122.5070770">
    <ele>16.1</ele>
    <time>2026-04-27T01:41:11Z</time>
   </trkpt>
   <trkpt lat="37.7675140" lon="-122.5070640">
    <ele>16.3</ele>
    <time>2026-04-27T01:41:12Z</time>
   </trkpt>
   <trkpt lat="37.7674990" lon="-122.5070610">
    <ele>16.3</ele>
    <time>2026-04-27T01:41:13Z</time>
   </trkpt>
   <trkpt lat="37.7674620" lon="-122.5070510">
    <ele>16.5</ele>
    <time>2026-04-27T01:41:14Z</time>
   </trkpt>
   <trkpt lat="37.7674460" lon="-122.5070520">
    <ele>16.6</ele>
    <time>2026-04-27T01:41:15Z</time>
   </trkpt>
   <trkpt lat="37.7674220" lon="-122.5070210">
    <ele>16.7</ele>
    <time>2026-04-27T01:41:16Z</time>
   </trkpt>
   <trkpt lat="37.7673910" lon="-122.5069980">
    <ele>16.9</ele>
    <time>2026-04-27T01:41:17Z</time>
   </trkpt>
   <trkpt lat="37.7673800" lon="-122.5069900">
    <ele>17.0</ele>
    <time>2026-04-27T01:41:18Z</time>
   </trkpt>
   <trkpt lat="37.7673570" lon="-122.5069590">
    <ele>17.2</ele>
    <time>2026-04-27T01:41:19Z</time>
   </trkpt>
   <trkpt lat="37.7673210" lon="-122.5069470">
    <ele>17.4</ele>
    <time>2026-04-27T01:41:20Z</time>
   </trkpt>
   <trkpt lat="37.7673070" lon="-122.5069480">
    <ele>17.4</ele>
    <time>2026-04-27T01:41:21Z</time>
   </trkpt>
   <trkpt lat="37.7672760" lon="-122.5069410">
    <ele>17.6</ele>
    <time>2026-04-27T01:41:22Z</time>
   </trkpt>
   <trkpt lat="37.7672610" lon="-122.5069390">
    <ele>17.7</ele>
    <time>2026-04-27T01:41:23Z</time>
   </trkpt>
   <trkpt lat="37.7672360" lon="-122.5069180">
    <ele>17.8</ele>
    <time>2026-04-27T01:41:24Z</time>
   </trkpt>
   <trkpt lat="37.7672150" lon="-122.5068970">
    <ele>18.0</ele>
    <time>2026-04-27T01:41:25Z</time>
   </trkpt>
   <trkpt lat="37.7671900" lon="-122.5068770">
    <ele>18.1</ele>
    <time>2026-04-27T01:41:26Z</time>
   </trkpt>
   <trkpt lat="37.7671620" lon="-122.5068660">
    <ele>18.3</ele>
    <time>2026-04-27T01:41:27Z</time>
   </trkpt>
   <trkpt lat="37.7671520" lon="-122.5068600">
    <ele>18.3</ele>
    <time>2026-04-27T01:41:28Z</time>
   </trkpt>
   <trkpt lat="37.7671230" lon="-122.5068340">
    <ele>18.5</ele>
    <time>2026-04-27T01:41:29Z</time>
   </trkpt>
   <trkpt lat="37.7670990" lon="-122.5068130">
    <ele>18.6</ele>
    <time>2026-04-27T01:41:30Z</time>
   </trkpt>
   <trkpt lat="37.7670710" lon="-122.5067990">
    <ele>18.8</ele>
    <time>2026-04-27T01:41:31Z</time>
   </trkpt>
   <trkpt lat="37.7670450" lon="-122.5067830">
    <ele>18.9</ele>
    <time>2026-04-27T01:41:32Z</time>
   </trkpt>
   <trkpt lat="37.7670190" lon="-122.5067660">
    <ele>19.1</ele>
    <time>2026-04-27T01:41:33Z</time>
   </trkpt>
   <trkpt lat="37.7670070" lon="-122.5067330">
    <ele>19.2</ele>
    <time>2026-04-27T01:41:34Z</time>
   </trkpt>
   <trkpt lat="37.7669800" lon="-122.5067130">
    <ele>19.4</ele>
    <time>2026-04-27T01:41:35Z</time>
   </trkpt>
   <trkpt lat="37.7669510" lon="-122.5066880">
    <ele>19.5</ele>
    <time>2026-04-27T01:41:36Z</time>
   </trkpt>
   <trkpt lat="37.7669230" lon="-122.5066630">
    <ele>19.7</ele>
    <time>2026-04-27T01:41:37Z</time>
   </trkpt>
   <trkpt lat="37.7669150" lon="-122.5066470">
    <ele>19.8</ele>
    <time>2026-04-27T01:41:38Z</time>
   </trkpt>
   <trkpt lat="37.7669030" lon="-122.5066140">
    <ele>19.9</ele>
    <time>2026-04-27T01:41:39Z</time>
   </trkpt>
   <trkpt lat="37.7668760" lon="-122.5065950">
    <ele>20.1</ele>
    <time>2026-04-27T01:41:40Z</time>
   </trkpt>
   <trkpt lat="37.7668490" lon="-122.5065870">
    <ele>20.2</ele>
    <time>2026-04-27T01:41:41Z</time>
   </trkpt>
   <trkpt lat="37.7668410" lon="-122.5065370">
    <ele>20.4</ele>
    <time>2026-04-27T01:41:42Z</time>
   </trkpt>
   <trkpt lat="37.7668210" lon="-122.5065120">
    <ele>20.5</ele>
    <time>2026-04-27T01:41:43Z</time>
   </trkpt>
   <trkpt lat="37.7667930" lon="-122.5064810">
    <ele>20.7</ele>
    <time>2026-04-27T01:41:44Z</time>
   </trkpt>
   <trkpt lat="37.7667860" lon="-122.5064710">
    <ele>20.7</ele>
    <time>2026-04-27T01:41:45Z</time>
   </trkpt>
   <trkpt lat="37.7667520" lon="-122.5064660">
    <ele>20.9</ele>
    <time>2026-04-27T01:41:46Z</time>
   </trkpt>
   <trkpt lat="37.7667240" lon="-122.5064550">
    <ele>21.0</ele>
    <time>2026-04-27T01:41:47Z</time>
   </trkpt>
   <trkpt lat="37.7667090" lon="-122.5064260">
    <ele>21.1</ele>
    <time>2026-04-27T01:41:48Z</time>
   </trkpt>
   <trkpt lat="37.7666880" lon="-122.5064010">
    <ele>21.2</ele>
    <time>2026-04-27T01:41:49Z</time>
   </trkpt>
   <trkpt lat="37.7666770" lon="-122.5063670">
    <ele>21.3</ele>
    <time>2026-04-27T01:41:50Z</time>
   </trkpt>
   <trkpt lat="37.7666600" lon="-122.5063220">
    <ele>21.5</ele>
    <time>2026-04-27T01:41:51Z</time>
   </trkpt>
   <trkpt lat="37.7666500" lon="-122.5062710">
    <ele>21.6</ele>
    <time>2026-04-27T01:41:52Z</time>
   </trkpt>
   <trkpt lat="37.7666420" lon="-122.5062530">
    <ele>21.7</ele>
    <time>2026-04-27T01:41:53Z</time>
   </trkpt>
   <trkpt lat="37.7666350" lon="-122.5062150">
    <ele>21.8</ele>
    <time>2026-04-27T01:41:54Z</time>
   </trkpt>
   <trkpt lat="37.7666480" lon="-122.5061970">
    <ele>21.8</ele>
    <time>2026-04-27T01:41:55Z</time>
   </trkpt>
   <trkpt lat="37.7666470" lon="-122.5061760">
    <ele>21.9</ele>
    <time>2026-04-27T01:41:56Z</time>
   </trkpt>
   <trkpt lat="37.7666680" lon="-122.5061530">
    <ele>22.0</ele>
    <time>2026-04-27T01:41:57Z</time>
   </trkpt>
   <trkpt lat="37.7666830" lon="-122.5061190">
    <ele>22.1</ele>
    <time>2026-04-27T01:41:58Z</time>
   </trkpt>
   <trkpt lat="37.7666840" lon="-122.5060650">
    <ele>22.3</ele>
    <time>2026-04-27T01:41:59Z</time>
   </trkpt>
   <trkpt lat="37.7666900" lon="-122.5060430">
    <ele>22.3</ele>
    <time>2026-04-27T01:42:00Z</time>
   </trkpt>
   <trkpt lat="37.7667040" lon="-122.5060080">
    <ele>22.4</ele>
    <time>2026-04-27T01:42:01Z</time>
   </trkpt>
   <trkpt lat="37.7667190" lon="-122.5059780">
    <ele>22.5</ele>
    <time>2026-04-27T01:42:02Z</time>
   </trkpt>
   <trkpt lat="37.7667360" lon="-122.5059390">
    <ele>22.6</ele>
    <time>2026-04-27T01:42:03Z</time>
   </trkpt>
   <trkpt lat="37.7667590" lon="-122.5058890">
    <ele>22.7</ele>
    <time>2026-04-27T01:42:04Z</time>
   </trkpt>
   <trkpt lat="37.7667670" lon="-122.5058640">
    <ele>22.8</ele>
    <time>2026-04-27T01:42:05Z</time>
   </trkpt>
   <trkpt lat="37.7667910" lon="-122.5058570">
    <ele>22.9</ele>
    <time>2026-04-27T01:42:06Z</time>
   </trkpt>
   <trkpt lat="37.7667830" lon="-122.5058240">
    <ele>22.9</ele>
    <time>2026-04-27T01:42:07Z</time>
   </trkpt>
   <trkpt lat="37.7667730" lon="-122.5057810">
    <ele>23.0</ele>
    <time>2026-04-27T01:42:08Z</time>
   </trkpt>
   <trkpt lat="37.7667700" lon="-122.5057360">
    <ele>23.1</ele>
    <time>2026-04-27T01:42:09Z</time>
   </trkpt>
   <trkpt lat="37.7667740" lon="-122.5057010">
    <ele>23.2</ele>
    <time>2026-04-27T01:42:10Z</time>
   </trkpt>
   <trkpt lat="37.7667800" lon="-122.5056640">
    <ele>23.3</ele>
    <time>2026-04-27T01:42:11Z</time>
   </trkpt>
   <trkpt lat="37.7668000" lon="-122.5056280">
    <ele>23.4</ele>
    <time>2026-04-27T01:42:12Z</time>
   </trkpt>
   <trkpt lat="37.7668010" lon="-122.5055770">
    <ele>23.5</ele>
    <time>2026-04-27T01:42:13Z</time>
   </trkpt>
   <trkpt lat="37.7668040" lon="-122.5055590">
    <ele>23.6</ele>
    <time>2026-04-27T01:42:14Z</time>
   </trkpt>
   <trkpt lat="37.7667970" lon="-122.5055210">
    <ele>23.7</ele>
    <time>2026-04-27T01:42:15Z</time>
   </trkpt>
   <trkpt lat="37.7668090" lon="-122.5054790">
    <ele>23.8</ele>
    <time>2026-04-27T01:42:16Z</time>
   </trkpt>
   <trkpt lat="37.7668170" lon="-122.5054430">
    <ele>23.8</ele>
    <time>2026-04-27T01:42:17Z</time>
   </trkpt>
   <trkpt lat="37.7668250" lon="-122.5054090">
    <ele>23.9</ele>
    <time>2026-04-27T01:42:18Z</time>
   </trkpt>
   <trkpt lat="37.7668400" lon="-122.5053650">
    <ele>24.0</ele>
    <time>2026-04-27T01:42:19Z</time>
   </trkpt>
   <trkpt lat="37.7668470" lon="-122.5053480">
    <ele>24.1</ele>
    <time>2026-04-27T01:42:20Z</time>
   </trkpt>
   <trkpt lat="37.7668710" lon="-122.5053170">
    <ele>24.2</ele>
    <time>2026-04-27T01:42:21Z</time>
   </trkpt>
   <trkpt lat="37.7668830" lon="-122.5053090">
    <ele>24.2</ele>
    <time>2026-04-27T01:42:22Z</time>
   </trkpt>
   <trkpt lat="37.7668890" lon="-122.5052640">
    <ele>24.3</ele>
    <time>2026-04-27T01:42:23Z</time>
   </trkpt>
   <trkpt lat="37.7668980" lon="-122.5052250">
    <ele>24.4</ele>
    <time>2026-04-27T01:42:24Z</time>
   </trkpt>
   <trkpt lat="37.7669210" lon="-122.5051830">
    <ele>24.5</ele>
    <time>2026-04-27T01:42:25Z</time>
   </trkpt>
   <trkpt lat="37.7669230" lon="-122.5051630">
    <ele>24.5</ele>
    <time>2026-04-27T01:42:26Z</time>
   </trkpt>
   <trkpt lat="37.7669330" lon="-122.5051280">
    <ele>24.6</ele>
    <time>2026-04-27T01:42:27Z</time>
   </trkpt>
   <trkpt lat="37.7669360" lon="-122.5050860">
    <ele>24.6</ele>
    <time>2026-04-27T01:42:28Z</time>
   </trkpt>
   <trkpt lat="37.7669440" lon="-122.5050450">
    <ele>24.7</ele>
    <time>2026-04-27T01:42:29Z</time>
   </trkpt>
   <trkpt lat="37.7669460" lon="-122.5050010">
    <ele>24.8</ele>
    <time>2026-04-27T01:42:30Z</time>
   </trkpt>
   <trkpt lat="37.7669540" lon="-122.5049470">
    <ele>24.8</ele>
    <time>2026-04-27T01:42:31Z</time>
   </trkpt>
   <trkpt lat="37.7669630" lon="-122.5049250">
    <ele>24.8</ele>
    <time>2026-04-27T01:42:32Z</time>
   </trkpt>
   <trkpt lat="37.7669720" lon="-122.5048910">
    <ele>24.8</ele>
    <time>2026-04-27T01:42:33Z</time>
   </trkpt>
   <trkpt lat="37.7669810" lon="-122.5048410">
    <ele>24.8</ele>
    <time>2026-04-27T01:42:34Z</time>
   </trkpt>
   <trkpt lat="37.7669860" lon="-122.5048240">
    <ele>24.8</ele>
    <time>2026-04-27T01:42:35Z</time>
   </trkpt>
   <trkpt lat="37.7670050" lon="-122.5047850">
    <ele>24.8</ele>
    <time>2026-04-27T01:42:36Z</time>
   </trkpt>
   <trkpt lat="37.7670060" lon="-122.5047680">
    <ele>24.8</ele>
    <time>2026-04-27T01:42:37Z</time>
   </trkpt>
   <trkpt lat="37.7670070" lon="-122.5047230">
    <ele>24.8</ele>
    <time>2026-04-27T01:42:38Z</time>
   </trkpt>
   <trkpt lat="37.7670050" lon="-122.5046970">
    <ele>24.8</ele>
    <time>2026-04-27T01:42:39Z</time>
   </trkpt>
   <trkpt lat="37.7670290" lon="-122.5046760">
    <ele>24.8</ele>
    <time>2026-04-27T01:42:41Z</time>
   </trkpt>
   <trkpt lat="37.7670240" lon="-122.5046150">
    <ele>24.8</ele>
    <time>2026-04-27T01:42:42Z</time>
   </trkpt>
   <trkpt lat="37.7670260" lon="-122.5045800">
    <ele>24.8</ele>
    <time>2026-04-27T01:42:43Z</time>
   </trkpt>
   <trkpt lat="37.7670300" lon="-122.5045350">
    <ele>24.7</ele>
    <time>2026-04-27T01:42:44Z</time>
   </trkpt>
   <trkpt lat="37.7670400" lon="-122.5044970">
    <ele>24.7</ele>
    <time>2026-04-27T01:42:45Z</time>
   </trkpt>
   <trkpt lat="37.7670430" lon="-122.5044580">
    <ele>24.7</ele>
    <time>2026-04-27T01:42:46Z</time>
   </trkpt>
   <trkpt lat="37.7670510" lon="-122.5044060">
    <ele>24.7</ele>
    <time>2026-04-27T01:42:47Z</time>
   </trkpt>
   <trkpt lat="37.7670350" lon="-122.5043660">
    <ele>24.6</ele>
    <time>2026-04-27T01:42:48Z</time>
   </trkpt>
   <trkpt lat="37.7670510" lon="-122.5043310">
    <ele>24.6</ele>
    <time>2026-04-27T01:42:49Z</time>
   </trkpt>
   <trkpt lat="37.7670630" lon="-122.5042970">
    <ele>24.6</ele>
    <time>2026-04-27T01:42:50Z</time>
   </trkpt>
   <trkpt lat="37.7670750" lon="-122.5042490">
    <ele>24.6</ele>
    <time>2026-04-27T01:42:51Z</time>
   </trkpt>
   <trkpt lat="37.7670870" lon="-122.5042110">
    <ele>24.6</ele>
    <time>2026-04-27T01:42:52Z</time>
   </trkpt>
   <trkpt lat="37.7671010" lon="-122.5041810">
    <ele>24.6</ele>
    <time>2026-04-27T01:42:53Z</time>
   </trkpt>
   <trkpt lat="37.7671090" lon="-122.5041390">
    <ele>24.7</ele>
    <time>2026-04-27T01:42:54Z</time>
   </trkpt>
   <trkpt lat="37.7671280" lon="-122.5040800">
    <ele>24.7</ele>
    <time>2026-04-27T01:42:55Z</time>
   </trkpt>
   <trkpt lat="37.7671450" lon="-122.5040450">
    <ele>24.7</ele>
    <time>2026-04-27T01:42:56Z</time>
   </trkpt>
   <trkpt lat="37.7671510" lon="-122.5040080">
    <ele>24.8</ele>
    <time>2026-04-27T01:42:57Z</time>
   </trkpt>
   <trkpt lat="37.7671380" lon="-122.5039520">
    <ele>24.8</ele>
    <time>2026-04-27T01:42:58Z</time>
   </trkpt>
   <trkpt lat="37.7671580" lon="-122.5039150">
    <ele>24.8</ele>
    <time>2026-04-27T01:42:59Z</time>
   </trkpt>
   <trkpt lat="37.7671730" lon="-122.5038710">
    <ele>24.9</ele>
    <time>2026-04-27T01:43:00Z</time>
   </trkpt>
   <trkpt lat="37.7671840" lon="-122.5038540">
    <ele>24.9</ele>
    <time>2026-04-27T01:43:01Z</time>
   </trkpt>
   <trkpt lat="37.7671700" lon="-122.5038140">
    <ele>25.0</ele>
    <time>2026-04-27T01:43:02Z</time>
   </trkpt>
   <trkpt lat="37.7671790" lon="-122.5037680">
    <ele>25.0</ele>
    <time>2026-04-27T01:43:03Z</time>
   </trkpt>
   <trkpt lat="37.7671780" lon="-122.5037480">
    <ele>25.1</ele>
    <time>2026-04-27T01:43:04Z</time>
   </trkpt>
   <trkpt lat="37.7671820" lon="-122.5037090">
    <ele>25.1</ele>
    <time>2026-04-27T01:43:05Z</time>
   </trkpt>
   <trkpt lat="37.7671800" lon="-122.5036660">
    <ele>25.2</ele>
    <time>2026-04-27T01:43:06Z</time>
   </trkpt>
   <trkpt lat="37.7671980" lon="-122.5036240">
    <ele>25.3</ele>
    <time>2026-04-27T01:43:07Z</time>
   </trkpt>
   <trkpt lat="37.7672080" lon="-122.5035830">
    <ele>25.3</ele>
    <time>2026-04-27T01:43:08Z</time>
   </trkpt>
   <trkpt lat="37.7672270" lon="-122.5035470">
    <ele>25.4</ele>
    <time>2026-04-27T01:43:09Z</time>
   </trkpt>
   <trkpt lat="37.7672430" lon="-122.5035090">
    <ele>25.4</ele>
    <time>2026-04-27T01:43:10Z</time>
   </trkpt>
   <trkpt lat="37.7672600" lon="-122.5034780">
    <ele>25.5</ele>
    <time>2026-04-27T01:43:11Z</time>
   </trkpt>
   <trkpt lat="37.7672640" lon="-122.5034330">
    <ele>25.6</ele>
    <time>2026-04-27T01:43:12Z</time>
   </trkpt>
   <trkpt lat="37.7672580" lon="-122.5033960">
    <ele>25.6</ele>
    <time>2026-04-27T01:43:13Z</time>
   </trkpt>
   <trkpt lat="37.7672700" lon="-122.5033540">
    <ele>25.7</ele>
    <time>2026-04-27T01:43:14Z</time>
   </trkpt>
   <trkpt lat="37.7672790" lon="-122.5033120">
    <ele>25.8</ele>
    <time>2026-04-27T01:43:15Z</time>
   </trkpt>
   <trkpt lat="37.7672850" lon="-122.5032700">
    <ele>25.8</ele>
    <time>2026-04-27T01:43:16Z</time>
   </trkpt>
   <trkpt lat="37.7672970" lon="-122.5032330">
    <ele>25.9</ele>
    <time>2026-04-27T01:43:17Z</time>
   </trkpt>
   <trkpt lat="37.7673010" lon="-122.5032260">
    <ele>25.9</ele>
    <time>2026-04-27T01:43:18Z</time>
   </trkpt>
   <trkpt lat="37.7673220" lon="-122.5031970">
    <ele>25.9</ele>
    <time>2026-04-27T01:43:19Z</time>
   </trkpt>
   <trkpt lat="37.7673260" lon="-122.5031560">
    <ele>26.0</ele>
    <time>2026-04-27T01:43:20Z</time>
   </trkpt>
   <trkpt lat="37.7673420" lon="-122.5031130">
    <ele>26.0</ele>
    <time>2026-04-27T01:43:21Z</time>
   </trkpt>
   <trkpt lat="37.7673640" lon="-122.5030890">
    <ele>26.0</ele>
    <time>2026-04-27T01:43:22Z</time>
   </trkpt>
   <trkpt lat="37.7673820" lon="-122.5030490">
    <ele>26.0</ele>
    <time>2026-04-27T01:43:23Z</time>
   </trkpt>
   <trkpt lat="37.7673820" lon="-122.5030260">
    <ele>26.1</ele>
    <time>2026-04-27T01:43:24Z</time>
   </trkpt>
   <trkpt lat="37.7673740" lon="-122.5029770">
    <ele>26.1</ele>
    <time>2026-04-27T01:43:25Z</time>
   </trkpt>
   <trkpt lat="37.7673810" lon="-122.5029280">
    <ele>26.1</ele>
    <time>2026-04-27T01:43:26Z</time>
   </trkpt>
   <trkpt lat="37.7673840" lon="-122.5029090">
    <ele>26.1</ele>
    <time>2026-04-27T01:43:27Z</time>
   </trkpt>
   <trkpt lat="37.7674080" lon="-122.5028820">
    <ele>26.1</ele>
    <time>2026-04-27T01:43:28Z</time>
   </trkpt>
   <trkpt lat="37.7674060" lon="-122.5028450">
    <ele>26.1</ele>
    <time>2026-04-27T01:43:29Z</time>
   </trkpt>
   <trkpt lat="37.7674190" lon="-122.5028120">
    <ele>26.1</ele>
    <time>2026-04-27T01:43:30Z</time>
   </trkpt>
   <trkpt lat="37.7674390" lon="-122.5027860">
    <ele>26.0</ele>
    <time>2026-04-27T01:43:31Z</time>
   </trkpt>
   <trkpt lat="37.7674430" lon="-122.5027490">
    <ele>26.0</ele>
    <time>2026-04-27T01:43:32Z</time>
   </trkpt>
   <trkpt lat="37.7674540" lon="-122.5027030">
    <ele>26.0</ele>
    <time>2026-04-27T01:43:33Z</time>
   </trkpt>
   <trkpt lat="37.7674590" lon="-122.5026760">
    <ele>25.9</ele>
    <time>2026-04-27T01:43:34Z</time>
   </trkpt>
   <trkpt lat="37.7674650" lon="-122.5026330">
    <ele>25.9</ele>
    <time>2026-04-27T01:43:35Z</time>
   </trkpt>
   <trkpt lat="37.7674670" lon="-122.5025880">
    <ele>25.8</ele>
    <time>2026-04-27T01:43:36Z</time>
   </trkpt>
   <trkpt lat="37.7674710" lon="-122.5025340">
    <ele>25.8</ele>
    <time>2026-04-27T01:43:37Z</time>
   </trkpt>
   <trkpt lat="37.7674740" lon="-122.5024970">
    <ele>25.7</ele>
    <time>2026-04-27T01:43:38Z</time>
   </trkpt>
   <trkpt lat="37.7674930" lon="-122.5024520">
    <ele>25.7</ele>
    <time>2026-04-27T01:43:39Z</time>
   </trkpt>
   <trkpt lat="37.7675110" lon="-122.5024160">
    <ele>25.6</ele>
    <time>2026-04-27T01:43:40Z</time>
   </trkpt>
   <trkpt lat="37.7675280" lon="-122.5023840">
    <ele>25.6</ele>
    <time>2026-04-27T01:43:41Z</time>
   </trkpt>
   <trkpt lat="37.7675350" lon="-122.5023460">
    <ele>25.5</ele>
    <time>2026-04-27T01:43:42Z</time>
   </trkpt>
   <trkpt lat="37.7675500" lon="-122.5022990">
    <ele>25.5</ele>
    <time>2026-04-27T01:43:43Z</time>
   </trkpt>
   <trkpt lat="37.7675640" lon="-122.5022500">
    <ele>25.5</ele>
    <time>2026-04-27T01:43:44Z</time>
   </trkpt>
   <trkpt lat="37.7675660" lon="-122.5022280">
    <ele>25.4</ele>
    <time>2026-04-27T01:43:45Z</time>
   </trkpt>
   <trkpt lat="37.7675780" lon="-122.5021880">
    <ele>25.4</ele>
    <time>2026-04-27T01:43:46Z</time>
   </trkpt>
   <trkpt lat="37.7675860" lon="-122.5021500">
    <ele>25.4</ele>
    <time>2026-04-27T01:43:47Z</time>
   </trkpt>
   <trkpt lat="37.7676070" lon="-122.5021160">
    <ele>25.4</ele>
    <time>2026-04-27T01:43:48Z</time>
   </trkpt>
   <trkpt lat="37.7676080" lon="-122.5020640">
    <ele>25.4</ele>
    <time>2026-04-27T01:43:49Z</time>
   </trkpt>
   <trkpt lat="37.7676140" lon="-122.5020430">
    <ele>25.4</ele>
    <time>2026-04-27T01:43:50Z</time>
   </trkpt>
   <trkpt lat="37.7676220" lon="-122.5020060">
    <ele>25.4</ele>
    <time>2026-04-27T01:43:51Z</time>
   </trkpt>
   <trkpt lat="37.7676380" lon="-122.5019740">
    <ele>25.4</ele>
    <time>2026-04-27T01:43:52Z</time>
   </trkpt>
   <trkpt lat="37.7676510" lon="-122.5019410">
    <ele>25.4</ele>
    <time>2026-04-27T01:43:53Z</time>
   </trkpt>
   <trkpt lat="37.7676620" lon="-122.5019020">
    <ele>25.4</ele>
    <time>2026-04-27T01:43:54Z</time>
   </trkpt>
   <trkpt lat="37.7676810" lon="-122.5018670">
    <ele>25.5</ele>
    <time>2026-04-27T01:43:55Z</time>
   </trkpt>
   <trkpt lat="37.7676920" lon="-122.5018260">
    <ele>25.5</ele>
    <time>2026-04-27T01:43:56Z</time>
   </trkpt>
   <trkpt lat="37.7677200" lon="-122.5018030">
    <ele>25.5</ele>
    <time>2026-04-27T01:43:57Z</time>
   </trkpt>
   <trkpt lat="37.7677470" lon="-122.5017640">
    <ele>25.6</ele>
    <time>2026-04-27T01:43:58Z</time>
   </trkpt>
   <trkpt lat="37.7677510" lon="-122.5017300">
    <ele>25.6</ele>
    <time>2026-04-27T01:43:59Z</time>
   </trkpt>
   <trkpt lat="37.7677380" lon="-122.5016960">
    <ele>25.6</ele>
    <time>2026-04-27T01:44:00Z</time>
   </trkpt>
   <trkpt lat="37.7677610" lon="-122.5016610">
    <ele>25.6</ele>
    <time>2026-04-27T01:44:01Z</time>
   </trkpt>
   <trkpt lat="37.7677780" lon="-122.5016160">
    <ele>25.7</ele>
    <time>2026-04-27T01:44:02Z</time>
   </trkpt>
   <trkpt lat="37.7677830" lon="-122.5016000">
    <ele>25.7</ele>
    <time>2026-04-27T01:44:03Z</time>
   </trkpt>
   <trkpt lat="37.7678060" lon="-122.5015630">
    <ele>25.7</ele>
    <time>2026-04-27T01:44:04Z</time>
   </trkpt>
   <trkpt lat="37.7678180" lon="-122.5015160">
    <ele>25.8</ele>
    <time>2026-04-27T01:44:05Z</time>
   </trkpt>
   <trkpt lat="37.7678400" lon="-122.5014810">
    <ele>25.8</ele>
    <time>2026-04-27T01:44:06Z</time>
   </trkpt>
   <trkpt lat="37.7678770" lon="-122.5014600">
    <ele>25.9</ele>
    <time>2026-04-27T01:44:07Z</time>
   </trkpt>
   <trkpt lat="37.7678940" lon="-122.5014250">
    <ele>25.9</ele>
    <time>2026-04-27T01:44:08Z</time>
   </trkpt>
   <trkpt lat="37.7678940" lon="-122.5013730">
    <ele>26.0</ele>
    <time>2026-04-27T01:44:09Z</time>
   </trkpt>
   <trkpt lat="37.7678970" lon="-122.5013510">
    <ele>26.0</ele>
    <time>2026-04-27T01:44:10Z</time>
   </trkpt>
   <trkpt lat="37.7679060" lon="-122.5013140">
    <ele>26.1</ele>
    <time>2026-04-27T01:44:11Z</time>
   </trkpt>
   <trkpt lat="37.7679200" lon="-122.5012650">
    <ele>26.2</ele>
    <time>2026-04-27T01:44:12Z</time>
   </trkpt>
   <trkpt lat="37.7679270" lon="-122.5012450">
    <ele>26.2</ele>
    <time>2026-04-27T01:44:13Z</time>
   </trkpt>
   <trkpt lat="37.7679190" lon="-122.5011950">
    <ele>26.3</ele>
    <time>2026-04-27T01:44:14Z</time>
   </trkpt>
   <trkpt lat="37.7679210" lon="-122.5011700">
    <ele>26.3</ele>
    <time>2026-04-27T01:44:15Z</time>
   </trkpt>
   <trkpt lat="37.7679180" lon="-122.5011270">
    <ele>26.4</ele>
    <time>2026-04-27T01:44:16Z</time>
   </trkpt>
   <trkpt lat="37.7679360" lon="-122.5010970">
    <ele>26.4</ele>
    <time>2026-04-27T01:44:17Z</time>
   </trkpt>
   <trkpt lat="37.7679410" lon="-122.5010820">
    <ele>26.5</ele>
    <time>2026-04-27T01:44:18Z</time>
   </trkpt>
   <trkpt lat="37.7679730" lon="-122.5010540">
    <ele>26.5</ele>
    <time>2026-04-27T01:44:19Z</time>
   </trkpt>
   <trkpt lat="37.7680020" lon="-122.5010140">
    <ele>26.6</ele>
    <time>2026-04-27T01:44:20Z</time>
   </trkpt>
   <trkpt lat="37.7680110" lon="-122.5009950">
    <ele>26.7</ele>
    <time>2026-04-27T01:44:21Z</time>
   </trkpt>
   <trkpt lat="37.7680240" lon="-122.5009560">
    <ele>26.7</ele>
    <time>2026-04-27T01:44:22Z</time>
   </trkpt>
   <trkpt lat="37.7680340" lon="-122.5009130">
    <ele>26.8</ele>
    <time>2026-04-27T01:44:23Z</time>
   </trkpt>
   <trkpt lat="37.7680390" lon="-122.5008730">
    <ele>26.9</ele>
    <time>2026-04-27T01:44:24Z</time>
   </trkpt>
   <trkpt lat="37.7680490" lon="-122.5008360">
    <ele>26.9</ele>
    <time>2026-04-27T01:44:25Z</time>
   </trkpt>
   <trkpt lat="37.7680520" lon="-122.5007980">
    <ele>27.0</ele>
    <time>2026-04-27T01:44:26Z</time>
   </trkpt>
   <trkpt lat="37.7680700" lon="-122.5007650">
    <ele>27.0</ele>
    <time>2026-04-27T01:44:27Z</time>
   </trkpt>
   <trkpt lat="37.7680820" lon="-122.5007150">
    <ele>27.1</ele>
    <time>2026-04-27T01:44:28Z</time>
   </trkpt>
   <trkpt lat="37.7680870" lon="-122.5006960">
    <ele>27.2</ele>
    <time>2026-04-27T01:44:29Z</time>
   </trkpt>
   <trkpt lat="37.7680770" lon="-122.5006600">
    <ele>27.2</ele>
    <time>2026-04-27T01:44:30Z</time>
   </trkpt>
   <trkpt lat="37.7680930" lon="-122.5006210">
    <ele>27.3</ele>
    <time>2026-04-27T01:44:31Z</time>
   </trkpt>
   <trkpt lat="37.7681060" lon="-122.5005730">
    <ele>27.3</ele>
    <time>2026-04-27T01:44:32Z</time>
   </trkpt>
   <trkpt lat="37.7681100" lon="-122.5005550">
    <ele>27.4</ele>
    <time>2026-04-27T01:44:33Z</time>
   </trkpt>
   <trkpt lat="37.7681230" lon="-122.5005160">
    <ele>27.4</ele>
    <time>2026-04-27T01:44:34Z</time>
   </trkpt>
   <trkpt lat="37.7681410" lon="-122.5004900">
    <ele>27.4</ele>
    <time>2026-04-27T01:44:35Z</time>
   </trkpt>
   <trkpt lat="37.7681550" lon="-122.5004490">
    <ele>27.5</ele>
    <time>2026-04-27T01:44:36Z</time>
   </trkpt>
   <trkpt lat="37.7681550" lon="-122.5004300">
    <ele>27.5</ele>
    <time>2026-04-27T01:44:37Z</time>
   </trkpt>
   <trkpt lat="37.7681780" lon="-122.5003900">
    <ele>27.6</ele>
    <time>2026-04-27T01:44:38Z</time>
   </trkpt>
   <trkpt lat="37.7681900" lon="-122.5003580">
    <ele>27.7</ele>
    <time>2026-04-27T01:44:39Z</time>
   </trkpt>
   <trkpt lat="37.7681960" lon="-122.5003390">
    <ele>27.7</ele>
    <time>2026-04-27T01:44:40Z</time>
   </trkpt>
   <trkpt lat="37.7681690" lon="-122.5003270">
    <ele>27.7</ele>
    <time>2026-04-27T01:44:41Z</time>
   </trkpt>
   <trkpt lat="37.7681730" lon="-122.5002800">
    <ele>27.8</ele>
    <time>2026-04-27T01:44:42Z</time>
   </trkpt>
   <trkpt lat="37.7682000" lon="-122.5002360">
    <ele>27.9</ele>
    <time>2026-04-27T01:44:43Z</time>
   </trkpt>
   <trkpt lat="37.7682210" lon="-122.5002060">
    <ele>27.9</ele>
    <time>2026-04-27T01:44:44Z</time>
   </trkpt>
   <trkpt lat="37.7682210" lon="-122.5001690">
    <ele>27.9</ele>
    <time>2026-04-27T01:44:45Z</time>
   </trkpt>
   <trkpt lat="37.7682280" lon="-122.5001050">
    <ele>28.0</ele>
    <time>2026-04-27T01:44:47Z</time>
   </trkpt>
   <trkpt lat="37.7682360" lon="-122.5000820">
    <ele>28.0</ele>
    <time>2026-04-27T01:44:48Z</time>
   </trkpt>
   <trkpt lat="37.7682450" lon="-122.5000590">
    <ele>28.0</ele>
    <time>2026-04-27T01:44:49Z</time>
   </trkpt>
   <trkpt lat="37.7682730" lon="-122.5000110">
    <ele>28.1</ele>
    <time>2026-04-27T01:44:50Z</time>
   </trkpt>
   <trkpt lat="37.7682890" lon="-122.4999840">
    <ele>28.2</ele>
    <time>2026-04-27T01:44:51Z</time>
   </trkpt>
   <trkpt lat="37.7682950" lon="-122.4999560">
    <ele>28.2</ele>
    <time>2026-04-27T01:44:52Z</time>
   </trkpt>
   <trkpt lat="37.7683030" lon="-122.4999180">
    <ele>28.2</ele>
    <time>2026-04-27T01:44:53Z</time>
   </trkpt>
   <trkpt lat="37.7683110" lon="-122.4998780">
    <ele>28.3</ele>
    <time>2026-04-27T01:44:54Z</time>
   </trkpt>
   <trkpt lat="37.7683160" lon="-122.4998410">
    <ele>28.3</ele>
    <time>2026-04-27T01:44:55Z</time>
   </trkpt>
   <trkpt lat="37.7683350" lon="-122.4997940">
    <ele>28.4</ele>
    <time>2026-04-27T01:44:56Z</time>
   </trkpt>
   <trkpt lat="37.7683430" lon="-122.4997750">
    <ele>28.4</ele>
    <time>2026-04-27T01:44:57Z</time>
   </trkpt>
   <trkpt lat="37.7683640" lon="-122.4997370">
    <ele>28.5</ele>
    <time>2026-04-27T01:44:58Z</time>
   </trkpt>
   <trkpt lat="37.7683690" lon="-122.4997000">
    <ele>28.5</ele>
    <time>2026-04-27T01:44:59Z</time>
   </trkpt>
   <trkpt lat="37.7683860" lon="-122.4996660">
    <ele>28.6</ele>
    <time>2026-04-27T01:45:00Z</time>
   </trkpt>
   <trkpt lat="37.7683980" lon="-122.4996500">
    <ele>28.6</ele>
    <time>2026-04-27T01:45:01Z</time>
   </trkpt>
   <trkpt lat="37.7684070" lon="-122.4996080">
    <ele>28.7</ele>
    <time>2026-04-27T01:45:02Z</time>
   </trkpt>
   <trkpt lat="37.7684010" lon="-122.4995740">
    <ele>28.7</ele>
    <time>2026-04-27T01:45:03Z</time>
   </trkpt>
   <trkpt lat="37.7684200" lon="-122.4995270">
    <ele>28.7</ele>
    <time>2026-04-27T01:45:04Z</time>
   </trkpt>
   <trkpt lat="37.7684290" lon="-122.4995100">
    <ele>28.8</ele>
    <time>2026-04-27T01:45:05Z</time>
   </trkpt>
   <trkpt lat="37.7684440" lon="-122.4994680">
    <ele>28.8</ele>
    <time>2026-04-27T01:45:06Z</time>
   </trkpt>
   <trkpt lat="37.7684440" lon="-122.4994200">
    <ele>28.9</ele>
    <time>2026-04-27T01:45:07Z</time>
   </trkpt>
   <trkpt lat="37.7684410" lon="-122.4994070">
    <ele>28.9</ele>
    <time>2026-04-27T01:45:08Z</time>
   </trkpt>
   <trkpt lat="37.7684680" lon="-122.4993600">
    <ele>28.9</ele>
    <time>2026-04-27T01:45:09Z</time>
   </trkpt>
   <trkpt lat="37.7684830" lon="-122.4993430">
    <ele>29.0</ele>
    <time>2026-04-27T01:45:10Z</time>
   </trkpt>
   <trkpt lat="37.7685070" lon="-122.4993020">
    <ele>29.0</ele>
    <time>2026-04-27T01:45:11Z</time>
   </trkpt>
   <trkpt lat="37.7685160" lon="-122.4992830">
    <ele>29.0</ele>
    <time>2026-04-27T01:45:12Z</time>
   </trkpt>
   <trkpt lat="37.7685280" lon="-122.4992490">
    <ele>29.1</ele>
    <time>2026-04-27T01:45:13Z</time>
   </trkpt>
   <trkpt lat="37.7685330" lon="-122.4992400">
    <ele>29.1</ele>
    <time>2026-04-27T01:45:14Z</time>
   </trkpt>
   <trkpt lat="37.7685410" lon="-122.4992030">
    <ele>29.1</ele>
    <time>2026-04-27T01:45:15Z</time>
   </trkpt>
   <trkpt lat="37.7685500" lon="-122.4991700">
    <ele>29.2</ele>
    <time>2026-04-27T01:45:16Z</time>
   </trkpt>
   <trkpt lat="37.7685610" lon="-122.4991370">
    <ele>29.2</ele>
    <time>2026-04-27T01:45:17Z</time>
   </trkpt>
   <trkpt lat="37.7685690" lon="-122.4991010">
    <ele>29.3</ele>
    <time>2026-04-27T01:45:18Z</time>
   </trkpt>
   <trkpt lat="37.7685820" lon="-122.4990590">
    <ele>29.3</ele>
    <time>2026-04-27T01:45:19Z</time>
   </trkpt>
   <trkpt lat="37.7685850" lon="-122.4990410">
    <ele>29.3</ele>
    <time>2026-04-27T01:45:20Z</time>
   </trkpt>
   <trkpt lat="37.7685910" lon="-122.4990060">
    <ele>29.4</ele>
    <time>2026-04-27T01:45:21Z</time>
   </trkpt>
   <trkpt lat="37.7686010" lon="-122.4989690">
    <ele>29.4</ele>
    <time>2026-04-27T01:45:22Z</time>
   </trkpt>
   <trkpt lat="37.7686090" lon="-122.4989520">
    <ele>29.4</ele>
    <time>2026-04-27T01:45:23Z</time>
   </trkpt>
   <trkpt lat="37.7686260" lon="-122.4989020">
    <ele>29.5</ele>
    <time>2026-04-27T01:45:24Z</time>
   </trkpt>
   <trkpt lat="37.7686330" lon="-122.4988820">
    <ele>29.5</ele>
    <time>2026-04-27T01:45:25Z</time>
   </trkpt>
   <trkpt lat="37.7686580" lon="-122.4988490">
    <ele>29.6</ele>
    <time>2026-04-27T01:45:26Z</time>
   </trkpt>
   <trkpt lat="37.7686660" lon="-122.4988340">
    <ele>29.6</ele>
    <time>2026-04-27T01:45:27Z</time>
   </trkpt>
   <trkpt lat="37.7686750" lon="-122.4987890">
    <ele>29.7</ele>
    <time>2026-04-27T01:45:28Z</time>
   </trkpt>
   <trkpt lat="37.7686820" lon="-122.4987700">
    <ele>29.7</ele>
    <time>2026-04-27T01:45:29Z</time>
   </trkpt>
   <trkpt lat="37.7686840" lon="-122.4987330">
    <ele>29.7</ele>
    <time>2026-04-27T01:45:30Z</time>
   </trkpt>
   <trkpt lat="37.7687020" lon="-122.4987060">
    <ele>29.8</ele>
    <time>2026-04-27T01:45:31Z</time>
   </trkpt>
   <trkpt lat="37.7687080" lon="-122.4986720">
    <ele>29.8</ele>
    <time>2026-04-27T01:45:32Z</time>
   </trkpt>
   <trkpt lat="37.7687210" lon="-122.4986330">
    <ele>29.9</ele>
    <time>2026-04-27T01:45:33Z</time>
   </trkpt>
   <trkpt lat="37.7687440" lon="-122.4985910">
    <ele>30.0</ele>
    <time>2026-04-27T01:45:34Z</time>
   </trkpt>
   <trkpt lat="37.7687610" lon="-122.4985820">
    <ele>30.0</ele>
    <time>2026-04-27T01:45:35Z</time>
   </trkpt>
   <trkpt lat="37.7687700" lon="-122.4985420">
    <ele>30.1</ele>
    <time>2026-04-27T01:45:36Z</time>
   </trkpt>
   <trkpt lat="37.7687720" lon="-122.4985030">
    <ele>30.2</ele>
    <time>2026-04-27T01:45:37Z</time>
   </trkpt>
   <trkpt lat="37.7687750" lon="-122.4984640">
    <ele>30.2</ele>
    <time>2026-04-27T01:45:38Z</time>
   </trkpt>
   <trkpt lat="37.7687750" lon="-122.4984450">
    <ele>30.3</ele>
    <time>2026-04-27T01:45:39Z</time>
   </trkpt>
   <trkpt lat="37.7687800" lon="-122.4984020">
    <ele>30.4</ele>
    <time>2026-04-27T01:45:40Z</time>
   </trkpt>
   <trkpt lat="37.7687860" lon="-122.4983840">
    <ele>30.4</ele>
    <time>2026-04-27T01:45:41Z</time>
   </trkpt>
   <trkpt lat="37.7687890" lon="-122.4983310">
    <ele>30.5</ele>
    <time>2026-04-27T01:45:42Z</time>
   </trkpt>
   <trkpt lat="37.7687880" lon="-122.4983060">
    <ele>30.6</ele>
    <time>2026-04-27T01:45:43Z</time>
   </trkpt>
   <trkpt lat="37.7687890" lon="-122.4982690">
    <ele>30.7</ele>
    <time>2026-04-27T01:45:44Z</time>
   </trkpt>
   <trkpt lat="37.7688100" lon="-122.4982380">
    <ele>30.8</ele>
    <time>2026-04-27T01:45:45Z</time>
   </trkpt>
   <trkpt lat="37.7688130" lon="-122.4982260">
    <ele>30.8</ele>
    <time>2026-04-27T01:45:46Z</time>
   </trkpt>
   <trkpt lat="37.7688240" lon="-122.4981920">
    <ele>30.9</ele>
    <time>2026-04-27T01:45:47Z</time>
   </trkpt>
   <trkpt lat="37.7688480" lon="-122.4981530">
    <ele>31.0</ele>
    <time>2026-04-27T01:45:48Z</time>
   </trkpt>
   <trkpt lat="37.7688570" lon="-122.4981360">
    <ele>31.0</ele>
    <time>2026-04-27T01:45:49Z</time>
   </trkpt>
   <trkpt lat="37.7688720" lon="-122.4980980">
    <ele>31.1</ele>
    <time>2026-04-27T01:45:50Z</time>
   </trkpt>
   <trkpt lat="37.7688740" lon="-122.4980830">
    <ele>31.1</ele>
    <time>2026-04-27T01:45:51Z</time>
   </trkpt>
   <trkpt lat="37.7688770" lon="-122.4980470">
    <ele>31.2</ele>
    <time>2026-04-27T01:45:52Z</time>
   </trkpt>
   <trkpt lat="37.7688830" lon="-122.4980090">
    <ele>31.3</ele>
    <time>2026-04-27T01:45:53Z</time>
   </trkpt>
   <trkpt lat="37.7688850" lon="-122.4979880">
    <ele>31.3</ele>
    <time>2026-04-27T01:45:54Z</time>
   </trkpt>
   <trkpt lat="37.7688810" lon="-122.4979490">
    <ele>31.4</ele>
    <time>2026-04-27T01:45:55Z</time>
   </trkpt>
   <trkpt lat="37.7688930" lon="-122.4979150">
    <ele>31.5</ele>
    <time>2026-04-27T01:45:56Z</time>
   </trkpt>
   <trkpt lat="37.7689130" lon="-122.4978760">
    <ele>31.5</ele>
    <time>2026-04-27T01:45:57Z</time>
   </trkpt>
   <trkpt lat="37.7689270" lon="-122.4978330">
    <ele>31.6</ele>
    <time>2026-04-27T01:45:58Z</time>
   </trkpt>
   <trkpt lat="37.7689280" lon="-122.4978180">
    <ele>31.6</ele>
    <time>2026-04-27T01:45:59Z</time>
   </trkpt>
   <trkpt lat="37.7689380" lon="-122.4977720">
    <ele>31.7</ele>
    <time>2026-04-27T01:46:00Z</time>
   </trkpt>
   <trkpt lat="37.7689500" lon="-122.4977550">
    <ele>31.8</ele>
    <time>2026-04-27T01:46:01Z</time>
   </trkpt>
   <trkpt lat="37.7689610" lon="-122.4977230">
    <ele>31.8</ele>
    <time>2026-04-27T01:46:02Z</time>
   </trkpt>
   <trkpt lat="37.7689720" lon="-122.4976890">
    <ele>31.9</ele>
    <time>2026-04-27T01:46:03Z</time>
   </trkpt>
   <trkpt lat="37.7689810" lon="-122.4976380">
    <ele>32.0</ele>
    <time>2026-04-27T01:46:04Z</time>
   </trkpt>
   <trkpt lat="37.7689820" lon="-122.4976200">
    <ele>32.0</ele>
    <time>2026-04-27T01:46:05Z</time>
   </trkpt>
   <trkpt lat="37.7689840" lon="-122.4975670">
    <ele>32.1</ele>
    <time>2026-04-27T01:46:06Z</time>
   </trkpt>
   <trkpt lat="37.7689870" lon="-122.4975300">
    <ele>32.1</ele>
    <time>2026-04-27T01:46:07Z</time>
   </trkpt>
   <trkpt lat="37.7689930" lon="-122.4974860">
    <ele>32.2</ele>
    <time>2026-04-27T01:46:08Z</time>
   </trkpt>
   <trkpt lat="37.7689930" lon="-122.4974440">
    <ele>32.3</ele>
    <time>2026-04-27T01:46:09Z</time>
   </trkpt>
   <trkpt lat="37.7690110" lon="-122.4974000">
    <ele>32.4</ele>
    <time>2026-04-27T01:46:10Z</time>
   </trkpt>
   <trkpt lat="37.7690160" lon="-122.4973830">
    <ele>32.4</ele>
    <time>2026-04-27T01:46:11Z</time>
   </trkpt>
   <trkpt lat="37.7690240" lon="-122.4973440">
    <ele>32.5</ele>
    <time>2026-04-27T01:46:12Z</time>
   </trkpt>
   <trkpt lat="37.7690630" lon="-122.4972850">
    <ele>32.6</ele>
    <time>2026-04-27T01:46:13Z</time>
   </trkpt>
   <trkpt lat="37.7690670" lon="-122.4972380">
    <ele>32.7</ele>
    <time>2026-04-27T01:46:14Z</time>
   </trkpt>
   <trkpt lat="37.7690760" lon="-122.4972210">
    <ele>32.7</ele>
    <time>2026-04-27T01:46:15Z</time>
   </trkpt>
   <trkpt lat="37.7690730" lon="-122.4971690">
    <ele>32.8</ele>
    <time>2026-04-27T01:46:16Z</time>
   </trkpt>
   <trkpt lat="37.7690740" lon="-122.4971480">
    <ele>32.8</ele>
    <time>2026-04-27T01:46:17Z</time>
   </trkpt>
   <trkpt lat="37.7690810" lon="-122.4971020">
    <ele>32.9</ele>
    <time>2026-04-27T01:46:18Z</time>
   </trkpt>
   <trkpt lat="37.7691010" lon="-122.4970730">
    <ele>32.9</ele>
    <time>2026-04-27T01:46:19Z</time>
   </trkpt>
   <trkpt lat="37.7690990" lon="-122.4970250">
    <ele>33.0</ele>
    <time>2026-04-27T01:46:20Z</time>
   </trkpt>
   <trkpt lat="37.7691080" lon="-122.4969920">
    <ele>33.1</ele>
    <time>2026-04-27T01:46:21Z</time>
   </trkpt>
   <trkpt lat="37.7691300" lon="-122.4969500">
    <ele>33.1</ele>
    <time>2026-04-27T01:46:22Z</time>
   </trkpt>
   <trkpt lat="37.7691050" lon="-122.4969130">
    <ele>33.2</ele>
    <time>2026-04-27T01:46:23Z</time>
   </trkpt>
   <trkpt lat="37.7691170" lon="-122.4968620">
    <ele>33.3</ele>
    <time>2026-04-27T01:46:24Z</time>
   </trkpt>
   <trkpt lat="37.7691310" lon="-122.4968450">
    <ele>33.3</ele>
    <time>2026-04-27T01:46:25Z</time>
   </trkpt>
   <trkpt lat="37.7691350" lon="-122.4968090">
    <ele>33.4</ele>
    <time>2026-04-27T01:46:26Z</time>
   </trkpt>
   <trkpt lat="37.7691450" lon="-122.4967700">
    <ele>33.4</ele>
    <time>2026-04-27T01:46:27Z</time>
   </trkpt>
   <trkpt lat="37.7691440" lon="-122.4967280">
    <ele>33.5</ele>
    <time>2026-04-27T01:46:28Z</time>
   </trkpt>
   <trkpt lat="37.7691520" lon="-122.4967140">
    <ele>33.5</ele>
    <time>2026-04-27T01:46:29Z</time>
   </trkpt>
   <trkpt lat="37.7691730" lon="-122.4966740">
    <ele>33.6</ele>
    <time>2026-04-27T01:46:30Z</time>
   </trkpt>
   <trkpt lat="37.7691690" lon="-122.4966330">
    <ele>33.6</ele>
    <time>2026-04-27T01:46:31Z</time>
   </trkpt>
   <trkpt lat="37.7691470" lon="-122.4965970">
    <ele>33.7</ele>
    <time>2026-04-27T01:46:32Z</time>
   </trkpt>
   <trkpt lat="37.7691430" lon="-122.4965570">
    <ele>33.7</ele>
    <time>2026-04-27T01:46:33Z</time>
   </trkpt>
   <trkpt lat="37.7691560" lon="-122.4965130">
    <ele>33.8</ele>
    <time>2026-04-27T01:46:34Z</time>
   </trkpt>
   <trkpt lat="37.7691680" lon="-122.4964950">
    <ele>33.8</ele>
    <time>2026-04-27T01:46:35Z</time>
   </trkpt>
   <trkpt lat="37.7691830" lon="-122.4964550">
    <ele>33.9</ele>
    <time>2026-04-27T01:46:36Z</time>
   </trkpt>
   <trkpt lat="37.7691890" lon="-122.4964140">
    <ele>33.9</ele>
    <time>2026-04-27T01:46:37Z</time>
   </trkpt>
   <trkpt lat="37.7692100" lon="-122.4963830">
    <ele>34.0</ele>
    <time>2026-04-27T01:46:38Z</time>
   </trkpt>
   <trkpt lat="37.7692270" lon="-122.4963670">
    <ele>34.0</ele>
    <time>2026-04-27T01:46:39Z</time>
   </trkpt>
   <trkpt lat="37.7692360" lon="-122.4963230">
    <ele>34.1</ele>
    <time>2026-04-27T01:46:40Z</time>
   </trkpt>
   <trkpt lat="37.7692470" lon="-122.4962770">
    <ele>34.1</ele>
    <time>2026-04-27T01:46:41Z</time>
   </trkpt>
   <trkpt lat="37.7692540" lon="-122.4962430">
    <ele>34.2</ele>
    <time>2026-04-27T01:46:42Z</time>
   </trkpt>
   <trkpt lat="37.7692420" lon="-122.4962030">
    <ele>34.3</ele>
    <time>2026-04-27T01:46:43Z</time>
   </trkpt>
   <trkpt lat="37.7692360" lon="-122.4961610">
    <ele>34.3</ele>
    <time>2026-04-27T01:46:44Z</time>
   </trkpt>
   <trkpt lat="37.7692330" lon="-122.4961430">
    <ele>34.3</ele>
    <time>2026-04-27T01:46:45Z</time>
   </trkpt>
   <trkpt lat="37.7692500" lon="-122.4960890">
    <ele>34.4</ele>
    <time>2026-04-27T01:46:46Z</time>
   </trkpt>
   <trkpt lat="37.7692540" lon="-122.4960640">
    <ele>34.5</ele>
    <time>2026-04-27T01:46:47Z</time>
   </trkpt>
   <trkpt lat="37.7692690" lon="-122.4960050">
    <ele>34.6</ele>
    <time>2026-04-27T01:46:48Z</time>
   </trkpt>
   <trkpt lat="37.7692760" lon="-122.4959780">
    <ele>34.6</ele>
    <time>2026-04-27T01:46:49Z</time>
   </trkpt>
   <trkpt lat="37.7692770" lon="-122.4959600">
    <ele>34.7</ele>
    <time>2026-04-27T01:46:50Z</time>
   </trkpt>
   <trkpt lat="37.7692810" lon="-122.4959330">
    <ele>34.7</ele>
    <time>2026-04-27T01:46:51Z</time>
   </trkpt>
   <trkpt lat="37.7692760" lon="-122.4958740">
    <ele>34.8</ele>
    <time>2026-04-27T01:46:53Z</time>
   </trkpt>
   <trkpt lat="37.7692800" lon="-122.4958510">
    <ele>34.8</ele>
    <time>2026-04-27T01:46:54Z</time>
   </trkpt>
   <trkpt lat="37.7692830" lon="-122.4958270">
    <ele>34.9</ele>
    <time>2026-04-27T01:46:55Z</time>
   </trkpt>
   <trkpt lat="37.7692990" lon="-122.4957950">
    <ele>34.9</ele>
    <time>2026-04-27T01:46:56Z</time>
   </trkpt>
   <trkpt lat="37.7693080" lon="-122.4957560">
    <ele>35.0</ele>
    <time>2026-04-27T01:46:57Z</time>
   </trkpt>
   <trkpt lat="37.7693110" lon="-122.4957430">
    <ele>35.0</ele>
    <time>2026-04-27T01:46:58Z</time>
   </trkpt>
   <trkpt lat="37.7693090" lon="-122.4957060">
    <ele>35.1</ele>
    <time>2026-04-27T01:46:59Z</time>
   </trkpt>
   <trkpt lat="37.7693220" lon="-122.4956730">
    <ele>35.2</ele>
    <time>2026-04-27T01:47:00Z</time>
   </trkpt>
   <trkpt lat="37.7693350" lon="-122.4956290">
    <ele>35.3</ele>
    <time>2026-04-27T01:47:01Z</time>
   </trkpt>
   <trkpt lat="37.7693380" lon="-122.4955880">
    <ele>35.4</ele>
    <time>2026-04-27T01:47:02Z</time>
   </trkpt>
   <trkpt lat="37.7693420" lon="-122.4955780">
    <ele>35.4</ele>
    <time>2026-04-27T01:47:03Z</time>
   </trkpt>
   <trkpt lat="37.7693460" lon="-122.4955250">
    <ele>35.5</ele>
    <time>2026-04-27T01:47:04Z</time>
   </trkpt>
   <trkpt lat="37.7693430" lon="-122.4954980">
    <ele>35.6</ele>
    <time>2026-04-27T01:47:05Z</time>
   </trkpt>
   <trkpt lat="37.7693560" lon="-122.4954490">
    <ele>35.8</ele>
    <time>2026-04-27T01:47:06Z</time>
   </trkpt>
   <trkpt lat="37.7693600" lon="-122.4954290">
    <ele>35.8</ele>
    <time>2026-04-27T01:47:07Z</time>
   </trkpt>
   <trkpt lat="37.7693810" lon="-122.4953630">
    <ele>36.0</ele>
    <time>2026-04-27T01:47:08Z</time>
   </trkpt>
   <trkpt lat="37.7693850" lon="-122.4953370">
    <ele>36.1</ele>
    <time>2026-04-27T01:47:09Z</time>
   </trkpt>
   <trkpt lat="37.7693900" lon="-122.4953010">
    <ele>36.2</ele>
    <time>2026-04-27T01:47:10Z</time>
   </trkpt>
   <trkpt lat="37.7694080" lon="-122.4952560">
    <ele>36.3</ele>
    <time>2026-04-27T01:47:11Z</time>
   </trkpt>
   <trkpt lat="37.7694150" lon="-122.4952420">
    <ele>36.4</ele>
    <time>2026-04-27T01:47:12Z</time>
   </trkpt>
   <trkpt lat="37.7694150" lon="-122.4952020">
    <ele>36.5</ele>
    <time>2026-04-27T01:47:13Z</time>
   </trkpt>
   <trkpt lat="37.7694190" lon="-122.4951660">
    <ele>36.6</ele>
    <time>2026-04-27T01:47:14Z</time>
   </trkpt>
   <trkpt lat="37.7694470" lon="-122.4951340">
    <ele>36.7</ele>
    <time>2026-04-27T01:47:15Z</time>
   </trkpt>
   <trkpt lat="37.7694710" lon="-122.4951110">
    <ele>36.8</ele>
    <time>2026-04-27T01:47:16Z</time>
   </trkpt>
   <trkpt lat="37.7694770" lon="-122.4950970">
    <ele>36.9</ele>
    <time>2026-04-27T01:47:17Z</time>
   </trkpt>
   <trkpt lat="37.7694800" lon="-122.4950580">
    <ele>37.0</ele>
    <time>2026-04-27T01:47:18Z</time>
   </trkpt>
   <trkpt lat="37.7695010" lon="-122.4950140">
    <ele>37.1</ele>
    <time>2026-04-27T01:47:19Z</time>
   </trkpt>
   <trkpt lat="37.7695090" lon="-122.4949990">
    <ele>37.2</ele>
    <time>2026-04-27T01:47:20Z</time>
   </trkpt>
   <trkpt lat="37.7695330" lon="-122.4949610">
    <ele>37.3</ele>
    <time>2026-04-27T01:47:21Z</time>
   </trkpt>
   <trkpt lat="37.7695340" lon="-122.4949390">
    <ele>37.4</ele>
    <time>2026-04-27T01:47:22Z</time>
   </trkpt>
   <trkpt lat="37.7695520" lon="-122.4948980">
    <ele>37.5</ele>
    <time>2026-04-27T01:47:23Z</time>
   </trkpt>
   <trkpt lat="37.7695690" lon="-122.4948920">
    <ele>37.6</ele>
    <time>2026-04-27T01:47:24Z</time>
   </trkpt>
   <trkpt lat="37.7695740" lon="-122.4948670">
    <ele>37.7</ele>
    <time>2026-04-27T01:47:25Z</time>
   </trkpt>
   <trkpt lat="37.7695890" lon="-122.4948240">
    <ele>37.8</ele>
    <time>2026-04-27T01:47:26Z</time>
   </trkpt>
   <trkpt lat="37.7696160" lon="-122.4947930">
    <ele>37.9</ele>
    <time>2026-04-27T01:47:27Z</time>
   </trkpt>
   <trkpt lat="37.7696190" lon="-122.4947750">
    <ele>38.0</ele>
    <time>2026-04-27T01:47:28Z</time>
   </trkpt>
   <trkpt lat="37.7696440" lon="-122.4947370">
    <ele>38.1</ele>
    <time>2026-04-27T01:47:29Z</time>
   </trkpt>
   <trkpt lat="37.7696550" lon="-122.4947260">
    <ele>38.2</ele>
    <time>2026-04-27T01:47:30Z</time>
   </trkpt>
   <trkpt lat="37.7696750" lon="-122.4946940">
    <ele>38.3</ele>
    <time>2026-04-27T01:47:31Z</time>
   </trkpt>
   <trkpt lat="37.7696890" lon="-122.4946600">
    <ele>38.4</ele>
    <time>2026-04-27T01:47:32Z</time>
   </trkpt>
   <trkpt lat="37.7697200" lon="-122.4946470">
    <ele>38.5</ele>
    <time>2026-04-27T01:47:33Z</time>
   </trkpt>
   <trkpt lat="37.7697280" lon="-122.4946310">
    <ele>38.6</ele>
    <time>2026-04-27T01:47:34Z</time>
   </trkpt>
   <trkpt lat="37.7697440" lon="-122.4946030">
    <ele>38.7</ele>
    <time>2026-04-27T01:47:35Z</time>
   </trkpt>
   <trkpt lat="37.7697600" lon="-122.4945690">
    <ele>38.8</ele>
    <time>2026-04-27T01:47:36Z</time>
   </trkpt>
   <trkpt lat="37.7697610" lon="-122.4945560">
    <ele>38.8</ele>
    <time>2026-04-27T01:47:37Z</time>
   </trkpt>
   <trkpt lat="37.7697790" lon="-122.4945120">
    <ele>39.0</ele>
    <time>2026-04-27T01:47:38Z</time>
   </trkpt>
   <trkpt lat="37.7697920" lon="-122.4944770">
    <ele>39.1</ele>
    <time>2026-04-27T01:47:39Z</time>
   </trkpt>
   <trkpt lat="37.7698260" lon="-122.4944370">
    <ele>39.2</ele>
    <time>2026-04-27T01:47:40Z</time>
   </trkpt>
   <trkpt lat="37.7698420" lon="-122.4944200">
    <ele>39.3</ele>
    <time>2026-04-27T01:47:41Z</time>
   </trkpt>
   <trkpt lat="37.7698630" lon="-122.4943920">
    <ele>39.4</ele>
    <time>2026-04-27T01:47:42Z</time>
   </trkpt>
   <trkpt lat="37.7698680" lon="-122.4943780">
    <ele>39.5</ele>
    <time>2026-04-27T01:47:43Z</time>
   </trkpt>
   <trkpt lat="37.7698930" lon="-122.4943370">
    <ele>39.6</ele>
    <time>2026-04-27T01:47:44Z</time>
   </trkpt>
   <trkpt lat="37.7699050" lon="-122.4943240">
    <ele>39.7</ele>
    <time>2026-04-27T01:47:45Z</time>
   </trkpt>
   <trkpt lat="37.7699330" lon="-122.4942970">
    <ele>39.8</ele>
    <time>2026-04-27T01:47:46Z</time>
   </trkpt>
   <trkpt lat="37.7699410" lon="-122.4942860">
    <ele>39.8</ele>
    <time>2026-04-27T01:47:47Z</time>
   </trkpt>
   <trkpt lat="37.7699740" lon="-122.4942590">
    <ele>39.9</ele>
    <time>2026-04-27T01:47:48Z</time>
   </trkpt>
   <trkpt lat="37.7699810" lon="-122.4942180">
    <ele>40.1</ele>
    <time>2026-04-27T01:47:49Z</time>
   </trkpt>
   <trkpt lat="37.7699820" lon="-122.4942060">
    <ele>40.1</ele>
    <time>2026-04-27T01:47:50Z</time>
   </trkpt>
   <trkpt lat="37.7699890" lon="-122.4941700">
    <ele>40.2</ele>
    <time>2026-04-27T01:47:51Z</time>
   </trkpt>
   <trkpt lat="37.7699960" lon="-122.4941560">
    <ele>40.2</ele>
    <time>2026-04-27T01:47:52Z</time>
   </trkpt>
   <trkpt lat="37.7700260" lon="-122.4941220">
    <ele>40.3</ele>
    <time>2026-04-27T01:47:53Z</time>
   </trkpt>
   <trkpt lat="37.7700370" lon="-122.4941090">
    <ele>40.4</ele>
    <time>2026-04-27T01:47:54Z</time>
   </trkpt>
   <trkpt lat="37.7700490" lon="-122.4940790">
    <ele>40.5</ele>
    <time>2026-04-27T01:47:55Z</time>
   </trkpt>
   <trkpt lat="37.7700720" lon="-122.4940420">
    <ele>40.6</ele>
    <time>2026-04-27T01:47:56Z</time>
   </trkpt>
   <trkpt lat="37.7700810" lon="-122.4940270">
    <ele>40.6</ele>
    <time>2026-04-27T01:47:57Z</time>
   </trkpt>
   <trkpt lat="37.7700970" lon="-122.4939970">
    <ele>40.7</ele>
    <time>2026-04-27T01:47:58Z</time>
   </trkpt>
   <trkpt lat="37.7701220" lon="-122.4939690">
    <ele>40.7</ele>
    <time>2026-04-27T01:47:59Z</time>
   </trkpt>
   <trkpt lat="37.7701210" lon="-122.4939560">
    <ele>40.8</ele>
    <time>2026-04-27T01:48:00Z</time>
   </trkpt>
   <trkpt lat="37.7701370" lon="-122.4939400">
    <ele>40.8</ele>
    <time>2026-04-27T01:48:01Z</time>
   </trkpt>
   <trkpt lat="37.7701610" lon="-122.4938990">
    <ele>40.9</ele>
    <time>2026-04-27T01:48:02Z</time>
   </trkpt>
   <trkpt lat="37.7701700" lon="-122.4938860">
    <ele>40.9</ele>
    <time>2026-04-27T01:48:03Z</time>
   </trkpt>
   <trkpt lat="37.7701990" lon="-122.4938540">
    <ele>41.0</ele>
    <time>2026-04-27T01:48:04Z</time>
   </trkpt>
   <trkpt lat="37.7702080" lon="-122.4938190">
    <ele>41.1</ele>
    <time>2026-04-27T01:48:05Z</time>
   </trkpt>
   <trkpt lat="37.7702110" lon="-122.4937750">
    <ele>41.1</ele>
    <time>2026-04-27T01:48:06Z</time>
   </trkpt>
   <trkpt lat="37.7702160" lon="-122.4937590">
    <ele>41.2</ele>
    <time>2026-04-27T01:48:07Z</time>
   </trkpt>
   <trkpt lat="37.7702340" lon="-122.4937170">
    <ele>41.3</ele>
    <time>2026-04-27T01:48:08Z</time>
   </trkpt>
   <trkpt lat="37.7702470" lon="-122.4937070">
    <ele>41.3</ele>
    <time>2026-04-27T01:48:09Z</time>
   </trkpt>
   <trkpt lat="37.7702710" lon="-122.4936770">
    <ele>41.4</ele>
    <time>2026-04-27T01:48:10Z</time>
   </trkpt>
   <trkpt lat="37.7702780" lon="-122.4936420">
    <ele>41.4</ele>
    <time>2026-04-27T01:48:11Z</time>
   </trkpt>
   <trkpt lat="37.7703080" lon="-122.4936230">
    <ele>41.5</ele>
    <time>2026-04-27T01:48:12Z</time>
   </trkpt>
   <trkpt lat="37.7703190" lon="-122.4935920">
    <ele>41.5</ele>
    <time>2026-04-27T01:48:13Z</time>
   </trkpt>
   <trkpt lat="37.7703350" lon="-122.4935700">
    <ele>41.5</ele>
    <time>2026-04-27T01:48:14Z</time>
   </trkpt>
   <trkpt lat="37.7703480" lon="-122.4935580">
    <ele>41.6</ele>
    <time>2026-04-27T01:48:15Z</time>
   </trkpt>
   <trkpt lat="37.7703610" lon="-122.4935210">
    <ele>41.6</ele>
    <time>2026-04-27T01:48:16Z</time>
   </trkpt>
   <trkpt lat="37.7703640" lon="-122.4934850">
    <ele>41.7</ele>
    <time>2026-04-27T01:48:17Z</time>
   </trkpt>
   <trkpt lat="37.7703640" lon="-122.4934450">
    <ele>41.7</ele>
    <time>2026-04-27T01:48:18Z</time>
   </trkpt>
   <trkpt lat="37.7703690" lon="-122.4934100">
    <ele>41.7</ele>
    <time>2026-04-27T01:48:19Z</time>
   </trkpt>
   <trkpt lat="37.7703930" lon="-122.4933730">
    <ele>41.7</ele>
    <time>2026-04-27T01:48:20Z</time>
   </trkpt>
   <trkpt lat="37.7704010" lon="-122.4933590">
    <ele>41.7</ele>
    <time>2026-04-27T01:48:21Z</time>
   </trkpt>
   <trkpt lat="37.7704140" lon="-122.4933220">
    <ele>41.7</ele>
    <time>2026-04-27T01:48:22Z</time>
   </trkpt>
   <trkpt lat="37.7704110" lon="-122.4932830">
    <ele>41.7</ele>
    <time>2026-04-27T01:48:23Z</time>
   </trkpt>
   <trkpt lat="37.7704230" lon="-122.4932490">
    <ele>41.7</ele>
    <time>2026-04-27T01:48:24Z</time>
   </trkpt>
   <trkpt lat="37.7704410" lon="-122.4932070">
    <ele>41.7</ele>
    <time>2026-04-27T01:48:25Z</time>
   </trkpt>
   <trkpt lat="37.7704570" lon="-122.4931680">
    <ele>41.6</ele>
    <time>2026-04-27T01:48:26Z</time>
   </trkpt>
   <trkpt lat="37.7704700" lon="-122.4931200">
    <ele>41.5</ele>
    <time>2026-04-27T01:48:27Z</time>
   </trkpt>
   <trkpt lat="37.7704690" lon="-122.4930980">
    <ele>41.5</ele>
    <time>2026-04-27T01:48:28Z</time>
   </trkpt>
   <trkpt lat="37.7704750" lon="-122.4930630">
    <ele>41.5</ele>
    <time>2026-04-27T01:48:29Z</time>
   </trkpt>
   <trkpt lat="37.7704980" lon="-122.4930300">
    <ele>41.4</ele>
    <time>2026-04-27T01:48:30Z</time>
   </trkpt>
   <trkpt lat="37.7705090" lon="-122.4929820">
    <ele>41.3</ele>
    <time>2026-04-27T01:48:31Z</time>
   </trkpt>
   <trkpt lat="37.7705100" lon="-122.4929350">
    <ele>41.2</ele>
    <time>2026-04-27T01:48:32Z</time>
   </trkpt>
   <trkpt lat="37.7705280" lon="-122.4929030">
    <ele>41.1</ele>
    <time>2026-04-27T01:48:33Z</time>
   </trkpt>
   <trkpt lat="37.7705430" lon="-122.4928680">
    <ele>41.0</ele>
    <time>2026-04-27T01:48:34Z</time>
   </trkpt>
   <trkpt lat="37.7705590" lon="-122.4928260">
    <ele>40.9</ele>
    <time>2026-04-27T01:48:35Z</time>
   </trkpt>
   <trkpt lat="37.7705780" lon="-122.4927840">
    <ele>40.8</ele>
    <time>2026-04-27T01:48:36Z</time>
   </trkpt>
   <trkpt lat="37.7705980" lon="-122.4927370">
    <ele>40.7</ele>
    <time>2026-04-27T01:48:37Z</time>
   </trkpt>
   <trkpt lat="37.7706080" lon="-122.4927200">
    <ele>40.7</ele>
    <time>2026-04-27T01:48:38Z</time>
   </trkpt>
   <trkpt lat="37.7706260" lon="-122.4926720">
    <ele>40.5</ele>
    <time>2026-04-27T01:48:39Z</time>
   </trkpt>
   <trkpt lat="37.7706310" lon="-122.4926290">
    <ele>40.4</ele>
    <time>2026-04-27T01:48:40Z</time>
   </trkpt>
   <trkpt lat="37.7706380" lon="-122.4925770">
    <ele>40.3</ele>
    <time>2026-04-27T01:48:41Z</time>
   </trkpt>
   <trkpt lat="37.7706460" lon="-122.4925320">
    <ele>40.2</ele>
    <time>2026-04-27T01:48:42Z</time>
   </trkpt>
   <trkpt lat="37.7706580" lon="-122.4924770">
    <ele>40.1</ele>
    <time>2026-04-27T01:48:43Z</time>
   </trkpt>
   <trkpt lat="37.7706650" lon="-122.4924530">
    <ele>40.0</ele>
    <time>2026-04-27T01:48:44Z</time>
   </trkpt>
   <trkpt lat="37.7706690" lon="-122.4924150">
    <ele>39.9</ele>
    <time>2026-04-27T01:48:45Z</time>
   </trkpt>
   <trkpt lat="37.7706740" lon="-122.4923780">
    <ele>39.8</ele>
    <time>2026-04-27T01:48:46Z</time>
   </trkpt>
   <trkpt lat="37.7706850" lon="-122.4923300">
    <ele>39.7</ele>
    <time>2026-04-27T01:48:47Z</time>
   </trkpt>
   <trkpt lat="37.7707010" lon="-122.4922920">
    <ele>39.6</ele>
    <time>2026-04-27T01:48:48Z</time>
   </trkpt>
   <trkpt lat="37.7707160" lon="-122.4922610">
    <ele>39.5</ele>
    <time>2026-04-27T01:48:49Z</time>
   </trkpt>
   <trkpt lat="37.7707270" lon="-122.4922080">
    <ele>39.4</ele>
    <time>2026-04-27T01:48:50Z</time>
   </trkpt>
   <trkpt lat="37.7707390" lon="-122.4921830">
    <ele>39.4</ele>
    <time>2026-04-27T01:48:51Z</time>
   </trkpt>
   <trkpt lat="37.7707450" lon="-122.4921380">
    <ele>39.3</ele>
    <time>2026-04-27T01:48:52Z</time>
   </trkpt>
   <trkpt lat="37.7707590" lon="-122.4920930">
    <ele>39.2</ele>
    <time>2026-04-27T01:48:53Z</time>
   </trkpt>
   <trkpt lat="37.7707630" lon="-122.4920760">
    <ele>39.2</ele>
    <time>2026-04-27T01:48:54Z</time>
   </trkpt>
   <trkpt lat="37.7707710" lon="-122.4920390">
    <ele>39.1</ele>
    <time>2026-04-27T01:48:55Z</time>
   </trkpt>
   <trkpt lat="37.7707690" lon="-122.4920020">
    <ele>39.1</ele>
    <time>2026-04-27T01:48:56Z</time>
   </trkpt>
   <trkpt lat="37.7707640" lon="-122.4919570">
    <ele>39.1</ele>
    <time>2026-04-27T01:48:57Z</time>
   </trkpt>
   <trkpt lat="37.7707890" lon="-122.4919250">
    <ele>39.1</ele>
    <time>2026-04-27T01:48:59Z</time>
   </trkpt>
   <trkpt lat="37.7707930" lon="-122.4918860">
    <ele>39.1</ele>
    <time>2026-04-27T01:49:00Z</time>
   </trkpt>
   <trkpt lat="37.7708240" lon="-122.4918520">
    <ele>39.0</ele>
    <time>2026-04-27T01:49:01Z</time>
   </trkpt>
   <trkpt lat="37.7708290" lon="-122.4918010">
    <ele>39.0</ele>
    <time>2026-04-27T01:49:02Z</time>
   </trkpt>
   <trkpt lat="37.7708300" lon="-122.4917790">
    <ele>39.0</ele>
    <time>2026-04-27T01:49:03Z</time>
   </trkpt>
   <trkpt lat="37.7708340" lon="-122.4917290">
    <ele>39.1</ele>
    <time>2026-04-27T01:49:04Z</time>
   </trkpt>
   <trkpt lat="37.7708350" lon="-122.4917100">
    <ele>39.1</ele>
    <time>2026-04-27T01:49:05Z</time>
   </trkpt>
   <trkpt lat="37.7708410" lon="-122.4916750">
    <ele>39.1</ele>
    <time>2026-04-27T01:49:06Z</time>
   </trkpt>
   <trkpt lat="37.7708340" lon="-122.4916280">
    <ele>39.1</ele>
    <time>2026-04-27T01:49:07Z</time>
   </trkpt>
   <trkpt lat="37.7708520" lon="-122.4915920">
    <ele>39.1</ele>
    <time>2026-04-27T01:49:08Z</time>
   </trkpt>
   <trkpt lat="37.7708690" lon="-122.4915390">
    <ele>39.1</ele>
    <time>2026-04-27T01:49:09Z</time>
   </trkpt>
   <trkpt lat="37.7708740" lon="-122.4915150">
    <ele>39.1</ele>
    <time>2026-04-27T01:49:10Z</time>
   </trkpt>
   <trkpt lat="37.7708800" lon="-122.4914720">
    <ele>39.1</ele>
    <time>2026-04-27T01:49:11Z</time>
   </trkpt>
   <trkpt lat="37.7708910" lon="-122.4914240">
    <ele>39.1</ele>
    <time>2026-04-27T01:49:12Z</time>
   </trkpt>
   <trkpt lat="37.7708970" lon="-122.4914100">
    <ele>39.1</ele>
    <time>2026-04-27T01:49:13Z</time>
   </trkpt>
   <trkpt lat="37.7708930" lon="-122.4913270">
    <ele>39.2</ele>
    <time>2026-04-27T01:49:14Z</time>
   </trkpt>
   <trkpt lat="37.7708960" lon="-122.4912910">
    <ele>39.2</ele>
    <time>2026-04-27T01:49:15Z</time>
   </trkpt>
   <trkpt lat="37.7708940" lon="-122.4912420">
    <ele>39.2</ele>
    <time>2026-04-27T01:49:16Z</time>
   </trkpt>
   <trkpt lat="37.7709030" lon="-122.4911970">
    <ele>39.2</ele>
    <time>2026-04-27T01:49:17Z</time>
   </trkpt>
   <trkpt lat="37.7709160" lon="-122.4911590">
    <ele>39.3</ele>
    <time>2026-04-27T01:49:18Z</time>
   </trkpt>
   <trkpt lat="37.7709260" lon="-122.4911190">
    <ele>39.3</ele>
    <time>2026-04-27T01:49:19Z</time>
   </trkpt>
   <trkpt lat="37.7709250" lon="-122.4910830">
    <ele>39.4</ele>
    <time>2026-04-27T01:49:20Z</time>
   </trkpt>
   <trkpt lat="37.7709330" lon="-122.4910450">
    <ele>39.4</ele>
    <time>2026-04-27T01:49:21Z</time>
   </trkpt>
   <trkpt lat="37.7709320" lon="-122.4909990">
    <ele>39.4</ele>
    <time>2026-04-27T01:49:22Z</time>
   </trkpt>
   <trkpt lat="37.7709350" lon="-122.4909850">
    <ele>39.5</ele>
    <time>2026-04-27T01:49:23Z</time>
   </trkpt>
   <trkpt lat="37.7709310" lon="-122.4909350">
    <ele>39.5</ele>
    <time>2026-04-27T01:49:24Z</time>
   </trkpt>
   <trkpt lat="37.7709290" lon="-122.4908930">
    <ele>39.6</ele>
    <time>2026-04-27T01:49:25Z</time>
   </trkpt>
   <trkpt lat="37.7709320" lon="-122.4908580">
    <ele>39.6</ele>
    <time>2026-04-27T01:49:26Z</time>
   </trkpt>
   <trkpt lat="37.7709220" lon="-122.4908100">
    <ele>39.7</ele>
    <time>2026-04-27T01:49:27Z</time>
   </trkpt>
   <trkpt lat="37.7709200" lon="-122.4907930">
    <ele>39.7</ele>
    <time>2026-04-27T01:49:28Z</time>
   </trkpt>
   <trkpt lat="37.7709200" lon="-122.4907490">
    <ele>39.7</ele>
    <time>2026-04-27T01:49:29Z</time>
   </trkpt>
   <trkpt lat="37.7709220" lon="-122.4907090">
    <ele>39.8</ele>
    <time>2026-04-27T01:49:30Z</time>
   </trkpt>
   <trkpt lat="37.7709150" lon="-122.4906550">
    <ele>39.8</ele>
    <time>2026-04-27T01:49:31Z</time>
   </trkpt>
   <trkpt lat="37.7709140" lon="-122.4906310">
    <ele>39.8</ele>
    <time>2026-04-27T01:49:32Z</time>
   </trkpt>
   <trkpt lat="37.7709230" lon="-122.4905950">
    <ele>39.9</ele>
    <time>2026-04-27T01:49:33Z</time>
   </trkpt>
   <trkpt lat="37.7709280" lon="-122.4905520">
    <ele>39.9</ele>
    <time>2026-04-27T01:49:34Z</time>
   </trkpt>
   <trkpt lat="37.7709260" lon="-122.4905380">
    <ele>39.9</ele>
    <time>2026-04-27T01:49:35Z</time>
   </trkpt>
   <trkpt lat="37.7709200" lon="-122.4904940">
    <ele>40.0</ele>
    <time>2026-04-27T01:49:36Z</time>
   </trkpt>
   <trkpt lat="37.7709240" lon="-122.4904510">
    <ele>40.0</ele>
    <time>2026-04-27T01:49:37Z</time>
   </trkpt>
   <trkpt lat="37.7709310" lon="-122.4904150">
    <ele>40.1</ele>
    <time>2026-04-27T01:49:38Z</time>
   </trkpt>
   <trkpt lat="37.7709250" lon="-122.4903810">
    <ele>40.1</ele>
    <time>2026-04-27T01:49:39Z</time>
   </trkpt>
   <trkpt lat="37.7709270" lon="-122.4903470">
    <ele>40.2</ele>
    <time>2026-04-27T01:49:40Z</time>
   </trkpt>
   <trkpt lat="37.7709270" lon="-122.4903000">
    <ele>40.2</ele>
    <time>2026-04-27T01:49:41Z</time>
   </trkpt>
   <trkpt lat="37.7709230" lon="-122.4902840">
    <ele>40.2</ele>
    <time>2026-04-27T01:49:42Z</time>
   </trkpt>
   <trkpt lat="37.7709090" lon="-122.4902470">
    <ele>40.3</ele>
    <time>2026-04-27T01:49:43Z</time>
   </trkpt>
   <trkpt lat="37.7709030" lon="-122.4902000">
    <ele>40.4</ele>
    <time>2026-04-27T01:49:44Z</time>
   </trkpt>
   <trkpt lat="37.7709050" lon="-122.4901820">
    <ele>40.4</ele>
    <time>2026-04-27T01:49:45Z</time>
   </trkpt>
   <trkpt lat="37.7709020" lon="-122.4901440">
    <ele>40.5</ele>
    <time>2026-04-27T01:49:46Z</time>
   </trkpt>
   <trkpt lat="37.7708830" lon="-122.4901100">
    <ele>40.6</ele>
    <time>2026-04-27T01:49:47Z</time>
   </trkpt>
   <trkpt lat="37.7708740" lon="-122.4900700">
    <ele>40.6</ele>
    <time>2026-04-27T01:49:48Z</time>
   </trkpt>
   <trkpt lat="37.7708640" lon="-122.4900290">
    <ele>40.7</ele>
    <time>2026-04-27T01:49:49Z</time>
   </trkpt>
   <trkpt lat="37.7708630" lon="-122.4899830">
    <ele>40.8</ele>
    <time>2026-04-27T01:49:50Z</time>
   </trkpt>
   <trkpt lat="37.7708650" lon="-122.4899690">
    <ele>40.8</ele>
    <time>2026-04-27T01:49:51Z</time>
   </trkpt>
   <trkpt lat="37.7708510" lon="-122.4899120">
    <ele>41.0</ele>
    <time>2026-04-27T01:49:52Z</time>
   </trkpt>
   <trkpt lat="37.7708350" lon="-122.4898770">
    <ele>41.0</ele>
    <time>2026-04-27T01:49:53Z</time>
   </trkpt>
   <trkpt lat="37.7708420" lon="-122.4898390">
    <ele>41.1</ele>
    <time>2026-04-27T01:49:54Z</time>
   </trkpt>
   <trkpt lat="37.7708430" lon="-122.4897920">
    <ele>41.2</ele>
    <time>2026-04-27T01:49:55Z</time>
   </trkpt>
   <trkpt lat="37.7708400" lon="-122.4897760">
    <ele>41.2</ele>
    <time>2026-04-27T01:49:56Z</time>
   </trkpt>
   <trkpt lat="37.7708500" lon="-122.4897340">
    <ele>41.2</ele>
    <time>2026-04-27T01:49:57Z</time>
   </trkpt>
   <trkpt lat="37.7708480" lon="-122.4897210">
    <ele>41.2</ele>
    <time>2026-04-27T01:49:58Z</time>
   </trkpt>
   <trkpt lat="37.7708460" lon="-122.4896830">
    <ele>41.2</ele>
    <time>2026-04-27T01:49:59Z</time>
   </trkpt>
   <trkpt lat="37.7708340" lon="-122.4896450">
    <ele>41.3</ele>
    <time>2026-04-27T01:50:00Z</time>
   </trkpt>
   <trkpt lat="37.7708140" lon="-122.4896080">
    <ele>41.3</ele>
    <time>2026-04-27T01:50:01Z</time>
   </trkpt>
   <trkpt lat="37.7708150" lon="-122.4895680">
    <ele>41.3</ele>
    <time>2026-04-27T01:50:02Z</time>
   </trkpt>
   <trkpt lat="37.7708220" lon="-122.4895270">
    <ele>41.3</ele>
    <time>2026-04-27T01:50:03Z</time>
   </trkpt>
   <trkpt lat="37.7708200" lon="-122.4895130">
    <ele>41.3</ele>
    <time>2026-04-27T01:50:04Z</time>
   </trkpt>
   <trkpt lat="37.7708080" lon="-122.4894740">
    <ele>41.4</ele>
    <time>2026-04-27T01:50:05Z</time>
   </trkpt>
   <trkpt lat="37.7708090" lon="-122.4894350">
    <ele>41.4</ele>
    <time>2026-04-27T01:50:06Z</time>
   </trkpt>
   <trkpt lat="37.7708120" lon="-122.4894210">
    <ele>41.4</ele>
    <time>2026-04-27T01:50:07Z</time>
   </trkpt>
   <trkpt lat="37.7708000" lon="-122.4893810">
    <ele>41.4</ele>
    <time>2026-04-27T01:50:08Z</time>
   </trkpt>
   <trkpt lat="37.7707980" lon="-122.4893340">
    <ele>41.4</ele>
    <time>2026-04-27T01:50:09Z</time>
   </trkpt>
   <trkpt lat="37.7707970" lon="-122.4893200">
    <ele>41.4</ele>
    <time>2026-04-27T01:50:10Z</time>
   </trkpt>
   <trkpt lat="37.7707860" lon="-122.4892830">
    <ele>41.4</ele>
    <time>2026-04-27T01:50:11Z</time>
   </trkpt>
   <trkpt lat="37.7707680" lon="-122.4892370">
    <ele>41.5</ele>
    <time>2026-04-27T01:50:12Z</time>
   </trkpt>
   <trkpt lat="37.7707570" lon="-122.4892030">
    <ele>41.5</ele>
    <time>2026-04-27T01:50:13Z</time>
   </trkpt>
   <trkpt lat="37.7707570" lon="-122.4891550">
    <ele>41.5</ele>
    <time>2026-04-27T01:50:14Z</time>
   </trkpt>
   <trkpt lat="37.7707580" lon="-122.4891360">
    <ele>41.5</ele>
    <time>2026-04-27T01:50:15Z</time>
   </trkpt>
   <trkpt lat="37.7707600" lon="-122.4891000">
    <ele>41.5</ele>
    <time>2026-04-27T01:50:16Z</time>
   </trkpt>
   <trkpt lat="37.7707560" lon="-122.4890460">
    <ele>41.5</ele>
    <time>2026-04-27T01:50:17Z</time>
   </trkpt>
   <trkpt lat="37.7707500" lon="-122.4890260">
    <ele>41.5</ele>
    <time>2026-04-27T01:50:18Z</time>
   </trkpt>
   <trkpt lat="37.7707380" lon="-122.4889750">
    <ele>41.6</ele>
    <time>2026-04-27T01:50:19Z</time>
   </trkpt>
   <trkpt lat="37.7707320" lon="-122.4889560">
    <ele>41.6</ele>
    <time>2026-04-27T01:50:20Z</time>
   </trkpt>
   <trkpt lat="37.7707390" lon="-122.4889160">
    <ele>41.6</ele>
    <time>2026-04-27T01:50:21Z</time>
   </trkpt>
   <trkpt lat="37.7707340" lon="-122.4888680">
    <ele>41.7</ele>
    <time>2026-04-27T01:50:22Z</time>
   </trkpt>
   <trkpt lat="37.7707320" lon="-122.4888480">
    <ele>41.7</ele>
    <time>2026-04-27T01:50:23Z</time>
   </trkpt>
   <trkpt lat="37.7707470" lon="-122.4887900">
    <ele>41.7</ele>
    <time>2026-04-27T01:50:24Z</time>
   </trkpt>
   <trkpt lat="37.7707510" lon="-122.4887780">
    <ele>41.7</ele>
    <time>2026-04-27T01:50:25Z</time>
   </trkpt>
   <trkpt lat="37.7707500" lon="-122.4887450">
    <ele>41.8</ele>
    <time>2026-04-27T01:50:26Z</time>
   </trkpt>
   <trkpt lat="37.7707370" lon="-122.4887150">
    <ele>41.8</ele>
    <time>2026-04-27T01:50:27Z</time>
   </trkpt>
   <trkpt lat="37.7707410" lon="-122.4886640">
    <ele>41.9</ele>
    <time>2026-04-27T01:50:28Z</time>
   </trkpt>
   <trkpt lat="37.7707460" lon="-122.4886470">
    <ele>41.9</ele>
    <time>2026-04-27T01:50:29Z</time>
   </trkpt>
   <trkpt lat="37.7707520" lon="-122.4886100">
    <ele>41.9</ele>
    <time>2026-04-27T01:50:30Z</time>
   </trkpt>
   <trkpt lat="37.7707510" lon="-122.4885740">
    <ele>42.0</ele>
    <time>2026-04-27T01:50:31Z</time>
   </trkpt>
   <trkpt lat="37.7707480" lon="-122.4885390">
    <ele>42.0</ele>
    <time>2026-04-27T01:50:32Z</time>
   </trkpt>
   <trkpt lat="37.7707480" lon="-122.4885220">
    <ele>42.0</ele>
    <time>2026-04-27T01:50:33Z</time>
   </trkpt>
   <trkpt lat="37.7707410" lon="-122.4884790">
    <ele>42.1</ele>
    <time>2026-04-27T01:50:34Z</time>
   </trkpt>
   <trkpt lat="37.7707560" lon="-122.4884380">
    <ele>42.1</ele>
    <time>2026-04-27T01:50:35Z</time>
   </trkpt>
   <trkpt lat="37.7707670" lon="-122.4884260">
    <ele>42.2</ele>
    <time>2026-04-27T01:50:36Z</time>
   </trkpt>
   <trkpt lat="37.7707660" lon="-122.4883810">
    <ele>42.2</ele>
    <time>2026-04-27T01:50:37Z</time>
   </trkpt>
   <trkpt lat="37.7707620" lon="-122.4883420">
    <ele>42.3</ele>
    <time>2026-04-27T01:50:38Z</time>
   </trkpt>
   <trkpt lat="37.7707540" lon="-122.4882960">
    <ele>42.3</ele>
    <time>2026-04-27T01:50:39Z</time>
   </trkpt>
   <trkpt lat="37.7707590" lon="-122.4882440">
    <ele>42.4</ele>
    <time>2026-04-27T01:50:40Z</time>
   </trkpt>
   <trkpt lat="37.7707580" lon="-122.4882240">
    <ele>42.4</ele>
    <time>2026-04-27T01:50:41Z</time>
   </trkpt>
   <trkpt lat="37.7707610" lon="-122.4881880">
    <ele>42.5</ele>
    <time>2026-04-27T01:50:42Z</time>
   </trkpt>
   <trkpt lat="37.7707750" lon="-122.4881430">
    <ele>42.5</ele>
    <time>2026-04-27T01:50:43Z</time>
   </trkpt>
   <trkpt lat="37.7707770" lon="-122.4881270">
    <ele>42.5</ele>
    <time>2026-04-27T01:50:44Z</time>
   </trkpt>
   <trkpt lat="37.7707710" lon="-122.4880820">
    <ele>42.6</ele>
    <time>2026-04-27T01:50:45Z</time>
   </trkpt>
   <trkpt lat="37.7707740" lon="-122.4880450">
    <ele>42.6</ele>
    <time>2026-04-27T01:50:46Z</time>
   </trkpt>
   <trkpt lat="37.7707820" lon="-122.4880030">
    <ele>42.7</ele>
    <time>2026-04-27T01:50:47Z</time>
   </trkpt>
   <trkpt lat="37.7707850" lon="-122.4879870">
    <ele>42.7</ele>
    <time>2026-04-27T01:50:48Z</time>
   </trkpt>
   <trkpt lat="37.7707930" lon="-122.4879350">
    <ele>42.8</ele>
    <time>2026-04-27T01:50:49Z</time>
   </trkpt>
   <trkpt lat="37.7707920" lon="-122.4879130">
    <ele>42.8</ele>
    <time>2026-04-27T01:50:50Z</time>
   </trkpt>
   <trkpt lat="37.7707960" lon="-122.4878740">
    <ele>42.9</ele>
    <time>2026-04-27T01:50:51Z</time>
   </trkpt>
   <trkpt lat="37.7708170" lon="-122.4878280">
    <ele>43.0</ele>
    <time>2026-04-27T01:50:52Z</time>
   </trkpt>
   <trkpt lat="37.7708100" lon="-122.4877880">
    <ele>43.1</ele>
    <time>2026-04-27T01:50:53Z</time>
   </trkpt>
   <trkpt lat="37.7708070" lon="-122.4877540">
    <ele>43.1</ele>
    <time>2026-04-27T01:50:54Z</time>
   </trkpt>
   <trkpt lat="37.7708110" lon="-122.4877190">
    <ele>43.2</ele>
    <time>2026-04-27T01:50:55Z</time>
   </trkpt>
   <trkpt lat="37.7708210" lon="-122.4876870">
    <ele>43.3</ele>
    <time>2026-04-27T01:50:56Z</time>
   </trkpt>
   <trkpt lat="37.7708330" lon="-122.4876390">
    <ele>43.4</ele>
    <time>2026-04-27T01:50:57Z</time>
   </trkpt>
   <trkpt lat="37.7708360" lon="-122.4876200">
    <ele>43.4</ele>
    <time>2026-04-27T01:50:58Z</time>
   </trkpt>
   <trkpt lat="37.7708400" lon="-122.4875850">
    <ele>43.5</ele>
    <time>2026-04-27T01:50:59Z</time>
   </trkpt>
   <trkpt lat="37.7708260" lon="-122.4875360">
    <ele>43.6</ele>
    <time>2026-04-27T01:51:00Z</time>
   </trkpt>
   <trkpt lat="37.7708060" lon="-122.4875060">
    <ele>43.6</ele>
    <time>2026-04-27T01:51:01Z</time>
   </trkpt>
   <trkpt lat="37.7708120" lon="-122.4874510">
    <ele>43.8</ele>
    <time>2026-04-27T01:51:02Z</time>
   </trkpt>
   <trkpt lat="37.7708150" lon="-122.4874260">
    <ele>43.8</ele>
    <time>2026-04-27T01:51:03Z</time>
   </trkpt>
   <trkpt lat="37.7708190" lon="-122.4873820">
    <ele>43.9</ele>
    <time>2026-04-27T01:51:05Z</time>
   </trkpt>
   <trkpt lat="37.7708230" lon="-122.4873580">
    <ele>44.0</ele>
    <time>2026-04-27T01:51:06Z</time>
   </trkpt>
   <trkpt lat="37.7708230" lon="-122.4873100">
    <ele>44.1</ele>
    <time>2026-04-27T01:51:07Z</time>
   </trkpt>
   <trkpt lat="37.7708130" lon="-122.4872760">
    <ele>44.2</ele>
    <time>2026-04-27T01:51:08Z</time>
   </trkpt>
   <trkpt lat="37.7708200" lon="-122.4872390">
    <ele>44.3</ele>
    <time>2026-04-27T01:51:09Z</time>
   </trkpt>
   <trkpt lat="37.7708230" lon="-122.4871930">
    <ele>44.4</ele>
    <time>2026-04-27T01:51:10Z</time>
   </trkpt>
   <trkpt lat="37.7708270" lon="-122.4871770">
    <ele>44.4</ele>
    <time>2026-04-27T01:51:11Z</time>
   </trkpt>
   <trkpt lat="37.7708460" lon="-122.4871360">
    <ele>44.5</ele>
    <time>2026-04-27T01:51:12Z</time>
   </trkpt>
   <trkpt lat="37.7708520" lon="-122.4871170">
    <ele>44.6</ele>
    <time>2026-04-27T01:51:13Z</time>
   </trkpt>
   <trkpt lat="37.7708580" lon="-122.4870760">
    <ele>44.7</ele>
    <time>2026-04-27T01:51:14Z</time>
   </trkpt>
   <trkpt lat="37.7708520" lon="-122.4870310">
    <ele>44.8</ele>
    <time>2026-04-27T01:51:15Z</time>
   </trkpt>
   <trkpt lat="37.7708490" lon="-122.4870100">
    <ele>44.9</ele>
    <time>2026-04-27T01:51:16Z</time>
   </trkpt>
   <trkpt lat="37.7708360" lon="-122.4869800">
    <ele>45.0</ele>
    <time>2026-04-27T01:51:17Z</time>
   </trkpt>
   <trkpt lat="37.7708370" lon="-122.4869420">
    <ele>45.1</ele>
    <time>2026-04-27T01:51:18Z</time>
   </trkpt>
   <trkpt lat="37.7708290" lon="-122.4868870">
    <ele>45.3</ele>
    <time>2026-04-27T01:51:19Z</time>
   </trkpt>
   <trkpt lat="37.7708490" lon="-122.4868490">
    <ele>45.5</ele>
    <time>2026-04-27T01:51:20Z</time>
   </trkpt>
   <trkpt lat="37.7708420" lon="-122.4868000">
    <ele>45.6</ele>
    <time>2026-04-27T01:51:21Z</time>
   </trkpt>
   <trkpt lat="37.7708310" lon="-122.4867840">
    <ele>45.7</ele>
    <time>2026-04-27T01:51:22Z</time>
   </trkpt>
   <trkpt lat="37.7708230" lon="-122.4867570">
    <ele>45.8</ele>
    <time>2026-04-27T01:51:23Z</time>
   </trkpt>
   <trkpt lat="37.7708140" lon="-122.4867430">
    <ele>45.9</ele>
    <time>2026-04-27T01:51:24Z</time>
   </trkpt>
   <trkpt lat="37.7708020" lon="-122.4867050">
    <ele>46.0</ele>
    <time>2026-04-27T01:51:25Z</time>
   </trkpt>
   <trkpt lat="37.7707840" lon="-122.4866780">
    <ele>46.1</ele>
    <time>2026-04-27T01:51:26Z</time>
   </trkpt>
   <trkpt lat="37.7707590" lon="-122.4866500">
    <ele>46.3</ele>
    <time>2026-04-27T01:51:27Z</time>
   </trkpt>
   <trkpt lat="37.7707460" lon="-122.4866100">
    <ele>46.4</ele>
    <time>2026-04-27T01:51:28Z</time>
   </trkpt>
   <trkpt lat="37.7707400" lon="-122.4865710">
    <ele>46.6</ele>
    <time>2026-04-27T01:51:29Z</time>
   </trkpt>
   <trkpt lat="37.7707240" lon="-122.4865420">
    <ele>46.7</ele>
    <time>2026-04-27T01:51:30Z</time>
   </trkpt>
   <trkpt lat="37.7706950" lon="-122.4865310">
    <ele>46.8</ele>
    <time>2026-04-27T01:51:31Z</time>
   </trkpt>
   <trkpt lat="37.7706870" lon="-122.4865220">
    <ele>46.9</ele>
    <time>2026-04-27T01:51:32Z</time>
   </trkpt>
   <trkpt lat="37.7706710" lon="-122.4864750">
    <ele>47.1</ele>
    <time>2026-04-27T01:51:33Z</time>
   </trkpt>
   <trkpt lat="37.7706570" lon="-122.4864300">
    <ele>47.2</ele>
    <time>2026-04-27T01:51:34Z</time>
   </trkpt>
   <trkpt lat="37.7706530" lon="-122.4864090">
    <ele>47.3</ele>
    <time>2026-04-27T01:51:35Z</time>
   </trkpt>
   <trkpt lat="37.7706370" lon="-122.4863600">
    <ele>47.5</ele>
    <time>2026-04-27T01:51:36Z</time>
   </trkpt>
   <trkpt lat="37.7706280" lon="-122.4863420">
    <ele>47.6</ele>
    <time>2026-04-27T01:51:37Z</time>
   </trkpt>
   <trkpt lat="37.7706080" lon="-122.4863000">
    <ele>47.8</ele>
    <time>2026-04-27T01:51:38Z</time>
   </trkpt>
   <trkpt lat="37.7706040" lon="-122.4862830">
    <ele>47.9</ele>
    <time>2026-04-27T01:51:39Z</time>
   </trkpt>
   <trkpt lat="37.7705830" lon="-122.4862560">
    <ele>48.0</ele>
    <time>2026-04-27T01:51:40Z</time>
   </trkpt>
   <trkpt lat="37.7705770" lon="-122.4862430">
    <ele>48.1</ele>
    <time>2026-04-27T01:51:41Z</time>
   </trkpt>
   <trkpt lat="37.7705500" lon="-122.4862020">
    <ele>48.3</ele>
    <time>2026-04-27T01:51:42Z</time>
   </trkpt>
   <trkpt lat="37.7705390" lon="-122.4861870">
    <ele>48.4</ele>
    <time>2026-04-27T01:51:43Z</time>
   </trkpt>
   <trkpt lat="37.7705170" lon="-122.4861550">
    <ele>48.5</ele>
    <time>2026-04-27T01:51:44Z</time>
   </trkpt>
   <trkpt lat="37.7704970" lon="-122.4861350">
    <ele>48.7</ele>
    <time>2026-04-27T01:51:45Z</time>
   </trkpt>
   <trkpt lat="37.7704890" lon="-122.4861250">
    <ele>48.7</ele>
    <time>2026-04-27T01:51:46Z</time>
   </trkpt>
   <trkpt lat="37.7704780" lon="-122.4860910">
    <ele>48.9</ele>
    <time>2026-04-27T01:51:47Z</time>
   </trkpt>
   <trkpt lat="37.7704690" lon="-122.4860690">
    <ele>49.0</ele>
    <time>2026-04-27T01:51:48Z</time>
   </trkpt>
   <trkpt lat="37.7704580" lon="-122.4860530">
    <ele>49.0</ele>
    <time>2026-04-27T01:51:49Z</time>
   </trkpt>
   <trkpt lat="37.7704350" lon="-122.4860110">
    <ele>49.2</ele>
    <time>2026-04-27T01:51:50Z</time>
   </trkpt>
   <trkpt lat="37.7704230" lon="-122.4859970">
    <ele>49.3</ele>
    <time>2026-04-27T01:51:51Z</time>
   </trkpt>
   <trkpt lat="37.7704030" lon="-122.4859680">
    <ele>49.5</ele>
    <time>2026-04-27T01:51:52Z</time>
   </trkpt>
   <trkpt lat="37.7703970" lon="-122.4859410">
    <ele>49.6</ele>
    <time>2026-04-27T01:51:53Z</time>
   </trkpt>
   <trkpt lat="37.7703830" lon="-122.4859300">
    <ele>49.7</ele>
    <time>2026-04-27T01:51:54Z</time>
   </trkpt>
   <trkpt lat="37.7703730" lon="-122.4858880">
    <ele>49.8</ele>
    <time>2026-04-27T01:51:55Z</time>
   </trkpt>
   <trkpt lat="37.7703670" lon="-122.4858780">
    <ele>49.9</ele>
    <time>2026-04-27T01:51:56Z</time>
   </trkpt>
   <trkpt lat="37.7703550" lon="-122.4858440">
    <ele>50.0</ele>
    <time>2026-04-27T01:51:57Z</time>
   </trkpt>
   <trkpt lat="37.7703340" lon="-122.4858170">
    <ele>50.2</ele>
    <time>2026-04-27T01:51:58Z</time>
   </trkpt>
   <trkpt lat="37.7703030" lon="-122.4857950">
    <ele>50.3</ele>
    <time>2026-04-27T01:51:59Z</time>
   </trkpt>
   <trkpt lat="37.7702830" lon="-122.4857900">
    <ele>50.4</ele>
    <time>2026-04-27T01:52:00Z</time>
   </trkpt>
   <trkpt lat="37.7702690" lon="-122.4857550">
    <ele>50.6</ele>
    <time>2026-04-27T01:52:01Z</time>
   </trkpt>
   <trkpt lat="37.7702600" lon="-122.4857140">
    <ele>50.7</ele>
    <time>2026-04-27T01:52:02Z</time>
   </trkpt>
   <trkpt lat="37.7702550" lon="-122.4857030">
    <ele>50.8</ele>
    <time>2026-04-27T01:52:03Z</time>
   </trkpt>
   <trkpt lat="37.7702430" lon="-122.4856850">
    <ele>50.9</ele>
    <time>2026-04-27T01:52:04Z</time>
   </trkpt>
   <trkpt lat="37.7702420" lon="-122.4856630">
    <ele>50.9</ele>
    <time>2026-04-27T01:52:05Z</time>
   </trkpt>
   <trkpt lat="37.7702330" lon="-122.4856200">
    <ele>51.1</ele>
    <time>2026-04-27T01:52:06Z</time>
   </trkpt>
   <trkpt lat="37.7702240" lon="-122.4856060">
    <ele>51.2</ele>
    <time>2026-04-27T01:52:07Z</time>
   </trkpt>
   <trkpt lat="37.7702100" lon="-122.4855760">
    <ele>51.3</ele>
    <time>2026-04-27T01:52:08Z</time>
   </trkpt>
   <trkpt lat="37.7701890" lon="-122.4855530">
    <ele>51.4</ele>
    <time>2026-04-27T01:52:09Z</time>
   </trkpt>
   <trkpt lat="37.7701880" lon="-122.4855150">
    <ele>51.5</ele>
    <time>2026-04-27T01:52:10Z</time>
   </trkpt>
   <trkpt lat="37.7701830" lon="-122.4854720">
    <ele>51.7</ele>
    <time>2026-04-27T01:52:11Z</time>
   </trkpt>
   <trkpt lat="37.7701770" lon="-122.4854570">
    <ele>51.7</ele>
    <time>2026-04-27T01:52:12Z</time>
   </trkpt>
   <trkpt lat="37.7701600" lon="-122.4854140">
    <ele>51.9</ele>
    <time>2026-04-27T01:52:13Z</time>
   </trkpt>
   <trkpt lat="37.7701450" lon="-122.4854030">
    <ele>52.0</ele>
    <time>2026-04-27T01:52:14Z</time>
   </trkpt>
   <trkpt lat="37.7701370" lon="-122.4853920">
    <ele>52.0</ele>
    <time>2026-04-27T01:52:15Z</time>
   </trkpt>
   <trkpt lat="37.7701190" lon="-122.4853700">
    <ele>52.1</ele>
    <time>2026-04-27T01:52:16Z</time>
   </trkpt>
   <trkpt lat="37.7701010" lon="-122.4853440">
    <ele>52.2</ele>
    <time>2026-04-27T01:52:17Z</time>
   </trkpt>
   <trkpt lat="37.7700910" lon="-122.4853120">
    <ele>52.3</ele>
    <time>2026-04-27T01:52:18Z</time>
   </trkpt>
   <trkpt lat="37.7700700" lon="-122.4852840">
    <ele>52.4</ele>
    <time>2026-04-27T01:52:19Z</time>
   </trkpt>
   <trkpt lat="37.7700450" lon="-122.4852470">
    <ele>52.5</ele>
    <time>2026-04-27T01:52:20Z</time>
   </trkpt>
   <trkpt lat="37.7700370" lon="-122.4852290">
    <ele>52.6</ele>
    <time>2026-04-27T01:52:21Z</time>
   </trkpt>
   <trkpt lat="37.7700330" lon="-122.4851940">
    <ele>52.7</ele>
    <time>2026-04-27T01:52:22Z</time>
   </trkpt>
   <trkpt lat="37.7700250" lon="-122.4851770">
    <ele>52.7</ele>
    <time>2026-04-27T01:52:23Z</time>
   </trkpt>
   <trkpt lat="37.7700170" lon="-122.4851340">
    <ele>52.8</ele>
    <time>2026-04-27T01:52:24Z</time>
   </trkpt>
   <trkpt lat="37.7700160" lon="-122.4851240">
    <ele>52.8</ele>
    <time>2026-04-27T01:52:25Z</time>
   </trkpt>
   <trkpt lat="37.7700050" lon="-122.4850810">
    <ele>53.0</ele>
    <time>2026-04-27T01:52:26Z</time>
   </trkpt>
   <trkpt lat="37.7700040" lon="-122.4850440">
    <ele>53.0</ele>
    <time>2026-04-27T01:52:27Z</time>
   </trkpt>
   <trkpt lat="37.7700030" lon="-122.4850080">
    <ele>53.1</ele>
    <time>2026-04-27T01:52:28Z</time>
   </trkpt>
   <trkpt lat="37.7699830" lon="-122.4849730">
    <ele>53.2</ele>
    <time>2026-04-27T01:52:29Z</time>
   </trkpt>
   <trkpt lat="37.7699680" lon="-122.4849380">
    <ele>53.3</ele>
    <time>2026-04-27T01:52:30Z</time>
   </trkpt>
   <trkpt lat="37.7699520" lon="-122.4849040">
    <ele>53.4</ele>
    <time>2026-04-27T01:52:31Z</time>
   </trkpt>
   <trkpt lat="37.7699610" lon="-122.4848680">
    <ele>53.5</ele>
    <time>2026-04-27T01:52:32Z</time>
   </trkpt>
   <trkpt lat="37.7699630" lon="-122.4848320">
    <ele>53.5</ele>
    <time>2026-04-27T01:52:33Z</time>
   </trkpt>
   <trkpt lat="37.7699550" lon="-122.4847990">
    <ele>53.6</ele>
    <time>2026-04-27T01:52:34Z</time>
   </trkpt>
   <trkpt lat="37.7699470" lon="-122.4847560">
    <ele>53.7</ele>
    <time>2026-04-27T01:52:35Z</time>
   </trkpt>
   <trkpt lat="37.7699450" lon="-122.4847220">
    <ele>53.7</ele>
    <time>2026-04-27T01:52:36Z</time>
   </trkpt>
   <trkpt lat="37.7699470" lon="-122.4846860">
    <ele>53.8</ele>
    <time>2026-04-27T01:52:37Z</time>
   </trkpt>
   <trkpt lat="37.7699500" lon="-122.4846470">
    <ele>53.8</ele>
    <time>2026-04-27T01:52:38Z</time>
   </trkpt>
   <trkpt lat="37.7699640" lon="-122.4846120">
    <ele>53.9</ele>
    <time>2026-04-27T01:52:39Z</time>
   </trkpt>
   <trkpt lat="37.7699670" lon="-122.4845770">
    <ele>53.9</ele>
    <time>2026-04-27T01:52:40Z</time>
   </trkpt>
   <trkpt lat="37.7699900" lon="-122.4845490">
    <ele>54.0</ele>
    <time>2026-04-27T01:52:41Z</time>
   </trkpt>
   <trkpt lat="37.7699960" lon="-122.4845480">
    <ele>54.0</ele>
    <time>2026-04-27T01:52:42Z</time>
   </trkpt>
   <trkpt lat="37.7699890" lon="-122.4845140">
    <ele>54.0</ele>
    <time>2026-04-27T01:52:43Z</time>
   </trkpt>
   <trkpt lat="37.7700000" lon="-122.4844700">
    <ele>54.1</ele>
    <time>2026-04-27T01:52:44Z</time>
   </trkpt>
   <trkpt lat="37.7699990" lon="-122.4844310">
    <ele>54.1</ele>
    <time>2026-04-27T01:52:45Z</time>
   </trkpt>
   <trkpt lat="37.7700040" lon="-122.4843920">
    <ele>54.2</ele>
    <time>2026-04-27T01:52:46Z</time>
   </trkpt>
   <trkpt lat="37.7700130" lon="-122.4843560">
    <ele>54.2</ele>
    <time>2026-04-27T01:52:47Z</time>
   </trkpt>
   <trkpt lat="37.7700190" lon="-122.4843430">
    <ele>54.2</ele>
    <time>2026-04-27T01:52:48Z</time>
   </trkpt>
   <trkpt lat="37.7700240" lon="-122.4843080">
    <ele>54.3</ele>
    <time>2026-04-27T01:52:49Z</time>
   </trkpt>
   <trkpt lat="37.7700440" lon="-122.4842750">
    <ele>54.3</ele>
    <time>2026-04-27T01:52:50Z</time>
   </trkpt>
   <trkpt lat="37.7700480" lon="-122.4842570">
    <ele>54.3</ele>
    <time>2026-04-27T01:52:51Z</time>
   </trkpt>
   <trkpt lat="37.7700650" lon="-122.4842170">
    <ele>54.4</ele>
    <time>2026-04-27T01:52:52Z</time>
   </trkpt>
   <trkpt lat="37.7700770" lon="-122.4841730">
    <ele>54.4</ele>
    <time>2026-04-27T01:52:53Z</time>
   </trkpt>
   <trkpt lat="37.7700840" lon="-122.4841260">
    <ele>54.5</ele>
    <time>2026-04-27T01:52:54Z</time>
   </trkpt>
   <trkpt lat="37.7700790" lon="-122.4841080">
    <ele>54.5</ele>
    <time>2026-04-27T01:52:55Z</time>
   </trkpt>
   <trkpt lat="37.7700890" lon="-122.4840600">
    <ele>54.5</ele>
    <time>2026-04-27T01:52:56Z</time>
   </trkpt>
   <trkpt lat="37.7700930" lon="-122.4840390">
    <ele>54.6</ele>
    <time>2026-04-27T01:52:57Z</time>
   </trkpt>
   <trkpt lat="37.7700920" lon="-122.4840020">
    <ele>54.6</ele>
    <time>2026-04-27T01:52:58Z</time>
   </trkpt>
   <trkpt lat="37.7701080" lon="-122.4839710">
    <ele>54.6</ele>
    <time>2026-04-27T01:52:59Z</time>
   </trkpt>
   <trkpt lat="37.7701120" lon="-122.4839590">
    <ele>54.6</ele>
    <time>2026-04-27T01:53:00Z</time>
   </trkpt>
   <trkpt lat="37.7701230" lon="-122.4839110">
    <ele>54.7</ele>
    <time>2026-04-27T01:53:01Z</time>
   </trkpt>
   <trkpt lat="37.7701300" lon="-122.4838870">
    <ele>54.7</ele>
    <time>2026-04-27T01:53:02Z</time>
   </trkpt>
   <trkpt lat="37.7701370" lon="-122.4838530">
    <ele>54.8</ele>
    <time>2026-04-27T01:53:03Z</time>
   </trkpt>
   <trkpt lat="37.7701530" lon="-122.4838180">
    <ele>54.8</ele>
    <time>2026-04-27T01:53:04Z</time>
   </trkpt>
   <trkpt lat="37.7701570" lon="-122.4837820">
    <ele>54.9</ele>
    <time>2026-04-27T01:53:05Z</time>
   </trkpt>
   <trkpt lat="37.7701730" lon="-122.4837350">
    <ele>54.9</ele>
    <time>2026-04-27T01:53:06Z</time>
   </trkpt>
   <trkpt lat="37.7701780" lon="-122.4837180">
    <ele>55.0</ele>
    <time>2026-04-27T01:53:07Z</time>
   </trkpt>
   <trkpt lat="37.7701900" lon="-122.4836820">
    <ele>55.0</ele>
    <time>2026-04-27T01:53:08Z</time>
   </trkpt>
   <trkpt lat="37.7701890" lon="-122.4836670">
    <ele>55.0</ele>
    <time>2026-04-27T01:53:09Z</time>
   </trkpt>
   <trkpt lat="37.7701870" lon="-122.4836130">
    <ele>55.1</ele>
    <time>2026-04-27T01:53:11Z</time>
   </trkpt>
   <trkpt lat="37.7701880" lon="-122.4835360">
    <ele>55.2</ele>
    <time>2026-04-27T01:53:12Z</time>
   </trkpt>
   <trkpt lat="37.7701740" lon="-122.4834510">
    <ele>55.4</ele>
    <time>2026-04-27T01:53:14Z</time>
   </trkpt>
   <trkpt lat="37.7701630" lon="-122.4834020">
    <ele>55.4</ele>
    <time>2026-04-27T01:53:15Z</time>
   </trkpt>
   <trkpt lat="37.7701590" lon="-122.4833390">
    <ele>55.5</ele>
    <time>2026-04-27T01:53:16Z</time>
   </trkpt>
   <trkpt lat="37.7701610" lon="-122.4833020">
    <ele>55.6</ele>
    <time>2026-04-27T01:53:17Z</time>
   </trkpt>
   <trkpt lat="37.7701590" lon="-122.4832870">
    <ele>55.6</ele>
    <time>2026-04-27T01:53:18Z</time>
   </trkpt>
   <trkpt lat="37.7701490" lon="-122.4832520">
    <ele>55.7</ele>
    <time>2026-04-27T01:53:19Z</time>
   </trkpt>
   <trkpt lat="37.7701360" lon="-122.4832100">
    <ele>55.8</ele>
    <time>2026-04-27T01:53:20Z</time>
   </trkpt>
   <trkpt lat="37.7701310" lon="-122.4831940">
    <ele>55.8</ele>
    <time>2026-04-27T01:53:21Z</time>
   </trkpt>
   <trkpt lat="37.7701310" lon="-122.4831530">
    <ele>55.9</ele>
    <time>2026-04-27T01:53:22Z</time>
   </trkpt>
   <trkpt lat="37.7701330" lon="-122.4831430">
    <ele>56.0</ele>
    <time>2026-04-27T01:53:23Z</time>
   </trkpt>
   <trkpt lat="37.7701270" lon="-122.4831070">
    <ele>56.0</ele>
    <time>2026-04-27T01:53:24Z</time>
   </trkpt>
   <trkpt lat="37.7701270" lon="-122.4830660">
    <ele>56.1</ele>
    <time>2026-04-27T01:53:25Z</time>
   </trkpt>
   <trkpt lat="37.7701280" lon="-122.4830510">
    <ele>56.2</ele>
    <time>2026-04-27T01:53:26Z</time>
   </trkpt>
   <trkpt lat="37.7701180" lon="-122.4830160">
    <ele>56.3</ele>
    <time>2026-04-27T01:53:27Z</time>
   </trkpt>
   <trkpt lat="37.7700930" lon="-122.4829770">
    <ele>56.4</ele>
    <time>2026-04-27T01:53:28Z</time>
   </trkpt>
   <trkpt lat="37.7700830" lon="-122.4829560">
    <ele>56.4</ele>
    <time>2026-04-27T01:53:29Z</time>
   </trkpt>
   <trkpt lat="37.7700820" lon="-122.4829140">
    <ele>56.5</ele>
    <time>2026-04-27T01:53:30Z</time>
   </trkpt>
   <trkpt lat="37.7700700" lon="-122.4828680">
    <ele>56.7</ele>
    <time>2026-04-27T01:53:31Z</time>
   </trkpt>
   <trkpt lat="37.7700560" lon="-122.4828520">
    <ele>56.7</ele>
    <time>2026-04-27T01:53:32Z</time>
   </trkpt>
   <trkpt lat="37.7700500" lon="-122.4828070">
    <ele>56.8</ele>
    <time>2026-04-27T01:53:33Z</time>
   </trkpt>
   <trkpt lat="37.7700500" lon="-122.4827930">
    <ele>56.9</ele>
    <time>2026-04-27T01:53:34Z</time>
   </trkpt>
   <trkpt lat="37.7700500" lon="-122.4827490">
    <ele>57.0</ele>
    <time>2026-04-27T01:53:35Z</time>
   </trkpt>
   <trkpt lat="37.7700470" lon="-122.4827080">
    <ele>57.1</ele>
    <time>2026-04-27T01:53:36Z</time>
   </trkpt>
   <trkpt lat="37.7700500" lon="-122.4826610">
    <ele>57.2</ele>
    <time>2026-04-27T01:53:37Z</time>
   </trkpt>
   <trkpt lat="37.7700470" lon="-122.4826440">
    <ele>57.2</ele>
    <time>2026-04-27T01:53:38Z</time>
   </trkpt>
   <trkpt lat="37.7700340" lon="-122.4826130">
    <ele>57.3</ele>
    <time>2026-04-27T01:53:39Z</time>
   </trkpt>
   <trkpt lat="37.7700290" lon="-122.4825990">
    <ele>57.4</ele>
    <time>2026-04-27T01:53:40Z</time>
   </trkpt>
   <trkpt lat="37.7700190" lon="-122.4825550">
    <ele>57.5</ele>
    <time>2026-04-27T01:53:41Z</time>
   </trkpt>
   <trkpt lat="37.7700170" lon="-122.4825410">
    <ele>57.5</ele>
    <time>2026-04-27T01:53:42Z</time>
   </trkpt>
   <trkpt lat="37.7700120" lon="-122.4825050">
    <ele>57.6</ele>
    <time>2026-04-27T01:53:43Z</time>
   </trkpt>
   <trkpt lat="37.7699960" lon="-122.4824660">
    <ele>57.8</ele>
    <time>2026-04-27T01:53:44Z</time>
   </trkpt>
   <trkpt lat="37.7699920" lon="-122.4824490">
    <ele>57.8</ele>
    <time>2026-04-27T01:53:45Z</time>
   </trkpt>
   <trkpt lat="37.7699790" lon="-122.4824080">
    <ele>57.9</ele>
    <time>2026-04-27T01:53:46Z</time>
   </trkpt>
   <trkpt lat="37.7699680" lon="-122.4823600">
    <ele>58.1</ele>
    <time>2026-04-27T01:53:47Z</time>
   </trkpt>
   <trkpt lat="37.7699590" lon="-122.4823450">
    <ele>58.2</ele>
    <time>2026-04-27T01:53:48Z</time>
   </trkpt>
   <trkpt lat="37.7699640" lon="-122.4823020">
    <ele>58.3</ele>
    <time>2026-04-27T01:53:49Z</time>
   </trkpt>
   <trkpt lat="37.7699640" lon="-122.4822860">
    <ele>58.4</ele>
    <time>2026-04-27T01:53:50Z</time>
   </trkpt>
   <trkpt lat="37.7699570" lon="-122.4822630">
    <ele>58.5</ele>
    <time>2026-04-27T01:53:51Z</time>
   </trkpt>
   <trkpt lat="37.7699600" lon="-122.4822440">
    <ele>58.5</ele>
    <time>2026-04-27T01:53:52Z</time>
   </trkpt>
   <trkpt lat="37.7699520" lon="-122.4822050">
    <ele>58.6</ele>
    <time>2026-04-27T01:53:53Z</time>
   </trkpt>
   <trkpt lat="37.7699490" lon="-122.4821490">
    <ele>58.8</ele>
    <time>2026-04-27T01:53:54Z</time>
   </trkpt>
   <trkpt lat="37.7699470" lon="-122.4821260">
    <ele>58.9</ele>
    <time>2026-04-27T01:53:55Z</time>
   </trkpt>
   <trkpt lat="37.7699390" lon="-122.4820860">
    <ele>59.0</ele>
    <time>2026-04-27T01:53:56Z</time>
   </trkpt>
   <trkpt lat="37.7699350" lon="-122.4820400">
    <ele>59.2</ele>
    <time>2026-04-27T01:53:57Z</time>
   </trkpt>
   <trkpt lat="37.7699360" lon="-122.4820250">
    <ele>59.3</ele>
    <time>2026-04-27T01:53:58Z</time>
   </trkpt>
   <trkpt lat="37.7699440" lon="-122.4819910">
    <ele>59.4</ele>
    <time>2026-04-27T01:53:59Z</time>
   </trkpt>
   <trkpt lat="37.7699450" lon="-122.4819730">
    <ele>59.4</ele>
    <time>2026-04-27T01:54:00Z</time>
   </trkpt>
   <trkpt lat="37.7699650" lon="-122.4819400">
    <ele>59.6</ele>
    <time>2026-04-27T01:54:01Z</time>
   </trkpt>
   <trkpt lat="37.7699700" lon="-122.4819270">
    <ele>59.6</ele>
    <time>2026-04-27T01:54:02Z</time>
   </trkpt>
   <trkpt lat="37.7699540" lon="-122.4818900">
    <ele>59.8</ele>
    <time>2026-04-27T01:54:03Z</time>
   </trkpt>
   <trkpt lat="37.7699580" lon="-122.4818460">
    <ele>59.9</ele>
    <time>2026-04-27T01:54:04Z</time>
   </trkpt>
   <trkpt lat="37.7699560" lon="-122.4818350">
    <ele>60.0</ele>
    <time>2026-04-27T01:54:05Z</time>
   </trkpt>
   <trkpt lat="37.7699660" lon="-122.4818010">
    <ele>60.1</ele>
    <time>2026-04-27T01:54:06Z</time>
   </trkpt>
   <trkpt lat="37.7699700" lon="-122.4817920">
    <ele>60.1</ele>
    <time>2026-04-27T01:54:07Z</time>
   </trkpt>
   <trkpt lat="37.7699700" lon="-122.4817530">
    <ele>60.3</ele>
    <time>2026-04-27T01:54:08Z</time>
   </trkpt>
   <trkpt lat="37.7699740" lon="-122.4817450">
    <ele>60.3</ele>
    <time>2026-04-27T01:54:09Z</time>
   </trkpt>
   <trkpt lat="37.7699640" lon="-122.4817150">
    <ele>60.4</ele>
    <time>2026-04-27T01:54:10Z</time>
   </trkpt>
   <trkpt lat="37.7699600" lon="-122.4817000">
    <ele>60.5</ele>
    <time>2026-04-27T01:54:11Z</time>
   </trkpt>
   <trkpt lat="37.7699710" lon="-122.4816670">
    <ele>60.6</ele>
    <time>2026-04-27T01:54:12Z</time>
   </trkpt>
   <trkpt lat="37.7699820" lon="-122.4816560">
    <ele>60.7</ele>
    <time>2026-04-27T01:54:13Z</time>
   </trkpt>
   <trkpt lat="37.7699850" lon="-122.4816140">
    <ele>60.9</ele>
    <time>2026-04-27T01:54:14Z</time>
   </trkpt>
   <trkpt lat="37.7699840" lon="-122.4816000">
    <ele>60.9</ele>
    <time>2026-04-27T01:54:15Z</time>
   </trkpt>
   <trkpt lat="37.7699860" lon="-122.4815620">
    <ele>61.1</ele>
    <time>2026-04-27T01:54:16Z</time>
   </trkpt>
   <trkpt lat="37.7700100" lon="-122.4815280">
    <ele>61.3</ele>
    <time>2026-04-27T01:54:17Z</time>
   </trkpt>
   <trkpt lat="37.7700170" lon="-122.4815150">
    <ele>61.3</ele>
    <time>2026-04-27T01:54:18Z</time>
   </trkpt>
   <trkpt lat="37.7700400" lon="-122.4814740">
    <ele>61.5</ele>
    <time>2026-04-27T01:54:19Z</time>
   </trkpt>
   <trkpt lat="37.7700450" lon="-122.4814590">
    <ele>61.6</ele>
    <time>2026-04-27T01:54:20Z</time>
   </trkpt>
   <trkpt lat="37.7700610" lon="-122.4814480">
    <ele>61.7</ele>
    <time>2026-04-27T01:54:21Z</time>
   </trkpt>
   <trkpt lat="37.7700700" lon="-122.4814260">
    <ele>61.8</ele>
    <time>2026-04-27T01:54:22Z</time>
   </trkpt>
   <trkpt lat="37.7700740" lon="-122.4813740">
    <ele>62.0</ele>
    <time>2026-04-27T01:54:23Z</time>
   </trkpt>
   <trkpt lat="37.7700710" lon="-122.4813390">
    <ele>62.2</ele>
    <time>2026-04-27T01:54:24Z</time>
   </trkpt>
   <trkpt lat="37.7700740" lon="-122.4812940">
    <ele>62.4</ele>
    <time>2026-04-27T01:54:25Z</time>
   </trkpt>
   <trkpt lat="37.7700770" lon="-122.4812750">
    <ele>62.5</ele>
    <time>2026-04-27T01:54:26Z</time>
   </trkpt>
   <trkpt lat="37.7700810" lon="-122.4812500">
    <ele>62.6</ele>
    <time>2026-04-27T01:54:27Z</time>
   </trkpt>
   <trkpt lat="37.7700800" lon="-122.4812350">
    <ele>62.6</ele>
    <time>2026-04-27T01:54:28Z</time>
   </trkpt>
   <trkpt lat="37.7700770" lon="-122.4811990">
    <ele>62.8</ele>
    <time>2026-04-27T01:54:29Z</time>
   </trkpt>
   <trkpt lat="37.7700870" lon="-122.4811590">
    <ele>63.0</ele>
    <time>2026-04-27T01:54:30Z</time>
   </trkpt>
   <trkpt lat="37.7700970" lon="-122.4811190">
    <ele>63.2</ele>
    <time>2026-04-27T01:54:31Z</time>
   </trkpt>
   <trkpt lat="37.7701000" lon="-122.4811040">
    <ele>63.2</ele>
    <time>2026-04-27T01:54:32Z</time>
   </trkpt>
   <trkpt lat="37.7701240" lon="-122.4810710">
    <ele>63.4</ele>
    <time>2026-04-27T01:54:33Z</time>
   </trkpt>
   <trkpt lat="37.7701340" lon="-122.4810600">
    <ele>63.5</ele>
    <time>2026-04-27T01:54:34Z</time>
   </trkpt>
   <trkpt lat="37.7701380" lon="-122.4810120">
    <ele>63.7</ele>
    <time>2026-04-27T01:54:35Z</time>
   </trkpt>
   <trkpt lat="37.7701330" lon="-122.4809930">
    <ele>63.8</ele>
    <time>2026-04-27T01:54:36Z</time>
   </trkpt>
   <trkpt lat="37.7701370" lon="-122.4809490">
    <ele>64.0</ele>
    <time>2026-04-27T01:54:37Z</time>
   </trkpt>
   <trkpt lat="37.7701390" lon="-122.4809340">
    <ele>64.1</ele>
    <time>2026-04-27T01:54:38Z</time>
   </trkpt>
   <trkpt lat="37.7701400" lon="-122.4808930">
    <ele>64.3</ele>
    <time>2026-04-27T01:54:39Z</time>
   </trkpt>
   <trkpt lat="37.7701550" lon="-122.4808540">
    <ele>64.5</ele>
    <time>2026-04-27T01:54:40Z</time>
   </trkpt>
   <trkpt lat="37.7701580" lon="-122.4808110">
    <ele>64.7</ele>
    <time>2026-04-27T01:54:41Z</time>
   </trkpt>
   <trkpt lat="37.7701550" lon="-122.4807970">
    <ele>64.8</ele>
    <time>2026-04-27T01:54:42Z</time>
   </trkpt>
   <trkpt lat="37.7701750" lon="-122.4807750">
    <ele>64.9</ele>
    <time>2026-04-27T01:54:43Z</time>
   </trkpt>
   <trkpt lat="37.7701870" lon="-122.4807350">
    <ele>65.1</ele>
    <time>2026-04-27T01:54:44Z</time>
   </trkpt>
   <trkpt lat="37.7701860" lon="-122.4806930">
    <ele>65.3</ele>
    <time>2026-04-27T01:54:45Z</time>
   </trkpt>
   <trkpt lat="37.7701940" lon="-122.4806540">
    <ele>65.5</ele>
    <time>2026-04-27T01:54:46Z</time>
   </trkpt>
   <trkpt lat="37.7701990" lon="-122.4806460">
    <ele>65.6</ele>
    <time>2026-04-27T01:54:47Z</time>
   </trkpt>
   <trkpt lat="37.7702040" lon="-122.4806020">
    <ele>65.8</ele>
    <time>2026-04-27T01:54:48Z</time>
   </trkpt>
   <trkpt lat="37.7702090" lon="-122.4805870">
    <ele>65.9</ele>
    <time>2026-04-27T01:54:49Z</time>
   </trkpt>
   <trkpt lat="37.7702280" lon="-122.4805390">
    <ele>66.2</ele>
    <time>2026-04-27T01:54:50Z</time>
   </trkpt>
   <trkpt lat="37.7702370" lon="-122.4805200">
    <ele>66.3</ele>
    <time>2026-04-27T01:54:51Z</time>
   </trkpt>
   <trkpt lat="37.7702480" lon="-122.4804880">
    <ele>66.5</ele>
    <time>2026-04-27T01:54:52Z</time>
   </trkpt>
   <trkpt lat="37.7702520" lon="-122.4804770">
    <ele>66.5</ele>
    <time>2026-04-27T01:54:53Z</time>
   </trkpt>
   <trkpt lat="37.7702550" lon="-122.4804270">
    <ele>66.8</ele>
    <time>2026-04-27T01:54:54Z</time>
   </trkpt>
   <trkpt lat="37.7702530" lon="-122.4804090">
    <ele>66.9</ele>
    <time>2026-04-27T01:54:55Z</time>
   </trkpt>
   <trkpt lat="37.7702670" lon="-122.4803790">
    <ele>67.1</ele>
    <time>2026-04-27T01:54:56Z</time>
   </trkpt>
   <trkpt lat="37.7702890" lon="-122.4803450">
    <ele>67.3</ele>
    <time>2026-04-27T01:54:57Z</time>
   </trkpt>
   <trkpt lat="37.7702950" lon="-122.4803300">
    <ele>67.4</ele>
    <time>2026-04-27T01:54:58Z</time>
   </trkpt>
   <trkpt lat="37.7703050" lon="-122.4802930">
    <ele>67.6</ele>
    <time>2026-04-27T01:54:59Z</time>
   </trkpt>
   <trkpt lat="37.7703080" lon="-122.4802810">
    <ele>67.7</ele>
    <time>2026-04-27T01:55:00Z</time>
   </trkpt>
   <trkpt lat="37.7703190" lon="-122.4802400">
    <ele>67.9</ele>
    <time>2026-04-27T01:55:01Z</time>
   </trkpt>
   <trkpt lat="37.7703210" lon="-122.4802240">
    <ele>68.0</ele>
    <time>2026-04-27T01:55:02Z</time>
   </trkpt>
   <trkpt lat="37.7703330" lon="-122.4801870">
    <ele>68.3</ele>
    <time>2026-04-27T01:55:03Z</time>
   </trkpt>
   <trkpt lat="37.7703410" lon="-122.4801660">
    <ele>68.4</ele>
    <time>2026-04-27T01:55:04Z</time>
   </trkpt>
   <trkpt lat="37.7703490" lon="-122.4801490">
    <ele>68.5</ele>
    <time>2026-04-27T01:55:05Z</time>
   </trkpt>
   <trkpt lat="37.7703530" lon="-122.4801080">
    <ele>68.8</ele>
    <time>2026-04-27T01:55:06Z</time>
   </trkpt>
   <trkpt lat="37.7703620" lon="-122.4800680">
    <ele>69.0</ele>
    <time>2026-04-27T01:55:07Z</time>
   </trkpt>
   <trkpt lat="37.7703650" lon="-122.4800540">
    <ele>69.1</ele>
    <time>2026-04-27T01:55:08Z</time>
   </trkpt>
   <trkpt lat="37.7703790" lon="-122.4800160">
    <ele>69.4</ele>
    <time>2026-04-27T01:55:09Z</time>
   </trkpt>
   <trkpt lat="37.7703820" lon="-122.4800000">
    <ele>69.5</ele>
    <time>2026-04-27T01:55:10Z</time>
   </trkpt>
   <trkpt lat="37.7703900" lon="-122.4799620">
    <ele>69.7</ele>
    <time>2026-04-27T01:55:11Z</time>
   </trkpt>
   <trkpt lat="37.7703920" lon="-122.4799460">
    <ele>69.8</ele>
    <time>2026-04-27T01:55:12Z</time>
   </trkpt>
   <trkpt lat="37.7703970" lon="-122.4799080">
    <ele>70.0</ele>
    <time>2026-04-27T01:55:13Z</time>
   </trkpt>
   <trkpt lat="37.7703950" lon="-122.4798940">
    <ele>70.0</ele>
    <time>2026-04-27T01:55:14Z</time>
   </trkpt>
   <trkpt lat="37.7703960" lon="-122.4798530">
    <ele>70.2</ele>
    <time>2026-04-27T01:55:15Z</time>
   </trkpt>
   <trkpt lat="37.7703970" lon="-122.4798350">
    <ele>70.2</ele>
    <time>2026-04-27T01:55:16Z</time>
   </trkpt>
   <trkpt lat="37.7704230" lon="-122.4798170">
    <ele>70.3</ele>
    <time>2026-04-27T01:55:17Z</time>
   </trkpt>
   <trkpt lat="37.7704350" lon="-122.4797870">
    <ele>70.4</ele>
    <time>2026-04-27T01:55:18Z</time>
   </trkpt>
   <trkpt lat="37.7704410" lon="-122.4797770">
    <ele>70.4</ele>
    <time>2026-04-27T01:55:19Z</time>
   </trkpt>
   <trkpt lat="37.7704600" lon="-122.4797480">
    <ele>70.5</ele>
    <time>2026-04-27T01:55:20Z</time>
   </trkpt>
   <trkpt lat="37.7704670" lon="-122.4797410">
    <ele>70.5</ele>
    <time>2026-04-27T01:55:21Z</time>
   </trkpt>
   <trkpt lat="37.7704890" lon="-122.4797160">
    <ele>70.7</ele>
    <time>2026-04-27T01:55:22Z</time>
   </trkpt>
   <trkpt lat="37.7704930" lon="-122.4797090">
    <ele>70.7</ele>
    <time>2026-04-27T01:55:23Z</time>
   </trkpt>
   <trkpt lat="37.7705190" lon="-122.4796800">
    <ele>70.9</ele>
    <time>2026-04-27T01:55:24Z</time>
   </trkpt>
   <trkpt lat="37.7705240" lon="-122.4796710">
    <ele>71.0</ele>
    <time>2026-04-27T01:55:25Z</time>
   </trkpt>
   <trkpt lat="37.7705300" lon="-122.4796190">
    <ele>71.2</ele>
    <time>2026-04-27T01:55:27Z</time>
   </trkpt>
   <trkpt lat="37.7705310" lon="-122.4795860">
    <ele>71.3</ele>
    <time>2026-04-27T01:55:29Z</time>
   </trkpt>
   <trkpt lat="37.7705380" lon="-122.4795420">
    <ele>71.5</ele>
    <time>2026-04-27T01:55:30Z</time>
   </trkpt>
   <trkpt lat="37.7705520" lon="-122.4795190">
    <ele>71.7</ele>
    <time>2026-04-27T01:55:31Z</time>
   </trkpt>
   <trkpt lat="37.7705740" lon="-122.4794880">
    <ele>71.8</ele>
    <time>2026-04-27T01:55:32Z</time>
   </trkpt>
   <trkpt lat="37.7705960" lon="-122.4794650">
    <ele>72.0</ele>
    <time>2026-04-27T01:55:33Z</time>
   </trkpt>
   <trkpt lat="37.7706020" lon="-122.4794540">
    <ele>72.1</ele>
    <time>2026-04-27T01:55:34Z</time>
   </trkpt>
   <trkpt lat="37.7706220" lon="-122.4794190">
    <ele>72.2</ele>
    <time>2026-04-27T01:55:35Z</time>
   </trkpt>
   <trkpt lat="37.7706300" lon="-122.4794040">
    <ele>72.3</ele>
    <time>2026-04-27T01:55:36Z</time>
   </trkpt>
   <trkpt lat="37.7706380" lon="-122.4793660">
    <ele>72.5</ele>
    <time>2026-04-27T01:55:37Z</time>
   </trkpt>
   <trkpt lat="37.7706390" lon="-122.4793550">
    <ele>72.5</ele>
    <time>2026-04-27T01:55:38Z</time>
   </trkpt>
   <trkpt lat="37.7706600" lon="-122.4793120">
    <ele>72.7</ele>
    <time>2026-04-27T01:55:39Z</time>
   </trkpt>
   <trkpt lat="37.7706760" lon="-122.4793010">
    <ele>72.8</ele>
    <time>2026-04-27T01:55:40Z</time>
   </trkpt>
   <trkpt lat="37.7706850" lon="-122.4792590">
    <ele>73.0</ele>
    <time>2026-04-27T01:55:41Z</time>
   </trkpt>
   <trkpt lat="37.7706830" lon="-122.4792430">
    <ele>73.0</ele>
    <time>2026-04-27T01:55:42Z</time>
   </trkpt>
   <trkpt lat="37.7706980" lon="-122.4791980">
    <ele>73.1</ele>
    <time>2026-04-27T01:55:43Z</time>
   </trkpt>
   <trkpt lat="37.7707020" lon="-122.4791820">
    <ele>73.2</ele>
    <time>2026-04-27T01:55:44Z</time>
   </trkpt>
   <trkpt lat="37.7707120" lon="-122.4791370">
    <ele>73.3</ele>
    <time>2026-04-27T01:55:45Z</time>
   </trkpt>
   <trkpt lat="37.7707140" lon="-122.4791220">
    <ele>73.4</ele>
    <time>2026-04-27T01:55:46Z</time>
   </trkpt>
   <trkpt lat="37.7707060" lon="-122.4791020">
    <ele>73.4</ele>
    <time>2026-04-27T01:55:47Z</time>
   </trkpt>
   <trkpt lat="37.7706990" lon="-122.4790820">
    <ele>73.5</ele>
    <time>2026-04-27T01:55:48Z</time>
   </trkpt>
   <trkpt lat="37.7707290" lon="-122.4790380">
    <ele>73.6</ele>
    <time>2026-04-27T01:55:49Z</time>
   </trkpt>
   <trkpt lat="37.7707410" lon="-122.4790130">
    <ele>73.7</ele>
    <time>2026-04-27T01:55:50Z</time>
   </trkpt>
   <trkpt lat="37.7707420" lon="-122.4790150">
    <ele>73.7</ele>
    <time>2026-04-27T01:55:51Z</time>
   </trkpt>
   <trkpt lat="37.7707240" lon="-122.4789760">
    <ele>73.9</ele>
    <time>2026-04-27T01:55:52Z</time>
   </trkpt>
   <trkpt lat="37.7707600" lon="-122.4789470">
    <ele>74.0</ele>
    <time>2026-04-27T01:55:53Z</time>
   </trkpt>
   <trkpt lat="37.7707720" lon="-122.4789280">
    <ele>74.1</ele>
    <time>2026-04-27T01:55:54Z</time>
   </trkpt>
   <trkpt lat="37.7708030" lon="-122.4789040">
    <ele>74.2</ele>
    <time>2026-04-27T01:55:55Z</time>
   </trkpt>
   <trkpt lat="37.7708150" lon="-122.4788940">
    <ele>74.3</ele>
    <time>2026-04-27T01:55:56Z</time>
   </trkpt>
   <trkpt lat="37.7708260" lon="-122.4788460">
    <ele>74.4</ele>
    <time>2026-04-27T01:55:57Z</time>
   </trkpt>
   <trkpt lat="37.7708320" lon="-122.4788300">
    <ele>74.4</ele>
    <time>2026-04-27T01:55:58Z</time>
   </trkpt>
   <trkpt lat="37.7708560" lon="-122.4788110">
    <ele>74.5</ele>
    <time>2026-04-27T01:55:59Z</time>
   </trkpt>
   <trkpt lat="37.7708520" lon="-122.4787640">
    <ele>74.7</ele>
    <time>2026-04-27T01:56:00Z</time>
   </trkpt>
   <trkpt lat="37.7708520" lon="-122.4787470">
    <ele>74.7</ele>
    <time>2026-04-27T01:56:01Z</time>
   </trkpt>
   <trkpt lat="37.7708710" lon="-122.4787140">
    <ele>74.8</ele>
    <time>2026-04-27T01:56:02Z</time>
   </trkpt>
   <trkpt lat="37.7709180" lon="-122.4786970">
    <ele>75.0</ele>
    <time>2026-04-27T01:56:03Z</time>
   </trkpt>
   <trkpt lat="37.7709180" lon="-122.4786570">
    <ele>75.1</ele>
    <time>2026-04-27T01:56:04Z</time>
   </trkpt>
   <trkpt lat="37.7709360" lon="-122.4786230">
    <ele>75.3</ele>
    <time>2026-04-27T01:56:05Z</time>
   </trkpt>
   <trkpt lat="37.7709400" lon="-122.4786110">
    <ele>75.3</ele>
    <time>2026-04-27T01:56:06Z</time>
   </trkpt>
   <trkpt lat="37.7709570" lon="-122.4785670">
    <ele>75.4</ele>
    <time>2026-04-27T01:56:07Z</time>
   </trkpt>
   <trkpt lat="37.7709620" lon="-122.4785440">
    <ele>75.5</ele>
    <time>2026-04-27T01:56:08Z</time>
   </trkpt>
   <trkpt lat="37.7709870" lon="-122.4785310">
    <ele>75.6</ele>
    <time>2026-04-27T01:56:09Z</time>
   </trkpt>
   <trkpt lat="37.7710140" lon="-122.4784950">
    <ele>75.8</ele>
    <time>2026-04-27T01:56:10Z</time>
   </trkpt>
   <trkpt lat="37.7710220" lon="-122.4784810">
    <ele>75.8</ele>
    <time>2026-04-27T01:56:11Z</time>
   </trkpt>
   <trkpt lat="37.7710230" lon="-122.4784360">
    <ele>75.9</ele>
    <time>2026-04-27T01:56:12Z</time>
   </trkpt>
   <trkpt lat="37.7710350" lon="-122.4783850">
    <ele>76.1</ele>
    <time>2026-04-27T01:56:13Z</time>
   </trkpt>
   <trkpt lat="37.7710370" lon="-122.4783640">
    <ele>76.1</ele>
    <time>2026-04-27T01:56:14Z</time>
   </trkpt>
   <trkpt lat="37.7710460" lon="-122.4783280">
    <ele>76.2</ele>
    <time>2026-04-27T01:56:15Z</time>
   </trkpt>
   <trkpt lat="37.7710730" lon="-122.4783170">
    <ele>76.3</ele>
    <time>2026-04-27T01:56:16Z</time>
   </trkpt>
   <trkpt lat="37.7710910" lon="-122.4782850">
    <ele>76.4</ele>
    <time>2026-04-27T01:56:17Z</time>
   </trkpt>
   <trkpt lat="37.7710990" lon="-122.4782480">
    <ele>76.5</ele>
    <time>2026-04-27T01:56:18Z</time>
   </trkpt>
   <trkpt lat="37.7711030" lon="-122.4782040">
    <ele>76.7</ele>
    <time>2026-04-27T01:56:19Z</time>
   </trkpt>
   <trkpt lat="37.7711200" lon="-122.4781640">
    <ele>76.8</ele>
    <time>2026-04-27T01:56:20Z</time>
   </trkpt>
   <trkpt lat="37.7711110" lon="-122.4781110">
    <ele>76.9</ele>
    <time>2026-04-27T01:56:21Z</time>
   </trkpt>
   <trkpt lat="37.7711450" lon="-122.4780830">
    <ele>77.1</ele>
    <time>2026-04-27T01:56:22Z</time>
   </trkpt>
   <trkpt lat="37.7711650" lon="-122.4780560">
    <ele>77.2</ele>
    <time>2026-04-27T01:56:23Z</time>
   </trkpt>
   <trkpt lat="37.7711770" lon="-122.4780470">
    <ele>77.2</ele>
    <time>2026-04-27T01:56:24Z</time>
   </trkpt>
   <trkpt lat="37.7712050" lon="-122.4780060">
    <ele>77.3</ele>
    <time>2026-04-27T01:56:25Z</time>
   </trkpt>
   <trkpt lat="37.7712180" lon="-122.4779760">
    <ele>77.4</ele>
    <time>2026-04-27T01:56:26Z</time>
   </trkpt>
   <trkpt lat="37.7712070" lon="-122.4779260">
    <ele>77.5</ele>
    <time>2026-04-27T01:56:27Z</time>
   </trkpt>
   <trkpt lat="37.7712170" lon="-122.4778860">
    <ele>77.6</ele>
    <time>2026-04-27T01:56:28Z</time>
   </trkpt>
   <trkpt lat="37.7712470" lon="-122.4778630">
    <ele>77.7</ele>
    <time>2026-04-27T01:56:29Z</time>
   </trkpt>
   <trkpt lat="37.7712610" lon="-122.4778150">
    <ele>77.7</ele>
    <time>2026-04-27T01:56:30Z</time>
   </trkpt>
   <trkpt lat="37.7712790" lon="-122.4777850">
    <ele>77.8</ele>
    <time>2026-04-27T01:56:31Z</time>
   </trkpt>
   <trkpt lat="37.7712690" lon="-122.4777510">
    <ele>77.8</ele>
    <time>2026-04-27T01:56:32Z</time>
   </trkpt>
   <trkpt lat="37.7712850" lon="-122.4777160">
    <ele>77.8</ele>
    <time>2026-04-27T01:56:33Z</time>
   </trkpt>
   <trkpt lat="37.7713120" lon="-122.4776790">
    <ele>77.8</ele>
    <time>2026-04-27T01:56:34Z</time>
   </trkpt>
   <trkpt lat="37.7713310" lon="-122.4776370">
    <ele>77.8</ele>
    <time>2026-04-27T01:56:35Z</time>
   </trkpt>
   <trkpt lat="37.7713570" lon="-122.4776120">
    <ele>77.8</ele>
    <time>2026-04-27T01:56:36Z</time>
   </trkpt>
   <trkpt lat="37.7713690" lon="-122.4775690">
    <ele>77.8</ele>
    <time>2026-04-27T01:56:37Z</time>
   </trkpt>
   <trkpt lat="37.7713690" lon="-122.4775230">
    <ele>77.7</ele>
    <time>2026-04-27T01:56:38Z</time>
   </trkpt>
   <trkpt lat="37.7713840" lon="-122.4774840">
    <ele>77.7</ele>
    <time>2026-04-27T01:56:39Z</time>
   </trkpt>
   <trkpt lat="37.7713850" lon="-122.4774340">
    <ele>77.6</ele>
    <time>2026-04-27T01:56:40Z</time>
   </trkpt>
   <trkpt lat="37.7713870" lon="-122.4774140">
    <ele>77.6</ele>
    <time>2026-04-27T01:56:41Z</time>
   </trkpt>
   <trkpt lat="37.7714170" lon="-122.4773780">
    <ele>77.5</ele>
    <time>2026-04-27T01:56:42Z</time>
   </trkpt>
   <trkpt lat="37.7714250" lon="-122.4773380">
    <ele>77.5</ele>
    <time>2026-04-27T01:56:43Z</time>
   </trkpt>
   <trkpt lat="37.7714060" lon="-122.4772910">
    <ele>77.4</ele>
    <time>2026-04-27T01:56:44Z</time>
   </trkpt>
   <trkpt lat="37.7714240" lon="-122.4772560">
    <ele>77.4</ele>
    <time>2026-04-27T01:56:45Z</time>
   </trkpt>
   <trkpt lat="37.7714260" lon="-122.4772110">
    <ele>77.3</ele>
    <time>2026-04-27T01:56:46Z</time>
   </trkpt>
   <trkpt lat="37.7714380" lon="-122.4771710">
    <ele>77.3</ele>
    <time>2026-04-27T01:56:47Z</time>
   </trkpt>
   <trkpt lat="37.7714420" lon="-122.4771320">
    <ele>77.2</ele>
    <time>2026-04-27T01:56:48Z</time>
   </trkpt>
   <trkpt lat="37.7714430" lon="-122.4770890">
    <ele>77.2</ele>
    <time>2026-04-27T01:56:49Z</time>
   </trkpt>
   <trkpt lat="37.7714590" lon="-122.4770530">
    <ele>77.1</ele>
    <time>2026-04-27T01:56:50Z</time>
   </trkpt>
   <trkpt lat="37.7714630" lon="-122.4769980">
    <ele>77.1</ele>
    <time>2026-04-27T01:56:51Z</time>
   </trkpt>
   <trkpt lat="37.7714610" lon="-122.4769760">
    <ele>77.1</ele>
    <time>2026-04-27T01:56:52Z</time>
   </trkpt>
   <trkpt lat="37.7714820" lon="-122.4769380">
    <ele>77.0</ele>
    <time>2026-04-27T01:56:53Z</time>
   </trkpt>
   <trkpt lat="37.7714900" lon="-122.4768870">
    <ele>77.0</ele>
    <time>2026-04-27T01:56:54Z</time>
   </trkpt>
   <trkpt lat="37.7714950" lon="-122.4768640">
    <ele>77.0</ele>
    <time>2026-04-27T01:56:55Z</time>
   </trkpt>
   <trkpt lat="37.7715020" lon="-122.4768250">
    <ele>76.9</ele>
    <time>2026-04-27T01:56:56Z</time>
   </trkpt>
   <trkpt lat="37.7715070" lon="-122.4767750">
    <ele>76.9</ele>
    <time>2026-04-27T01:56:57Z</time>
   </trkpt>
   <trkpt lat="37.7715210" lon="-122.4767330">
    <ele>76.8</ele>
    <time>2026-04-27T01:56:58Z</time>
   </trkpt>
   <trkpt lat="37.7715340" lon="-122.4766870">
    <ele>76.8</ele>
    <time>2026-04-27T01:56:59Z</time>
   </trkpt>
   <trkpt lat="37.7715320" lon="-122.4766650">
    <ele>76.8</ele>
    <time>2026-04-27T01:57:00Z</time>
   </trkpt>
   <trkpt lat="37.7715390" lon="-122.4766240">
    <ele>76.7</ele>
    <time>2026-04-27T01:57:01Z</time>
   </trkpt>
   <trkpt lat="37.7715590" lon="-122.4765930">
    <ele>76.7</ele>
    <time>2026-04-27T01:57:02Z</time>
   </trkpt>
   <trkpt lat="37.7715660" lon="-122.4765590">
    <ele>76.6</ele>
    <time>2026-04-27T01:57:03Z</time>
   </trkpt>
   <trkpt lat="37.7715580" lon="-122.4765140">
    <ele>76.6</ele>
    <time>2026-04-27T01:57:04Z</time>
   </trkpt>
   <trkpt lat="37.7715580" lon="-122.4764970">
    <ele>76.6</ele>
    <time>2026-04-27T01:57:05Z</time>
   </trkpt>
   <trkpt lat="37.7715690" lon="-122.4764570">
    <ele>76.5</ele>
    <time>2026-04-27T01:57:06Z</time>
   </trkpt>
   <trkpt lat="37.7715780" lon="-122.4764030">
    <ele>76.5</ele>
    <time>2026-04-27T01:57:07Z</time>
   </trkpt>
   <trkpt lat="37.7715510" lon="-122.4763570">
    <ele>76.4</ele>
    <time>2026-04-27T01:57:08Z</time>
   </trkpt>
   <trkpt lat="37.7715760" lon="-122.4763060">
    <ele>76.4</ele>
    <time>2026-04-27T01:57:09Z</time>
   </trkpt>
   <trkpt lat="37.7715930" lon="-122.4762720">
    <ele>76.3</ele>
    <time>2026-04-27T01:57:10Z</time>
   </trkpt>
   <trkpt lat="37.7716050" lon="-122.4762390">
    <ele>76.3</ele>
    <time>2026-04-27T01:57:11Z</time>
   </trkpt>
   <trkpt lat="37.7716130" lon="-122.4761940">
    <ele>76.2</ele>
    <time>2026-04-27T01:57:12Z</time>
   </trkpt>
   <trkpt lat="37.7716300" lon="-122.4761560">
    <ele>76.2</ele>
    <time>2026-04-27T01:57:13Z</time>
   </trkpt>
   <trkpt lat="37.7716320" lon="-122.4761110">
    <ele>76.1</ele>
    <time>2026-04-27T01:57:14Z</time>
   </trkpt>
   <trkpt lat="37.7716430" lon="-122.4760630">
    <ele>76.1</ele>
    <time>2026-04-27T01:57:15Z</time>
   </trkpt>
   <trkpt lat="37.7716480" lon="-122.4760470">
    <ele>76.1</ele>
    <time>2026-04-27T01:57:16Z</time>
   </trkpt>
   <trkpt lat="37.7716500" lon="-122.4760060">
    <ele>76.0</ele>
    <time>2026-04-27T01:57:17Z</time>
   </trkpt>
   <trkpt lat="37.7716720" lon="-122.4759760">
    <ele>76.0</ele>
    <time>2026-04-27T01:57:18Z</time>
   </trkpt>
   <trkpt lat="37.7716760" lon="-122.4759420">
    <ele>75.9</ele>
    <time>2026-04-27T01:57:19Z</time>
   </trkpt>
   <trkpt lat="37.7716730" lon="-122.4758960">
    <ele>75.9</ele>
    <time>2026-04-27T01:57:20Z</time>
   </trkpt>
   <trkpt lat="37.7716730" lon="-122.4758580">
    <ele>75.9</ele>
    <time>2026-04-27T01:57:21Z</time>
   </trkpt>
   <trkpt lat="37.7716750" lon="-122.4758280">
    <ele>75.8</ele>
    <time>2026-04-27T01:57:22Z</time>
   </trkpt>
   <trkpt lat="37.7716820" lon="-122.4757400">
    <ele>75.8</ele>
    <time>2026-04-27T01:57:24Z</time>
   </trkpt>
   <trkpt lat="37.7716720" lon="-122.4756820">
    <ele>75.7</ele>
    <time>2026-04-27T01:57:25Z</time>
   </trkpt>
   <trkpt lat="37.7716670" lon="-122.4755910">
    <ele>75.6</ele>
    <time>2026-04-27T01:57:27Z</time>
   </trkpt>
   <trkpt lat="37.7716660" lon="-122.4755470">
    <ele>75.6</ele>
    <time>2026-04-27T01:57:28Z</time>
   </trkpt>
   <trkpt lat="37.7716780" lon="-122.4754730">
    <ele>75.5</ele>
    <time>2026-04-27T01:57:30Z</time>
   </trkpt>
   <trkpt lat="37.7716820" lon="-122.4754300">
    <ele>75.5</ele>
    <time>2026-04-27T01:57:31Z</time>
   </trkpt>
   <trkpt lat="37.7716680" lon="-122.4753420">
    <ele>75.5</ele>
    <time>2026-04-27T01:57:33Z</time>
   </trkpt>
   <trkpt lat="37.7716670" lon="-122.4753050">
    <ele>75.4</ele>
    <time>2026-04-27T01:57:34Z</time>
   </trkpt>
   <trkpt lat="37.7716660" lon="-122.4752360">
    <ele>75.4</ele>
    <time>2026-04-27T01:57:36Z</time>
   </trkpt>
   <trkpt lat="37.7716530" lon="-122.4752060">
    <ele>75.4</ele>
    <time>2026-04-27T01:57:37Z</time>
   </trkpt>
   <trkpt lat="37.7716470" lon="-122.4751730">
    <ele>75.4</ele>
    <time>2026-04-27T01:57:38Z</time>
   </trkpt>
   <trkpt lat="37.7716420" lon="-122.4751330">
    <ele>75.4</ele>
    <time>2026-04-27T01:57:39Z</time>
   </trkpt>
   <trkpt lat="37.7716420" lon="-122.4750880">
    <ele>75.4</ele>
    <time>2026-04-27T01:57:40Z</time>
   </trkpt>
   <trkpt lat="37.7716380" lon="-122.4750360">
    <ele>75.3</ele>
    <time>2026-04-27T01:57:41Z</time>
   </trkpt>
   <trkpt lat="37.7716150" lon="-122.4750100">
    <ele>75.3</ele>
    <time>2026-04-27T01:57:42Z</time>
   </trkpt>
   <trkpt lat="37.7716010" lon="-122.4749730">
    <ele>75.3</ele>
    <time>2026-04-27T01:57:43Z</time>
   </trkpt>
   <trkpt lat="37.7715780" lon="-122.4749270">
    <ele>75.3</ele>
    <time>2026-04-27T01:57:44Z</time>
   </trkpt>
   <trkpt lat="37.7715680" lon="-122.4748930">
    <ele>75.3</ele>
    <time>2026-04-27T01:57:45Z</time>
   </trkpt>
   <trkpt lat="37.7715430" lon="-122.4748630">
    <ele>75.3</ele>
    <time>2026-04-27T01:57:46Z</time>
   </trkpt>
   <trkpt lat="37.7715180" lon="-122.4748460">
    <ele>75.3</ele>
    <time>2026-04-27T01:57:47Z</time>
   </trkpt>
   <trkpt lat="37.7715020" lon="-122.4748020">
    <ele>75.3</ele>
    <time>2026-04-27T01:57:48Z</time>
   </trkpt>
   <trkpt lat="37.7714920" lon="-122.4747580">
    <ele>75.3</ele>
    <time>2026-04-27T01:57:49Z</time>
   </trkpt>
   <trkpt lat="37.7714790" lon="-122.4747210">
    <ele>75.3</ele>
    <time>2026-04-27T01:57:50Z</time>
   </trkpt>
   <trkpt lat="37.7714660" lon="-122.4746840">
    <ele>75.3</ele>
    <time>2026-04-27T01:57:51Z</time>
   </trkpt>
   <trkpt lat="37.7714430" lon="-122.4746470">
    <ele>75.4</ele>
    <time>2026-04-27T01:57:52Z</time>
   </trkpt>
   <trkpt lat="37.7714170" lon="-122.4746020">
    <ele>75.4</ele>
    <time>2026-04-27T01:57:53Z</time>
   </trkpt>
   <trkpt lat="37.7714030" lon="-122.4745570">
    <ele>75.4</ele>
    <time>2026-04-27T01:57:54Z</time>
   </trkpt>
   <trkpt lat="37.7713940" lon="-122.4745380">
    <ele>75.4</ele>
    <time>2026-04-27T01:57:55Z</time>
   </trkpt>
   <trkpt lat="37.7713890" lon="-122.4745050">
    <ele>75.4</ele>
    <time>2026-04-27T01:57:56Z</time>
   </trkpt>
   <trkpt lat="37.7713930" lon="-122.4744610">
    <ele>75.5</ele>
    <time>2026-04-27T01:57:57Z</time>
   </trkpt>
   <trkpt lat="37.7713870" lon="-122.4744140">
    <ele>75.5</ele>
    <time>2026-04-27T01:57:58Z</time>
   </trkpt>
   <trkpt lat="37.7713800" lon="-122.4744000">
    <ele>75.5</ele>
    <time>2026-04-27T01:57:59Z</time>
   </trkpt>
   <trkpt lat="37.7713720" lon="-122.4743410">
    <ele>75.5</ele>
    <time>2026-04-27T01:58:00Z</time>
   </trkpt>
   <trkpt lat="37.7713750" lon="-122.4743090">
    <ele>75.6</ele>
    <time>2026-04-27T01:58:01Z</time>
   </trkpt>
   <trkpt lat="37.7713490" lon="-122.4742650">
    <ele>75.6</ele>
    <time>2026-04-27T01:58:02Z</time>
   </trkpt>
   <trkpt lat="37.7713360" lon="-122.4742510">
    <ele>75.6</ele>
    <time>2026-04-27T01:58:03Z</time>
   </trkpt>
   <trkpt lat="37.7713250" lon="-122.4742190">
    <ele>75.7</ele>
    <time>2026-04-27T01:58:04Z</time>
   </trkpt>
   <trkpt lat="37.7712990" lon="-122.4741890">
    <ele>75.7</ele>
    <time>2026-04-27T01:58:05Z</time>
   </trkpt>
   <trkpt lat="37.7712900" lon="-122.4741730">
    <ele>75.7</ele>
    <time>2026-04-27T01:58:06Z</time>
   </trkpt>
   <trkpt lat="37.7712690" lon="-122.4741350">
    <ele>75.8</ele>
    <time>2026-04-27T01:58:07Z</time>
   </trkpt>
   <trkpt lat="37.7712590" lon="-122.4741240">
    <ele>75.8</ele>
    <time>2026-04-27T01:58:08Z</time>
   </trkpt>
   <trkpt lat="37.7712350" lon="-122.4740920">
    <ele>75.8</ele>
    <time>2026-04-27T01:58:09Z</time>
   </trkpt>
   <trkpt lat="37.7712270" lon="-122.4740810">
    <ele>75.8</ele>
    <time>2026-04-27T01:58:10Z</time>
   </trkpt>
   <trkpt lat="37.7712180" lon="-122.4740360">
    <ele>75.8</ele>
    <time>2026-04-27T01:58:11Z</time>
   </trkpt>
   <trkpt lat="37.7712120" lon="-122.4740230">
    <ele>75.8</ele>
    <time>2026-04-27T01:58:12Z</time>
   </trkpt>
   <trkpt lat="37.7711930" lon="-122.4739880">
    <ele>75.8</ele>
    <time>2026-04-27T01:58:13Z</time>
   </trkpt>
   <trkpt lat="37.7711850" lon="-122.4739400">
    <ele>75.9</ele>
    <time>2026-04-27T01:58:14Z</time>
   </trkpt>
   <trkpt lat="37.7711780" lon="-122.4739210">
    <ele>75.9</ele>
    <time>2026-04-27T01:58:15Z</time>
   </trkpt>
   <trkpt lat="37.7711600" lon="-122.4738860">
    <ele>75.8</ele>
    <time>2026-04-27T01:58:16Z</time>
   </trkpt>
   <trkpt lat="37.7711500" lon="-122.4738410">
    <ele>75.8</ele>
    <time>2026-04-27T01:58:17Z</time>
   </trkpt>
   <trkpt lat="37.7711340" lon="-122.4738280">
    <ele>75.8</ele>
    <time>2026-04-27T01:58:18Z</time>
   </trkpt>
   <trkpt lat="37.7711270" lon="-122.4738060">
    <ele>75.8</ele>
    <time>2026-04-27T01:58:19Z</time>
   </trkpt>
   <trkpt lat="37.7711270" lon="-122.4737590">
    <ele>75.8</ele>
    <time>2026-04-27T01:58:20Z</time>
   </trkpt>
   <trkpt lat="37.7711060" lon="-122.4737180">
    <ele>75.7</ele>
    <time>2026-04-27T01:58:21Z</time>
   </trkpt>
   <trkpt lat="37.7710960" lon="-122.4737070">
    <ele>75.7</ele>
    <time>2026-04-27T01:58:22Z</time>
   </trkpt>
   <trkpt lat="37.7710910" lon="-122.4736680">
    <ele>75.7</ele>
    <time>2026-04-27T01:58:23Z</time>
   </trkpt>
   <trkpt lat="37.7710770" lon="-122.4736310">
    <ele>75.6</ele>
    <time>2026-04-27T01:58:24Z</time>
   </trkpt>
   <trkpt lat="37.7710550" lon="-122.4735980">
    <ele>75.6</ele>
    <time>2026-04-27T01:58:25Z</time>
   </trkpt>
   <trkpt lat="37.7710620" lon="-122.4735570">
    <ele>75.5</ele>
    <time>2026-04-27T01:58:26Z</time>
   </trkpt>
   <trkpt lat="37.7710430" lon="-122.4735140">
    <ele>75.5</ele>
    <time>2026-04-27T01:58:27Z</time>
   </trkpt>
   <trkpt lat="37.7710320" lon="-122.4734990">
    <ele>75.4</ele>
    <time>2026-04-27T01:58:28Z</time>
   </trkpt>
   <trkpt lat="37.7710040" lon="-122.4734620">
    <ele>75.4</ele>
    <time>2026-04-27T01:58:29Z</time>
   </trkpt>
   <trkpt lat="37.7709880" lon="-122.4734540">
    <ele>75.3</ele>
    <time>2026-04-27T01:58:30Z</time>
   </trkpt>
   <trkpt lat="37.7709830" lon="-122.4734040">
    <ele>75.3</ele>
    <time>2026-04-27T01:58:31Z</time>
   </trkpt>
   <trkpt lat="37.7709700" lon="-122.4733680">
    <ele>75.2</ele>
    <time>2026-04-27T01:58:32Z</time>
   </trkpt>
   <trkpt lat="37.7709530" lon="-122.4733350">
    <ele>75.1</ele>
    <time>2026-04-27T01:58:33Z</time>
   </trkpt>
   <trkpt lat="37.7709350" lon="-122.4732920">
    <ele>75.1</ele>
    <time>2026-04-27T01:58:34Z</time>
   </trkpt>
   <trkpt lat="37.7709270" lon="-122.4732360">
    <ele>75.0</ele>
    <time>2026-04-27T01:58:35Z</time>
   </trkpt>
   <trkpt lat="37.7709170" lon="-122.4732120">
    <ele>74.9</ele>
    <time>2026-04-27T01:58:36Z</time>
   </trkpt>
   <trkpt lat="37.7709050" lon="-122.4731770">
    <ele>74.9</ele>
    <time>2026-04-27T01:58:37Z</time>
   </trkpt>
   <trkpt lat="37.7708880" lon="-122.4731320">
    <ele>74.8</ele>
    <time>2026-04-27T01:58:38Z</time>
   </trkpt>
   <trkpt lat="37.7708670" lon="-122.4730870">
    <ele>74.7</ele>
    <time>2026-04-27T01:58:39Z</time>
   </trkpt>
   <trkpt lat="37.7708500" lon="-122.4730480">
    <ele>74.6</ele>
    <time>2026-04-27T01:58:40Z</time>
   </trkpt>
   <trkpt lat="37.7708420" lon="-122.4730120">
    <ele>74.5</ele>
    <time>2026-04-27T01:58:41Z</time>
   </trkpt>
   <trkpt lat="37.7708400" lon="-122.4729760">
    <ele>74.4</ele>
    <time>2026-04-27T01:58:42Z</time>
   </trkpt>
   <trkpt lat="37.7708280" lon="-122.4729360">
    <ele>74.3</ele>
    <time>2026-04-27T01:58:43Z</time>
   </trkpt>
   <trkpt lat="37.7708110" lon="-122.4728980">
    <ele>74.2</ele>
    <time>2026-04-27T01:58:44Z</time>
   </trkpt>
   <trkpt lat="37.7708090" lon="-122.4728840">
    <ele>74.2</ele>
    <time>2026-04-27T01:58:45Z</time>
   </trkpt>
   <trkpt lat="37.7707960" lon="-122.4728480">
    <ele>74.1</ele>
    <time>2026-04-27T01:58:46Z</time>
   </trkpt>
   <trkpt lat="37.7707780" lon="-122.4728130">
    <ele>74.0</ele>
    <time>2026-04-27T01:58:47Z</time>
   </trkpt>
   <trkpt lat="37.7707670" lon="-122.4727630">
    <ele>73.9</ele>
    <time>2026-04-27T01:58:48Z</time>
   </trkpt>
   <trkpt lat="37.7707610" lon="-122.4727260">
    <ele>73.9</ele>
    <time>2026-04-27T01:58:49Z</time>
   </trkpt>
   <trkpt lat="37.7707430" lon="-122.4726920">
    <ele>73.8</ele>
    <time>2026-04-27T01:58:50Z</time>
   </trkpt>
   <trkpt lat="37.7707320" lon="-122.4726500">
    <ele>73.7</ele>
    <time>2026-04-27T01:58:51Z</time>
   </trkpt>
   <trkpt lat="37.7707240" lon="-122.4726060">
    <ele>73.6</ele>
    <time>2026-04-27T01:58:52Z</time>
   </trkpt>
   <trkpt lat="37.7707200" lon="-122.4725810">
    <ele>73.5</ele>
    <time>2026-04-27T01:58:53Z</time>
   </trkpt>
   <trkpt lat="37.7707100" lon="-122.4725470">
    <ele>73.5</ele>
    <time>2026-04-27T01:58:54Z</time>
   </trkpt>
   <trkpt lat="37.7707080" lon="-122.4725090">
    <ele>73.4</ele>
    <time>2026-04-27T01:58:55Z</time>
   </trkpt>
   <trkpt lat="37.7706900" lon="-122.4724660">
    <ele>73.3</ele>
    <time>2026-04-27T01:58:56Z</time>
   </trkpt>
   <trkpt lat="37.7706740" lon="-122.4724260">
    <ele>73.2</ele>
    <time>2026-04-27T01:58:57Z</time>
   </trkpt>
   <trkpt lat="37.7706670" lon="-122.4723870">
    <ele>73.1</ele>
    <time>2026-04-27T01:58:58Z</time>
   </trkpt>
   <trkpt lat="37.7706520" lon="-122.4723480">
    <ele>73.0</ele>
    <time>2026-04-27T01:58:59Z</time>
   </trkpt>
   <trkpt lat="37.7706500" lon="-122.4723040">
    <ele>72.9</ele>
    <time>2026-04-27T01:59:00Z</time>
   </trkpt>
   <trkpt lat="37.7706510" lon="-122.4722600">
    <ele>72.8</ele>
    <time>2026-04-27T01:59:01Z</time>
   </trkpt>
   <trkpt lat="37.7706490" lon="-122.4722250">
    <ele>72.8</ele>
    <time>2026-04-27T01:59:02Z</time>
   </trkpt>
   <trkpt lat="37.7706450" lon="-122.4721880">
    <ele>72.7</ele>
    <time>2026-04-27T01:59:03Z</time>
   </trkpt>
   <trkpt lat="37.7706410" lon="-122.4721540">
    <ele>72.6</ele>
    <time>2026-04-27T01:59:04Z</time>
   </trkpt>
   <trkpt lat="37.7706350" lon="-122.4721090">
    <ele>72.5</ele>
    <time>2026-04-27T01:59:05Z</time>
   </trkpt>
   <trkpt lat="37.7706350" lon="-122.4720610">
    <ele>72.4</ele>
    <time>2026-04-27T01:59:06Z</time>
   </trkpt>
   <trkpt lat="37.7706430" lon="-122.4720160">
    <ele>72.3</ele>
    <time>2026-04-27T01:59:07Z</time>
   </trkpt>
   <trkpt lat="37.7706380" lon="-122.4719800">
    <ele>72.2</ele>
    <time>2026-04-27T01:59:08Z</time>
   </trkpt>
   <trkpt lat="37.7706430" lon="-122.4719430">
    <ele>72.1</ele>
    <time>2026-04-27T01:59:09Z</time>
   </trkpt>
   <trkpt lat="37.7706580" lon="-122.4719050">
    <ele>72.0</ele>
    <time>2026-04-27T01:59:10Z</time>
   </trkpt>
   <trkpt lat="37.7706670" lon="-122.4718640">
    <ele>71.8</ele>
    <time>2026-04-27T01:59:11Z</time>
   </trkpt>
   <trkpt lat="37.7706770" lon="-122.4718230">
    <ele>71.7</ele>
    <time>2026-04-27T01:59:12Z</time>
   </trkpt>
   <trkpt lat="37.7706860" lon="-122.4717830">
    <ele>71.6</ele>
    <time>2026-04-27T01:59:13Z</time>
   </trkpt>
   <trkpt lat="37.7706980" lon="-122.4717400">
    <ele>71.5</ele>
    <time>2026-04-27T01:59:14Z</time>
   </trkpt>
   <trkpt lat="37.7706960" lon="-122.4716760">
    <ele>71.4</ele>
    <time>2026-04-27T01:59:15Z</time>
   </trkpt>
   <trkpt lat="37.7707170" lon="-122.4716450">
    <ele>71.3</ele>
    <time>2026-04-27T01:59:16Z</time>
   </trkpt>
   <trkpt lat="37.7707310" lon="-122.4716070">
    <ele>71.2</ele>
    <time>2026-04-27T01:59:17Z</time>
   </trkpt>
   <trkpt lat="37.7707490" lon="-122.4715570">
    <ele>71.1</ele>
    <time>2026-04-27T01:59:18Z</time>
   </trkpt>
   <trkpt lat="37.7707560" lon="-122.4715200">
    <ele>71.0</ele>
    <time>2026-04-27T01:59:19Z</time>
   </trkpt>
   <trkpt lat="37.7707710" lon="-122.4714840">
    <ele>71.0</ele>
    <time>2026-04-27T01:59:20Z</time>
   </trkpt>
   <trkpt lat="37.7707780" lon="-122.4714430">
    <ele>70.9</ele>
    <time>2026-04-27T01:59:21Z</time>
   </trkpt>
   <trkpt lat="37.7707920" lon="-122.4714060">
    <ele>70.9</ele>
    <time>2026-04-27T01:59:22Z</time>
   </trkpt>
   <trkpt lat="37.7708090" lon="-122.4713690">
    <ele>70.8</ele>
    <time>2026-04-27T01:59:23Z</time>
   </trkpt>
   <trkpt lat="37.7708700" lon="-122.4713380">
    <ele>70.7</ele>
    <time>2026-04-27T01:59:24Z</time>
   </trkpt>
   <trkpt lat="37.7708880" lon="-122.4712950">
    <ele>70.7</ele>
    <time>2026-04-27T01:59:25Z</time>
   </trkpt>
   <trkpt lat="37.7708920" lon="-122.4712750">
    <ele>70.7</ele>
    <time>2026-04-27T01:59:26Z</time>
   </trkpt>
   <trkpt lat="37.7708980" lon="-122.4712240">
    <ele>70.7</ele>
    <time>2026-04-27T01:59:27Z</time>
   </trkpt>
   <trkpt lat="37.7709010" lon="-122.4712050">
    <ele>70.7</ele>
    <time>2026-04-27T01:59:28Z</time>
   </trkpt>
   <trkpt lat="37.7709110" lon="-122.4711410">
    <ele>70.7</ele>
    <time>2026-04-27T01:59:30Z</time>
   </trkpt>
   <trkpt lat="37.7709310" lon="-122.4711060">
    <ele>70.7</ele>
    <time>2026-04-27T01:59:31Z</time>
   </trkpt>
   <trkpt lat="37.7709840" lon="-122.4710560">
    <ele>70.7</ele>
    <time>2026-04-27T01:59:33Z</time>
   </trkpt>
   <trkpt lat="37.7710140" lon="-122.4710140">
    <ele>70.8</ele>
    <time>2026-04-27T01:59:35Z</time>
   </trkpt>
   <trkpt lat="37.7710360" lon="-122.4709840">
    <ele>70.8</ele>
    <time>2026-04-27T01:59:36Z</time>
   </trkpt>
   <trkpt lat="37.7710610" lon="-122.4709490">
    <ele>70.8</ele>
    <time>2026-04-27T01:59:38Z</time>
   </trkpt>
   <trkpt lat="37.7710800" lon="-122.4708890">
    <ele>70.8</ele>
    <time>2026-04-27T01:59:39Z</time>
   </trkpt>
   <trkpt lat="37.7710810" lon="-122.4708640">
    <ele>70.8</ele>
    <time>2026-04-27T01:59:41Z</time>
   </trkpt>
   <trkpt lat="37.7711200" lon="-122.4708080">
    <ele>70.9</ele>
    <time>2026-04-27T01:59:42Z</time>
   </trkpt>
   <trkpt lat="37.7711420" lon="-122.4707840">
    <ele>70.9</ele>
    <time>2026-04-27T01:59:43Z</time>
   </trkpt>
   <trkpt lat="37.7711610" lon="-122.4707460">
    <ele>70.9</ele>
    <time>2026-04-27T01:59:44Z</time>
   </trkpt>
   <trkpt lat="37.7711650" lon="-122.4707330">
    <ele>70.9</ele>
    <time>2026-04-27T01:59:45Z</time>
   </trkpt>
   <trkpt lat="37.7711830" lon="-122.4707050">
    <ele>71.0</ele>
    <time>2026-04-27T01:59:46Z</time>
   </trkpt>
   <trkpt lat="37.7712090" lon="-122.4706720">
    <ele>71.0</ele>
    <time>2026-04-27T01:59:47Z</time>
   </trkpt>
   <trkpt lat="37.7712210" lon="-122.4706570">
    <ele>71.0</ele>
    <time>2026-04-27T01:59:48Z</time>
   </trkpt>
   <trkpt lat="37.7712370" lon="-122.4706240">
    <ele>71.1</ele>
    <time>2026-04-27T01:59:49Z</time>
   </trkpt>
   <trkpt lat="37.7712520" lon="-122.4705850">
    <ele>71.1</ele>
    <time>2026-04-27T01:59:50Z</time>
   </trkpt>
   <trkpt lat="37.7712570" lon="-122.4705700">
    <ele>71.1</ele>
    <time>2026-04-27T01:59:51Z</time>
   </trkpt>
   <trkpt lat="37.7712790" lon="-122.4705470">
    <ele>71.2</ele>
    <time>2026-04-27T01:59:52Z</time>
   </trkpt>
   <trkpt lat="37.7712990" lon="-122.4705450">
    <ele>71.2</ele>
    <time>2026-04-27T01:59:53Z</time>
   </trkpt>
   <trkpt lat="37.7713050" lon="-122.4705250">
    <ele>71.2</ele>
    <time>2026-04-27T01:59:54Z</time>
   </trkpt>
   <trkpt lat="37.7713270" lon="-122.4704800">
    <ele>71.3</ele>
    <time>2026-04-27T01:59:55Z</time>
   </trkpt>
   <trkpt lat="37.7713530" lon="-122.4704550">
    <ele>71.4</ele>
    <time>2026-04-27T01:59:56Z</time>
   </trkpt>
   <trkpt lat="37.7713630" lon="-122.4704400">
    <ele>71.4</ele>
    <time>2026-04-27T01:59:57Z</time>
   </trkpt>
   <trkpt lat="37.7713840" lon="-122.4704010">
    <ele>71.5</ele>
    <time>2026-04-27T01:59:58Z</time>
   </trkpt>
   <trkpt lat="37.7714060" lon="-122.4703650">
    <ele>71.6</ele>
    <time>2026-04-27T01:59:59Z</time>
   </trkpt>
   <trkpt lat="37.7714090" lon="-122.4703510">
    <ele>71.6</ele>
    <time>2026-04-27T02:00:00Z</time>
   </trkpt>
   <trkpt lat="37.7714350" lon="-122.4703240">
    <ele>71.7</ele>
    <time>2026-04-27T02:00:01Z</time>
   </trkpt>
   <trkpt lat="37.7714450" lon="-122.4703120">
    <ele>71.7</ele>
    <time>2026-04-27T02:00:02Z</time>
   </trkpt>
   <trkpt lat="37.7714580" lon="-122.4702790">
    <ele>71.8</ele>
    <time>2026-04-27T02:00:03Z</time>
   </trkpt>
   <trkpt lat="37.7714650" lon="-122.4702710">
    <ele>71.8</ele>
    <time>2026-04-27T02:00:04Z</time>
   </trkpt>
   <trkpt lat="37.7714870" lon="-122.4702430">
    <ele>71.9</ele>
    <time>2026-04-27T02:00:05Z</time>
   </trkpt>
   <trkpt lat="37.7715150" lon="-122.4702100">
    <ele>72.0</ele>
    <time>2026-04-27T02:00:06Z</time>
   </trkpt>
   <trkpt lat="37.7715270" lon="-122.4701990">
    <ele>72.0</ele>
    <time>2026-04-27T02:00:07Z</time>
   </trkpt>
   <trkpt lat="37.7715530" lon="-122.4701710">
    <ele>72.1</ele>
    <time>2026-04-27T02:00:08Z</time>
   </trkpt>
   <trkpt lat="37.7715590" lon="-122.4701620">
    <ele>72.1</ele>
    <time>2026-04-27T02:00:09Z</time>
   </trkpt>
   <trkpt lat="37.7715580" lon="-122.4701240">
    <ele>72.2</ele>
    <time>2026-04-27T02:00:10Z</time>
   </trkpt>
   <trkpt lat="37.7715950" lon="-122.4700940">
    <ele>72.3</ele>
    <time>2026-04-27T02:00:11Z</time>
   </trkpt>
   <trkpt lat="37.7716090" lon="-122.4700800">
    <ele>72.3</ele>
    <time>2026-04-27T02:00:12Z</time>
   </trkpt>
   <trkpt lat="37.7716310" lon="-122.4700510">
    <ele>72.4</ele>
    <time>2026-04-27T02:00:13Z</time>
   </trkpt>
   <trkpt lat="37.7716480" lon="-122.4700530">
    <ele>72.5</ele>
    <time>2026-04-27T02:00:14Z</time>
   </trkpt>
   <trkpt lat="37.7716600" lon="-122.4700240">
    <ele>72.6</ele>
    <time>2026-04-27T02:00:15Z</time>
   </trkpt>
   <trkpt lat="37.7716830" lon="-122.4699860">
    <ele>72.7</ele>
    <time>2026-04-27T02:00:16Z</time>
   </trkpt>
   <trkpt lat="37.7716890" lon="-122.4699720">
    <ele>72.7</ele>
    <time>2026-04-27T02:00:17Z</time>
   </trkpt>
   <trkpt lat="37.7717090" lon="-122.4699380">
    <ele>72.8</ele>
    <time>2026-04-27T02:00:18Z</time>
   </trkpt>
   <trkpt lat="37.7717180" lon="-122.4699270">
    <ele>72.8</ele>
    <time>2026-04-27T02:00:19Z</time>
   </trkpt>
   <trkpt lat="37.7717450" lon="-122.4699070">
    <ele>72.9</ele>
    <time>2026-04-27T02:00:20Z</time>
   </trkpt>
   <trkpt lat="37.7717660" lon="-122.4698840">
    <ele>73.0</ele>
    <time>2026-04-27T02:00:21Z</time>
   </trkpt>
   <trkpt lat="37.7718050" lon="-122.4698640">
    <ele>73.1</ele>
    <time>2026-04-27T02:00:22Z</time>
   </trkpt>
   <trkpt lat="37.7718240" lon="-122.4698630">
    <ele>73.1</ele>
    <time>2026-04-27T02:00:23Z</time>
   </trkpt>
   <trkpt lat="37.7718430" lon="-122.4698290">
    <ele>73.2</ele>
    <time>2026-04-27T02:00:24Z</time>
   </trkpt>
   <trkpt lat="37.7718480" lon="-122.4698070">
    <ele>73.3</ele>
    <time>2026-04-27T02:00:25Z</time>
   </trkpt>
   <trkpt lat="37.7718590" lon="-122.4697690">
    <ele>73.3</ele>
    <time>2026-04-27T02:00:26Z</time>
   </trkpt>
   <trkpt lat="37.7718620" lon="-122.4697490">
    <ele>73.4</ele>
    <time>2026-04-27T02:00:27Z</time>
   </trkpt>
   <trkpt lat="37.7718810" lon="-122.4697370">
    <ele>73.4</ele>
    <time>2026-04-27T02:00:28Z</time>
   </trkpt>
   <trkpt lat="37.7718780" lon="-122.4697080">
    <ele>73.4</ele>
    <time>2026-04-27T02:00:29Z</time>
   </trkpt>
   <trkpt lat="37.7718940" lon="-122.4696780">
    <ele>73.5</ele>
    <time>2026-04-27T02:00:30Z</time>
   </trkpt>
   <trkpt lat="37.7719160" lon="-122.4696530">
    <ele>73.5</ele>
    <time>2026-04-27T02:00:31Z</time>
   </trkpt>
   <trkpt lat="37.7719240" lon="-122.4696410">
    <ele>73.5</ele>
    <time>2026-04-27T02:00:32Z</time>
   </trkpt>
   <trkpt lat="37.7719380" lon="-122.4696080">
    <ele>73.6</ele>
    <time>2026-04-27T02:00:33Z</time>
   </trkpt>
   <trkpt lat="37.7719760" lon="-122.4696060">
    <ele>73.6</ele>
    <time>2026-04-27T02:00:34Z</time>
   </trkpt>
   <trkpt lat="37.7720070" lon="-122.4695810">
    <ele>73.7</ele>
    <time>2026-04-27T02:00:35Z</time>
   </trkpt>
   <trkpt lat="37.7720130" lon="-122.4695460">
    <ele>73.7</ele>
    <time>2026-04-27T02:00:36Z</time>
   </trkpt>
   <trkpt lat="37.7720380" lon="-122.4695040">
    <ele>73.8</ele>
    <time>2026-04-27T02:00:37Z</time>
   </trkpt>
   <trkpt lat="37.7720460" lon="-122.4694880">
    <ele>73.8</ele>
    <time>2026-04-27T02:00:38Z</time>
   </trkpt>
   <trkpt lat="37.7720580" lon="-122.4694440">
    <ele>73.8</ele>
    <time>2026-04-27T02:00:39Z</time>
   </trkpt>
   <trkpt lat="37.7720650" lon="-122.4694300">
    <ele>73.9</ele>
    <time>2026-04-27T02:00:40Z</time>
   </trkpt>
   <trkpt lat="37.7720870" lon="-122.4694090">
    <ele>73.9</ele>
    <time>2026-04-27T02:00:41Z</time>
   </trkpt>
   <trkpt lat="37.7721130" lon="-122.4693860">
    <ele>73.9</ele>
    <time>2026-04-27T02:00:42Z</time>
   </trkpt>
   <trkpt lat="37.7721250" lon="-122.4693720">
    <ele>74.0</ele>
    <time>2026-04-27T02:00:43Z</time>
   </trkpt>
   <trkpt lat="37.7721280" lon="-122.4693360">
    <ele>74.0</ele>
    <time>2026-04-27T02:00:44Z</time>
   </trkpt>
   <trkpt lat="37.7721480" lon="-122.4693080">
    <ele>74.0</ele>
    <time>2026-04-27T02:00:45Z</time>
   </trkpt>
   <trkpt lat="37.7721730" lon="-122.4692800">
    <ele>74.1</ele>
    <time>2026-04-27T02:00:46Z</time>
   </trkpt>
   <trkpt lat="37.7721730" lon="-122.4692600">
    <ele>74.1</ele>
    <time>2026-04-27T02:00:47Z</time>
   </trkpt>
   <trkpt lat="37.7721850" lon="-122.4692100">
    <ele>74.1</ele>
    <time>2026-04-27T02:00:48Z</time>
   </trkpt>
   <trkpt lat="37.7721900" lon="-122.4691920">
    <ele>74.1</ele>
    <time>2026-04-27T02:00:49Z</time>
   </trkpt>
   <trkpt lat="37.7721920" lon="-122.4691550">
    <ele>74.1</ele>
    <time>2026-04-27T02:00:50Z</time>
   </trkpt>
   <trkpt lat="37.7721950" lon="-122.4691320">
    <ele>74.1</ele>
    <time>2026-04-27T02:00:51Z</time>
   </trkpt>
   <trkpt lat="37.7722190" lon="-122.4690990">
    <ele>74.2</ele>
    <time>2026-04-27T02:00:52Z</time>
   </trkpt>
   <trkpt lat="37.7722370" lon="-122.4690680">
    <ele>74.2</ele>
    <time>2026-04-27T02:00:53Z</time>
   </trkpt>
   <trkpt lat="37.7722540" lon="-122.4690380">
    <ele>74.2</ele>
    <time>2026-04-27T02:00:54Z</time>
   </trkpt>
   <trkpt lat="37.7722670" lon="-122.4690030">
    <ele>74.2</ele>
    <time>2026-04-27T02:00:55Z</time>
   </trkpt>
   <trkpt lat="37.7722630" lon="-122.4689650">
    <ele>74.2</ele>
    <time>2026-04-27T02:00:56Z</time>
   </trkpt>
   <trkpt lat="37.7722880" lon="-122.4689270">
    <ele>74.2</ele>
    <time>2026-04-27T02:00:57Z</time>
   </trkpt>
   <trkpt lat="37.7723040" lon="-122.4688860">
    <ele>74.3</ele>
    <time>2026-04-27T02:00:58Z</time>
   </trkpt>
   <trkpt lat="37.7723440" lon="-122.4688630">
    <ele>74.3</ele>
    <time>2026-04-27T02:00:59Z</time>
   </trkpt>
   <trkpt lat="37.7723400" lon="-122.4688030">
    <ele>74.3</ele>
    <time>2026-04-27T02:01:00Z</time>
   </trkpt>
   <trkpt lat="37.7723460" lon="-122.4687690">
    <ele>74.3</ele>
    <time>2026-04-27T02:01:01Z</time>
   </trkpt>
   <trkpt lat="37.7723700" lon="-122.4687310">
    <ele>74.3</ele>
    <time>2026-04-27T02:01:02Z</time>
   </trkpt>
   <trkpt lat="37.7723770" lon="-122.4686840">
    <ele>74.3</ele>
    <time>2026-04-27T02:01:03Z</time>
   </trkpt>
   <trkpt lat="37.7723800" lon="-122.4686650">
    <ele>74.4</ele>
    <time>2026-04-27T02:01:04Z</time>
   </trkpt>
   <trkpt lat="37.7724180" lon="-122.4686220">
    <ele>74.4</ele>
    <time>2026-04-27T02:01:05Z</time>
   </trkpt>
   <trkpt lat="37.7724210" lon="-122.4685760">
    <ele>74.4</ele>
    <time>2026-04-27T02:01:06Z</time>
   </trkpt>
   <trkpt lat="37.7724300" lon="-122.4685410">
    <ele>74.4</ele>
    <time>2026-04-27T02:01:07Z</time>
   </trkpt>
   <trkpt lat="37.7724300" lon="-122.4685000">
    <ele>74.4</ele>
    <time>2026-04-27T02:01:08Z</time>
   </trkpt>
   <trkpt lat="37.7724420" lon="-122.4684480">
    <ele>74.5</ele>
    <time>2026-04-27T02:01:09Z</time>
   </trkpt>
   <trkpt lat="37.7724500" lon="-122.4684220">
    <ele>74.5</ele>
    <time>2026-04-27T02:01:10Z</time>
   </trkpt>
   <trkpt lat="37.7724450" lon="-122.4683820">
    <ele>74.5</ele>
    <time>2026-04-27T02:01:11Z</time>
   </trkpt>
   <trkpt lat="37.7724530" lon="-122.4683450">
    <ele>74.5</ele>
    <time>2026-04-27T02:01:12Z</time>
   </trkpt>
   <trkpt lat="37.7724570" lon="-122.4683080">
    <ele>74.5</ele>
    <time>2026-04-27T02:01:13Z</time>
   </trkpt>
   <trkpt lat="37.7724460" lon="-122.4682540">
    <ele>74.5</ele>
    <time>2026-04-27T02:01:14Z</time>
   </trkpt>
   <trkpt lat="37.7724480" lon="-122.4682090">
    <ele>74.5</ele>
    <time>2026-04-27T02:01:15Z</time>
   </trkpt>
   <trkpt lat="37.7724540" lon="-122.4681550">
    <ele>74.6</ele>
    <time>2026-04-27T02:01:16Z</time>
   </trkpt>
   <trkpt lat="37.7724590" lon="-122.4681090">
    <ele>74.6</ele>
    <time>2026-04-27T02:01:17Z</time>
   </trkpt>
   <trkpt lat="37.7724590" lon="-122.4680530">
    <ele>74.6</ele>
    <time>2026-04-27T02:01:18Z</time>
   </trkpt>
   <trkpt lat="37.7724630" lon="-122.4680250">
    <ele>74.6</ele>
    <time>2026-04-27T02:01:19Z</time>
   </trkpt>
   <trkpt lat="37.7724550" lon="-122.4679910">
    <ele>74.6</ele>
    <time>2026-04-27T02:01:20Z</time>
   </trkpt>
   <trkpt lat="37.7724640" lon="-122.4679570">
    <ele>74.6</ele>
    <time>2026-04-27T02:01:21Z</time>
   </trkpt>
   <trkpt lat="37.7724730" lon="-122.4679170">
    <ele>74.6</ele>
    <time>2026-04-27T02:01:22Z</time>
   </trkpt>
   <trkpt lat="37.7724840" lon="-122.4678800">
    <ele>74.6</ele>
    <time>2026-04-27T02:01:23Z</time>
   </trkpt>
   <trkpt lat="37.7724930" lon="-122.4678240">
    <ele>74.6</ele>
    <time>2026-04-27T02:01:24Z</time>
   </trkpt>
   <trkpt lat="37.7724890" lon="-122.4677730">
    <ele>74.6</ele>
    <time>2026-04-27T02:01:25Z</time>
   </trkpt>
   <trkpt lat="37.7724860" lon="-122.4677520">
    <ele>74.6</ele>
    <time>2026-04-27T02:01:26Z</time>
   </trkpt>
   <trkpt lat="37.7724770" lon="-122.4677200">
    <ele>74.6</ele>
    <time>2026-04-27T02:01:27Z</time>
   </trkpt>
   <trkpt lat="37.7724910" lon="-122.4676670">
    <ele>74.6</ele>
    <time>2026-04-27T02:01:28Z</time>
   </trkpt>
   <trkpt lat="37.7724890" lon="-122.4676200">
    <ele>74.6</ele>
    <time>2026-04-27T02:01:29Z</time>
   </trkpt>
   <trkpt lat="37.7724770" lon="-122.4675710">
    <ele>74.6</ele>
    <time>2026-04-27T02:01:30Z</time>
   </trkpt>
   <trkpt lat="37.7724690" lon="-122.4675540">
    <ele>74.6</ele>
    <time>2026-04-27T02:01:31Z</time>
   </trkpt>
   <trkpt lat="37.7724560" lon="-122.4675210">
    <ele>74.6</ele>
    <time>2026-04-27T02:01:32Z</time>
   </trkpt>
   <trkpt lat="37.7724610" lon="-122.4674690">
    <ele>74.6</ele>
    <time>2026-04-27T02:01:33Z</time>
   </trkpt>
   <trkpt lat="37.7724660" lon="-122.4674340">
    <ele>74.6</ele>
    <time>2026-04-27T02:01:34Z</time>
   </trkpt>
   <trkpt lat="37.7724620" lon="-122.4673810">
    <ele>74.6</ele>
    <time>2026-04-27T02:01:35Z</time>
   </trkpt>
   <trkpt lat="37.7724640" lon="-122.4673580">
    <ele>74.6</ele>
    <time>2026-04-27T02:01:36Z</time>
   </trkpt>
   <trkpt lat="37.7724750" lon="-122.4673180">
    <ele>74.7</ele>
    <time>2026-04-27T02:01:37Z</time>
   </trkpt>
   <trkpt lat="37.7724820" lon="-122.4672640">
    <ele>74.7</ele>
    <time>2026-04-27T02:01:38Z</time>
   </trkpt>
   <trkpt lat="37.7724780" lon="-122.4672430">
    <ele>74.7</ele>
    <time>2026-04-27T02:01:39Z</time>
   </trkpt>
   <trkpt lat="37.7724800" lon="-122.4671890">
    <ele>74.6</ele>
    <time>2026-04-27T02:01:40Z</time>
   </trkpt>
   <trkpt lat="37.7724830" lon="-122.4671670">
    <ele>74.6</ele>
    <time>2026-04-27T02:01:41Z</time>
   </trkpt>
   <trkpt lat="37.7724770" lon="-122.4671120">
    <ele>74.6</ele>
    <time>2026-04-27T02:01:42Z</time>
   </trkpt>
   <trkpt lat="37.7724720" lon="-122.4670890">
    <ele>74.6</ele>
    <time>2026-04-27T02:01:43Z</time>
   </trkpt>
   <trkpt lat="37.7724680" lon="-122.4670340">
    <ele>74.6</ele>
    <time>2026-04-27T02:01:44Z</time>
   </trkpt>
   <trkpt lat="37.7724620" lon="-122.4670130">
    <ele>74.6</ele>
    <time>2026-04-27T02:01:45Z</time>
   </trkpt>
   <trkpt lat="37.7724590" lon="-122.4669570">
    <ele>74.5</ele>
    <time>2026-04-27T02:01:46Z</time>
   </trkpt>
   <trkpt lat="37.7724910" lon="-122.4669330">
    <ele>74.5</ele>
    <time>2026-04-27T02:01:47Z</time>
   </trkpt>
   <trkpt lat="37.7725020" lon="-122.4669020">
    <ele>74.5</ele>
    <time>2026-04-27T02:01:48Z</time>
   </trkpt>
   <trkpt lat="37.7725000" lon="-122.4668560">
    <ele>74.4</ele>
    <time>2026-04-27T02:01:49Z</time>
   </trkpt>
   <trkpt lat="37.7724940" lon="-122.4668100">
    <ele>74.4</ele>
    <time>2026-04-27T02:01:50Z</time>
   </trkpt>
   <trkpt lat="37.7725080" lon="-122.4667780">
    <ele>74.4</ele>
    <time>2026-04-27T02:01:51Z</time>
   </trkpt>
   <trkpt lat="37.7725110" lon="-122.4667580">
    <ele>74.4</ele>
    <time>2026-04-27T02:01:52Z</time>
   </trkpt>
   <trkpt lat="37.7725090" lon="-122.4667130">
    <ele>74.3</ele>
    <time>2026-04-27T02:01:53Z</time>
   </trkpt>
   <trkpt lat="37.7725080" lon="-122.4666770">
    <ele>74.3</ele>
    <time>2026-04-27T02:01:54Z</time>
   </trkpt>
   <trkpt lat="37.7725220" lon="-122.4666320">
    <ele>74.3</ele>
    <time>2026-04-27T02:01:55Z</time>
   </trkpt>
   <trkpt lat="37.7725080" lon="-122.4665910">
    <ele>74.3</ele>
    <time>2026-04-27T02:01:56Z</time>
   </trkpt>
   <trkpt lat="37.7725110" lon="-122.4665570">
    <ele>74.2</ele>
    <time>2026-04-27T02:01:57Z</time>
   </trkpt>
   <trkpt lat="37.7725050" lon="-122.4664980">
    <ele>74.2</ele>
    <time>2026-04-27T02:01:58Z</time>
   </trkpt>
   <trkpt lat="37.7725020" lon="-122.4664550">
    <ele>74.2</ele>
    <time>2026-04-27T02:01:59Z</time>
   </trkpt>
   <trkpt lat="37.7725030" lon="-122.4664390">
    <ele>74.2</ele>
    <time>2026-04-27T02:02:00Z</time>
   </trkpt>
   <trkpt lat="37.7724970" lon="-122.4664020">
    <ele>74.1</ele>
    <time>2026-04-27T02:02:01Z</time>
   </trkpt>
   <trkpt lat="37.7725040" lon="-122.4663670">
    <ele>74.1</ele>
    <time>2026-04-27T02:02:02Z</time>
   </trkpt>
   <trkpt lat="37.7725040" lon="-122.4663170">
    <ele>74.1</ele>
    <time>2026-04-27T02:02:03Z</time>
   </trkpt>
   <trkpt lat="37.7725140" lon="-122.4662730">
    <ele>74.0</ele>
    <time>2026-04-27T02:02:04Z</time>
   </trkpt>
   <trkpt lat="37.7725160" lon="-122.4662220">
    <ele>74.0</ele>
    <time>2026-04-27T02:02:05Z</time>
   </trkpt>
   <trkpt lat="37.7725210" lon="-122.4662030">
    <ele>73.9</ele>
    <time>2026-04-27T02:02:06Z</time>
   </trkpt>
   <trkpt lat="37.7725080" lon="-122.4661600">
    <ele>73.9</ele>
    <time>2026-04-27T02:02:07Z</time>
   </trkpt>
   <trkpt lat="37.7725090" lon="-122.4661260">
    <ele>73.9</ele>
    <time>2026-04-27T02:02:08Z</time>
   </trkpt>
   <trkpt lat="37.7725160" lon="-122.4660720">
    <ele>73.9</ele>
    <time>2026-04-27T02:02:09Z</time>
   </trkpt>
   <trkpt lat="37.7725180" lon="-122.4660500">
    <ele>73.9</ele>
    <time>2026-04-27T02:02:10Z</time>
   </trkpt>
   <trkpt lat="37.7725080" lon="-122.4660110">
    <ele>73.8</ele>
    <time>2026-04-27T02:02:11Z</time>
   </trkpt>
   <trkpt lat="37.7725120" lon="-122.4659700">
    <ele>73.8</ele>
    <time>2026-04-27T02:02:12Z</time>
   </trkpt>
   <trkpt lat="37.7725080" lon="-122.4659280">
    <ele>73.8</ele>
    <time>2026-04-27T02:02:13Z</time>
   </trkpt>
   <trkpt lat="37.7725070" lon="-122.4659190">
    <ele>73.8</ele>
    <time>2026-04-27T02:02:14Z</time>
   </trkpt>
   <trkpt lat="37.7725120" lon="-122.4658840">
    <ele>73.8</ele>
    <time>2026-04-27T02:02:15Z</time>
   </trkpt>
   <trkpt lat="37.7725170" lon="-122.4658290">
    <ele>73.7</ele>
    <time>2026-04-27T02:02:16Z</time>
   </trkpt>
   <trkpt lat="37.7725170" lon="-122.4658070">
    <ele>73.7</ele>
    <time>2026-04-27T02:02:17Z</time>
   </trkpt>
   <trkpt lat="37.7725220" lon="-122.4657650">
    <ele>73.7</ele>
    <time>2026-04-27T02:02:18Z</time>
   </trkpt>
   <trkpt lat="37.7725220" lon="-122.4657140">
    <ele>73.7</ele>
    <time>2026-04-27T02:02:19Z</time>
   </trkpt>
   <trkpt lat="37.7725210" lon="-122.4656970">
    <ele>73.6</ele>
    <time>2026-04-27T02:02:20Z</time>
   </trkpt>
   <trkpt lat="37.7725170" lon="-122.4656570">
    <ele>73.6</ele>
    <time>2026-04-27T02:02:21Z</time>
   </trkpt>
   <trkpt lat="37.7725110" lon="-122.4656350">
    <ele>73.6</ele>
    <time>2026-04-27T02:02:22Z</time>
   </trkpt>
   <trkpt lat="37.7725150" lon="-122.4655920">
    <ele>73.6</ele>
    <time>2026-04-27T02:02:23Z</time>
   </trkpt>
   <trkpt lat="37.7725200" lon="-122.4655820">
    <ele>73.6</ele>
    <time>2026-04-27T02:02:24Z</time>
   </trkpt>
   <trkpt lat="37.7725120" lon="-122.4655350">
    <ele>73.6</ele>
    <time>2026-04-27T02:02:25Z</time>
   </trkpt>
   <trkpt lat="37.7725130" lon="-122.4654920">
    <ele>73.5</ele>
    <time>2026-04-27T02:02:26Z</time>
   </trkpt>
   <trkpt lat="37.7725080" lon="-122.4654470">
    <ele>73.5</ele>
    <time>2026-04-27T02:02:27Z</time>
   </trkpt>
   <trkpt lat="37.7725040" lon="-122.4654290">
    <ele>73.5</ele>
    <time>2026-04-27T02:02:28Z</time>
   </trkpt>
   <trkpt lat="37.7724950" lon="-122.4653840">
    <ele>73.5</ele>
    <time>2026-04-27T02:02:29Z</time>
   </trkpt>
   <trkpt lat="37.7724890" lon="-122.4653480">
    <ele>73.5</ele>
    <time>2026-04-27T02:02:30Z</time>
   </trkpt>
   <trkpt lat="37.7724990" lon="-122.4653110">
    <ele>73.5</ele>
    <time>2026-04-27T02:02:31Z</time>
   </trkpt>
   <trkpt lat="37.7724950" lon="-122.4652630">
    <ele>73.5</ele>
    <time>2026-04-27T02:02:32Z</time>
   </trkpt>
   <trkpt lat="37.7724930" lon="-122.4652420">
    <ele>73.5</ele>
    <time>2026-04-27T02:02:33Z</time>
   </trkpt>
   <trkpt lat="37.7725000" lon="-122.4652060">
    <ele>73.5</ele>
    <time>2026-04-27T02:02:34Z</time>
   </trkpt>
   <trkpt lat="37.7724860" lon="-122.4651570">
    <ele>73.4</ele>
    <time>2026-04-27T02:02:35Z</time>
   </trkpt>
   <trkpt lat="37.7724810" lon="-122.4651210">
    <ele>73.4</ele>
    <time>2026-04-27T02:02:36Z</time>
   </trkpt>
   <trkpt lat="37.7724730" lon="-122.4650770">
    <ele>73.4</ele>
    <time>2026-04-27T02:02:37Z</time>
   </trkpt>
   <trkpt lat="37.7724710" lon="-122.4650600">
    <ele>73.4</ele>
    <time>2026-04-27T02:02:38Z</time>
   </trkpt>
   <trkpt lat="37.7724560" lon="-122.4650210">
    <ele>73.4</ele>
    <time>2026-04-27T02:02:39Z</time>
   </trkpt>
   <trkpt lat="37.7724530" lon="-122.4650010">
    <ele>73.4</ele>
    <time>2026-04-27T02:02:40Z</time>
   </trkpt>
   <trkpt lat="37.7724330" lon="-122.4649580">
    <ele>73.4</ele>
    <time>2026-04-27T02:02:41Z</time>
   </trkpt>
   <trkpt lat="37.7724250" lon="-122.4649030">
    <ele>73.4</ele>
    <time>2026-04-27T02:02:42Z</time>
   </trkpt>
   <trkpt lat="37.7724220" lon="-122.4648660">
    <ele>73.4</ele>
    <time>2026-04-27T02:02:43Z</time>
   </trkpt>
   <trkpt lat="37.7724260" lon="-122.4648240">
    <ele>73.4</ele>
    <time>2026-04-27T02:02:44Z</time>
   </trkpt>
   <trkpt lat="37.7724210" lon="-122.4647870">
    <ele>73.4</ele>
    <time>2026-04-27T02:02:45Z</time>
   </trkpt>
   <trkpt lat="37.7724010" lon="-122.4647410">
    <ele>73.4</ele>
    <time>2026-04-27T02:02:46Z</time>
   </trkpt>
   <trkpt lat="37.7723950" lon="-122.4647190">
    <ele>73.4</ele>
    <time>2026-04-27T02:02:47Z</time>
   </trkpt>
   <trkpt lat="37.7723950" lon="-122.4646790">
    <ele>73.4</ele>
    <time>2026-04-27T02:02:48Z</time>
   </trkpt>
   <trkpt lat="37.7723900" lon="-122.4646400">
    <ele>73.4</ele>
    <time>2026-04-27T02:02:49Z</time>
   </trkpt>
   <trkpt lat="37.7723760" lon="-122.4646100">
    <ele>73.4</ele>
    <time>2026-04-27T02:02:50Z</time>
   </trkpt>
   <trkpt lat="37.7723750" lon="-122.4645640">
    <ele>73.4</ele>
    <time>2026-04-27T02:02:51Z</time>
   </trkpt>
   <trkpt lat="37.7723720" lon="-122.4645430">
    <ele>73.4</ele>
    <time>2026-04-27T02:02:52Z</time>
   </trkpt>
   <trkpt lat="37.7723670" lon="-122.4645070">
    <ele>73.4</ele>
    <time>2026-04-27T02:02:53Z</time>
   </trkpt>
   <trkpt lat="37.7723510" lon="-122.4644640">
    <ele>73.4</ele>
    <time>2026-04-27T02:02:54Z</time>
   </trkpt>
   <trkpt lat="37.7723470" lon="-122.4644450">
    <ele>73.4</ele>
    <time>2026-04-27T02:02:55Z</time>
   </trkpt>
   <trkpt lat="37.7723410" lon="-122.4644090">
    <ele>73.4</ele>
    <time>2026-04-27T02:02:56Z</time>
   </trkpt>
   <trkpt lat="37.7723340" lon="-122.4643760">
    <ele>73.4</ele>
    <time>2026-04-27T02:02:57Z</time>
   </trkpt>
   <trkpt lat="37.7723240" lon="-122.4643410">
    <ele>73.4</ele>
    <time>2026-04-27T02:02:58Z</time>
   </trkpt>
   <trkpt lat="37.7723190" lon="-122.4643030">
    <ele>73.4</ele>
    <time>2026-04-27T02:02:59Z</time>
   </trkpt>
   <trkpt lat="37.7723050" lon="-122.4642680">
    <ele>73.4</ele>
    <time>2026-04-27T02:03:00Z</time>
   </trkpt>
   <trkpt lat="37.7722920" lon="-122.4642220">
    <ele>73.4</ele>
    <time>2026-04-27T02:03:01Z</time>
   </trkpt>
   <trkpt lat="37.7722860" lon="-122.4642070">
    <ele>73.4</ele>
    <time>2026-04-27T02:03:02Z</time>
   </trkpt>
   <trkpt lat="37.7722750" lon="-122.4641700">
    <ele>73.5</ele>
    <time>2026-04-27T02:03:03Z</time>
   </trkpt>
   <trkpt lat="37.7722700" lon="-122.4641370">
    <ele>73.5</ele>
    <time>2026-04-27T02:03:04Z</time>
   </trkpt>
   <trkpt lat="37.7722630" lon="-122.4640860">
    <ele>73.5</ele>
    <time>2026-04-27T02:03:05Z</time>
   </trkpt>
   <trkpt lat="37.7722560" lon="-122.4640670">
    <ele>73.5</ele>
    <time>2026-04-27T02:03:06Z</time>
   </trkpt>
   <trkpt lat="37.7722500" lon="-122.4640140">
    <ele>73.5</ele>
    <time>2026-04-27T02:03:07Z</time>
   </trkpt>
   <trkpt lat="37.7722480" lon="-122.4639950">
    <ele>73.5</ele>
    <time>2026-04-27T02:03:08Z</time>
   </trkpt>
   <trkpt lat="37.7722410" lon="-122.4639620">
    <ele>73.5</ele>
    <time>2026-04-27T02:03:09Z</time>
   </trkpt>
   <trkpt lat="37.7722230" lon="-122.4639180">
    <ele>73.5</ele>
    <time>2026-04-27T02:03:10Z</time>
   </trkpt>
   <trkpt lat="37.7722060" lon="-122.4638860">
    <ele>73.5</ele>
    <time>2026-04-27T02:03:11Z</time>
   </trkpt>
   <trkpt lat="37.7721900" lon="-122.4638430">
    <ele>73.6</ele>
    <time>2026-04-27T02:03:12Z</time>
   </trkpt>
   <trkpt lat="37.7721840" lon="-122.4638240">
    <ele>73.6</ele>
    <time>2026-04-27T02:03:13Z</time>
   </trkpt>
   <trkpt lat="37.7721810" lon="-122.4637830">
    <ele>73.6</ele>
    <time>2026-04-27T02:03:14Z</time>
   </trkpt>
   <trkpt lat="37.7721490" lon="-122.4637670">
    <ele>73.6</ele>
    <time>2026-04-27T02:03:15Z</time>
   </trkpt>
   <trkpt lat="37.7721490" lon="-122.4637230">
    <ele>73.6</ele>
    <time>2026-04-27T02:03:16Z</time>
   </trkpt>
   <trkpt lat="37.7721480" lon="-122.4636750">
    <ele>73.6</ele>
    <time>2026-04-27T02:03:17Z</time>
   </trkpt>
   <trkpt lat="37.7721390" lon="-122.4636250">
    <ele>73.7</ele>
    <time>2026-04-27T02:03:18Z</time>
   </trkpt>
   <trkpt lat="37.7721320" lon="-122.4636060">
    <ele>73.7</ele>
    <time>2026-04-27T02:03:19Z</time>
   </trkpt>
   <trkpt lat="37.7721170" lon="-122.4635580">
    <ele>73.7</ele>
    <time>2026-04-27T02:03:20Z</time>
   </trkpt>
   <trkpt lat="37.7721110" lon="-122.4635390">
    <ele>73.7</ele>
    <time>2026-04-27T02:03:21Z</time>
   </trkpt>
   <trkpt lat="37.7721030" lon="-122.4634930">
    <ele>73.7</ele>
    <time>2026-04-27T02:03:22Z</time>
   </trkpt>
   <trkpt lat="37.7720870" lon="-122.4634630">
    <ele>73.8</ele>
    <time>2026-04-27T02:03:23Z</time>
   </trkpt>
   <trkpt lat="37.7720830" lon="-122.4634200">
    <ele>73.8</ele>
    <time>2026-04-27T02:03:24Z</time>
   </trkpt>
   <trkpt lat="37.7720700" lon="-122.4633940">
    <ele>73.8</ele>
    <time>2026-04-27T02:03:25Z</time>
   </trkpt>
   <trkpt lat="37.7720600" lon="-122.4633460">
    <ele>73.8</ele>
    <time>2026-04-27T02:03:26Z</time>
   </trkpt>
   <trkpt lat="37.7720400" lon="-122.4633060">
    <ele>73.9</ele>
    <time>2026-04-27T02:03:27Z</time>
   </trkpt>
   <trkpt lat="37.7720380" lon="-122.4632590">
    <ele>73.9</ele>
    <time>2026-04-27T02:03:28Z</time>
   </trkpt>
   <trkpt lat="37.7720360" lon="-122.4632390">
    <ele>73.9</ele>
    <time>2026-04-27T02:03:29Z</time>
   </trkpt>
   <trkpt lat="37.7720330" lon="-122.4631900">
    <ele>73.9</ele>
    <time>2026-04-27T02:03:30Z</time>
   </trkpt>
   <trkpt lat="37.7720330" lon="-122.4631730">
    <ele>73.9</ele>
    <time>2026-04-27T02:03:31Z</time>
   </trkpt>
   <trkpt lat="37.7720240" lon="-122.4631210">
    <ele>73.9</ele>
    <time>2026-04-27T02:03:32Z</time>
   </trkpt>
   <trkpt lat="37.7720160" lon="-122.4631010">
    <ele>73.9</ele>
    <time>2026-04-27T02:03:33Z</time>
   </trkpt>
   <trkpt lat="37.7719950" lon="-122.4630660">
    <ele>74.0</ele>
    <time>2026-04-27T02:03:34Z</time>
   </trkpt>
   <trkpt lat="37.7719840" lon="-122.4630290">
    <ele>74.0</ele>
    <time>2026-04-27T02:03:35Z</time>
   </trkpt>
   <trkpt lat="37.7719690" lon="-122.4629930">
    <ele>74.0</ele>
    <time>2026-04-27T02:03:36Z</time>
   </trkpt>
   <trkpt lat="37.7719480" lon="-122.4629600">
    <ele>74.0</ele>
    <time>2026-04-27T02:03:37Z</time>
   </trkpt>
   <trkpt lat="37.7719400" lon="-122.4629140">
    <ele>74.0</ele>
    <time>2026-04-27T02:03:38Z</time>
   </trkpt>
   <trkpt lat="37.7719400" lon="-122.4628950">
    <ele>74.1</ele>
    <time>2026-04-27T02:03:39Z</time>
   </trkpt>
   <trkpt lat="37.7719270" lon="-122.4628480">
    <ele>74.1</ele>
    <time>2026-04-27T02:03:40Z</time>
   </trkpt>
   <trkpt lat="37.7719200" lon="-122.4628320">
    <ele>74.1</ele>
    <time>2026-04-27T02:03:41Z</time>
   </trkpt>
   <trkpt lat="37.7719090" lon="-122.4627870">
    <ele>74.1</ele>
    <time>2026-04-27T02:03:42Z</time>
   </trkpt>
   <trkpt lat="37.7719060" lon="-122.4627710">
    <ele>74.1</ele>
    <time>2026-04-27T02:03:43Z</time>
   </trkpt>
   <trkpt lat="37.7719210" lon="-122.4627380">
    <ele>74.2</ele>
    <time>2026-04-27T02:03:44Z</time>
   </trkpt>
   <trkpt lat="37.7719240" lon="-122.4627220">
    <ele>74.2</ele>
    <time>2026-04-27T02:03:45Z</time>
   </trkpt>
   <trkpt lat="37.7719020" lon="-122.4626780">
    <ele>74.2</ele>
    <time>2026-04-27T02:03:46Z</time>
   </trkpt>
   <trkpt lat="37.7718910" lon="-122.4626350">
    <ele>74.2</ele>
    <time>2026-04-27T02:03:47Z</time>
   </trkpt>
   <trkpt lat="37.7718850" lon="-122.4626200">
    <ele>74.3</ele>
    <time>2026-04-27T02:03:48Z</time>
   </trkpt>
   <trkpt lat="37.7718770" lon="-122.4625770">
    <ele>74.3</ele>
    <time>2026-04-27T02:03:49Z</time>
   </trkpt>
   <trkpt lat="37.7718600" lon="-122.4625340">
    <ele>74.3</ele>
    <time>2026-04-27T02:03:50Z</time>
   </trkpt>
   <trkpt lat="37.7718460" lon="-122.4624850">
    <ele>74.3</ele>
    <time>2026-04-27T02:03:51Z</time>
   </trkpt>
   <trkpt lat="37.7718420" lon="-122.4624670">
    <ele>74.3</ele>
    <time>2026-04-27T02:03:52Z</time>
   </trkpt>
   <trkpt lat="37.7718090" lon="-122.4624280">
    <ele>74.4</ele>
    <time>2026-04-27T02:03:53Z</time>
   </trkpt>
   <trkpt lat="37.7718080" lon="-122.4623900">
    <ele>74.4</ele>
    <time>2026-04-27T02:03:54Z</time>
   </trkpt>
   <trkpt lat="37.7718030" lon="-122.4623350">
    <ele>74.4</ele>
    <time>2026-04-27T02:03:55Z</time>
   </trkpt>
   <trkpt lat="37.7717840" lon="-122.4622880">
    <ele>74.4</ele>
    <time>2026-04-27T02:03:56Z</time>
   </trkpt>
   <trkpt lat="37.7717880" lon="-122.4622480">
    <ele>74.5</ele>
    <time>2026-04-27T02:03:57Z</time>
   </trkpt>
   <trkpt lat="37.7717820" lon="-122.4622130">
    <ele>74.5</ele>
    <time>2026-04-27T02:03:58Z</time>
   </trkpt>
   <trkpt lat="37.7717710" lon="-122.4621730">
    <ele>74.5</ele>
    <time>2026-04-27T02:03:59Z</time>
   </trkpt>
   <trkpt lat="37.7717520" lon="-122.4621460">
    <ele>74.5</ele>
    <time>2026-04-27T02:04:00Z</time>
   </trkpt>
   <trkpt lat="37.7717490" lon="-122.4621090">
    <ele>74.5</ele>
    <time>2026-04-27T02:04:01Z</time>
   </trkpt>
   <trkpt lat="37.7717410" lon="-122.4620750">
    <ele>74.6</ele>
    <time>2026-04-27T02:04:02Z</time>
   </trkpt>
   <trkpt lat="37.7717280" lon="-122.4620420">
    <ele>74.6</ele>
    <time>2026-04-27T02:04:03Z</time>
   </trkpt>
   <trkpt lat="37.7717210" lon="-122.4620070">
    <ele>74.6</ele>
    <time>2026-04-27T02:04:04Z</time>
   </trkpt>
   <trkpt lat="37.7717230" lon="-122.4619720">
    <ele>74.6</ele>
    <time>2026-04-27T02:04:05Z</time>
   </trkpt>
   <trkpt lat="37.7717180" lon="-122.4619300">
    <ele>74.6</ele>
    <time>2026-04-27T02:04:06Z</time>
   </trkpt>
   <trkpt lat="37.7716920" lon="-122.4618960">
    <ele>74.6</ele>
    <time>2026-04-27T02:04:07Z</time>
   </trkpt>
   <trkpt lat="37.7716770" lon="-122.4618480">
    <ele>74.6</ele>
    <time>2026-04-27T02:04:08Z</time>
   </trkpt>
   <trkpt lat="37.7716640" lon="-122.4618300">
    <ele>74.6</ele>
    <time>2026-04-27T02:04:09Z</time>
   </trkpt>
   <trkpt lat="37.7716580" lon="-122.4617910">
    <ele>74.6</ele>
    <time>2026-04-27T02:04:10Z</time>
   </trkpt>
   <trkpt lat="37.7716480" lon="-122.4617520">
    <ele>74.6</ele>
    <time>2026-04-27T02:04:11Z</time>
   </trkpt>
   <trkpt lat="37.7716390" lon="-122.4617140">
    <ele>74.6</ele>
    <time>2026-04-27T02:04:12Z</time>
   </trkpt>
   <trkpt lat="37.7716160" lon="-122.4616890">
    <ele>74.6</ele>
    <time>2026-04-27T02:04:13Z</time>
   </trkpt>
   <trkpt lat="37.7715970" lon="-122.4616410">
    <ele>74.6</ele>
    <time>2026-04-27T02:04:14Z</time>
   </trkpt>
   <trkpt lat="37.7715750" lon="-122.4616260">
    <ele>74.6</ele>
    <time>2026-04-27T02:04:15Z</time>
   </trkpt>
   <trkpt lat="37.7715860" lon="-122.4615900">
    <ele>74.6</ele>
    <time>2026-04-27T02:04:16Z</time>
   </trkpt>
   <trkpt lat="37.7716090" lon="-122.4615520">
    <ele>74.6</ele>
    <time>2026-04-27T02:04:17Z</time>
   </trkpt>
   <trkpt lat="37.7716190" lon="-122.4615130">
    <ele>74.6</ele>
    <time>2026-04-27T02:04:18Z</time>
   </trkpt>
   <trkpt lat="37.7716100" lon="-122.4614680">
    <ele>74.6</ele>
    <time>2026-04-27T02:04:19Z</time>
   </trkpt>
   <trkpt lat="37.7716020" lon="-122.4614580">
    <ele>74.6</ele>
    <time>2026-04-27T02:04:20Z</time>
   </trkpt>
   <trkpt lat="37.7715930" lon="-122.4614240">
    <ele>74.6</ele>
    <time>2026-04-27T02:04:21Z</time>
   </trkpt>
   <trkpt lat="37.7715930" lon="-122.4613800">
    <ele>74.6</ele>
    <time>2026-04-27T02:04:22Z</time>
   </trkpt>
   <trkpt lat="37.7715920" lon="-122.4613420">
    <ele>74.6</ele>
    <time>2026-04-27T02:04:23Z</time>
   </trkpt>
   <trkpt lat="37.7715970" lon="-122.4613140">
    <ele>74.6</ele>
    <time>2026-04-27T02:04:24Z</time>
   </trkpt>
   <trkpt lat="37.7715770" lon="-122.4612840">
    <ele>74.6</ele>
    <time>2026-04-27T02:04:25Z</time>
   </trkpt>
   <trkpt lat="37.7715710" lon="-122.4612460">
    <ele>74.6</ele>
    <time>2026-04-27T02:04:26Z</time>
   </trkpt>
   <trkpt lat="37.7715620" lon="-122.4612110">
    <ele>74.6</ele>
    <time>2026-04-27T02:04:27Z</time>
   </trkpt>
   <trkpt lat="37.7715570" lon="-122.4611710">
    <ele>74.6</ele>
    <time>2026-04-27T02:04:28Z</time>
   </trkpt>
   <trkpt lat="37.7715570" lon="-122.4611300">
    <ele>74.6</ele>
    <time>2026-04-27T02:04:29Z</time>
   </trkpt>
   <trkpt lat="37.7715600" lon="-122.4611170">
    <ele>74.6</ele>
    <time>2026-04-27T02:04:30Z</time>
   </trkpt>
   <trkpt lat="37.7715500" lon="-122.4610810">
    <ele>74.7</ele>
    <time>2026-04-27T02:04:31Z</time>
   </trkpt>
   <trkpt lat="37.7715420" lon="-122.4610380">
    <ele>74.7</ele>
    <time>2026-04-27T02:04:32Z</time>
   </trkpt>
   <trkpt lat="37.7715410" lon="-122.4610210">
    <ele>74.7</ele>
    <time>2026-04-27T02:04:33Z</time>
   </trkpt>
   <trkpt lat="37.7715350" lon="-122.4609830">
    <ele>74.7</ele>
    <time>2026-04-27T02:04:34Z</time>
   </trkpt>
   <trkpt lat="37.7715260" lon="-122.4609470">
    <ele>74.7</ele>
    <time>2026-04-27T02:04:35Z</time>
   </trkpt>
   <trkpt lat="37.7715190" lon="-122.4609040">
    <ele>74.7</ele>
    <time>2026-04-27T02:04:36Z</time>
   </trkpt>
   <trkpt lat="37.7715170" lon="-122.4608850">
    <ele>74.7</ele>
    <time>2026-04-27T02:04:37Z</time>
   </trkpt>
   <trkpt lat="37.7715070" lon="-122.4608450">
    <ele>74.7</ele>
    <time>2026-04-27T02:04:38Z</time>
   </trkpt>
   <trkpt lat="37.7714970" lon="-122.4608100">
    <ele>74.7</ele>
    <time>2026-04-27T02:04:39Z</time>
   </trkpt>
   <trkpt lat="37.7714940" lon="-122.4607600">
    <ele>74.7</ele>
    <time>2026-04-27T02:04:40Z</time>
   </trkpt>
   <trkpt lat="37.7714910" lon="-122.4607450">
    <ele>74.7</ele>
    <time>2026-04-27T02:04:41Z</time>
   </trkpt>
   <trkpt lat="37.7715110" lon="-122.4607140">
    <ele>74.8</ele>
    <time>2026-04-27T02:04:42Z</time>
   </trkpt>
   <trkpt lat="37.7714960" lon="-122.4606660">
    <ele>74.8</ele>
    <time>2026-04-27T02:04:43Z</time>
   </trkpt>
   <trkpt lat="37.7714830" lon="-122.4606490">
    <ele>74.8</ele>
    <time>2026-04-27T02:04:44Z</time>
   </trkpt>
   <trkpt lat="37.7714810" lon="-122.4606090">
    <ele>74.8</ele>
    <time>2026-04-27T02:04:45Z</time>
   </trkpt>
   <trkpt lat="37.7714760" lon="-122.4605950">
    <ele>74.8</ele>
    <time>2026-04-27T02:04:46Z</time>
   </trkpt>
   <trkpt lat="37.7714790" lon="-122.4605500">
    <ele>74.8</ele>
    <time>2026-04-27T02:04:47Z</time>
   </trkpt>
   <trkpt lat="37.7714790" lon="-122.4605370">
    <ele>74.8</ele>
    <time>2026-04-27T02:04:48Z</time>
   </trkpt>
   <trkpt lat="37.7714690" lon="-122.4605000">
    <ele>74.8</ele>
    <time>2026-04-27T02:04:49Z</time>
   </trkpt>
   <trkpt lat="37.7714660" lon="-122.4604550">
    <ele>74.8</ele>
    <time>2026-04-27T02:04:50Z</time>
   </trkpt>
   <trkpt lat="37.7714660" lon="-122.4604370">
    <ele>74.8</ele>
    <time>2026-04-27T02:04:51Z</time>
   </trkpt>
   <trkpt lat="37.7714640" lon="-122.4604020">
    <ele>74.8</ele>
    <time>2026-04-27T02:04:52Z</time>
   </trkpt>
   <trkpt lat="37.7715000" lon="-122.4604020">
    <ele>74.8</ele>
    <time>2026-04-27T02:04:53Z</time>
   </trkpt>
   <trkpt lat="37.7714890" lon="-122.4604460">
    <ele>74.8</ele>
    <time>2026-04-27T02:04:54Z</time>
   </trkpt>
   <trkpt lat="37.7714850" lon="-122.4604630">
    <ele>74.8</ele>
    <time>2026-04-27T02:04:55Z</time>
   </trkpt>
   <trkpt lat="37.7714730" lon="-122.4604990">
    <ele>74.8</ele>
    <time>2026-04-27T02:04:56Z</time>
   </trkpt>
   <trkpt lat="37.7714760" lon="-122.4605410">
    <ele>74.8</ele>
    <time>2026-04-27T02:04:57Z</time>
   </trkpt>
   <trkpt lat="37.7714920" lon="-122.4605780">
    <ele>74.8</ele>
    <time>2026-04-27T02:04:58Z</time>
   </trkpt>
   <trkpt lat="37.7715160" lon="-122.4606130">
    <ele>74.8</ele>
    <time>2026-04-27T02:04:59Z</time>
   </trkpt>
   <trkpt lat="37.7715040" lon="-122.4606530">
    <ele>74.8</ele>
    <time>2026-04-27T02:05:00Z</time>
   </trkpt>
   <trkpt lat="37.7714840" lon="-122.4606910">
    <ele>74.8</ele>
    <time>2026-04-27T02:05:01Z</time>
   </trkpt>
   <trkpt lat="37.7714810" lon="-122.4607370">
    <ele>74.7</ele>
    <time>2026-04-27T02:05:02Z</time>
   </trkpt>
   <trkpt lat="37.7714840" lon="-122.4607570">
    <ele>74.7</ele>
    <time>2026-04-27T02:05:03Z</time>
   </trkpt>
   <trkpt lat="37.7715010" lon="-122.4607850">
    <ele>74.7</ele>
    <time>2026-04-27T02:05:04Z</time>
   </trkpt>
   <trkpt lat="37.7715050" lon="-122.4608240">
    <ele>74.7</ele>
    <time>2026-04-27T02:05:05Z</time>
   </trkpt>
   <trkpt lat="37.7715210" lon="-122.4608610">
    <ele>74.7</ele>
    <time>2026-04-27T02:05:06Z</time>
   </trkpt>
   <trkpt lat="37.7715250" lon="-122.4609010">
    <ele>74.7</ele>
    <time>2026-04-27T02:05:07Z</time>
   </trkpt>
   <trkpt lat="37.7715500" lon="-122.4609290">
    <ele>74.7</ele>
    <time>2026-04-27T02:05:08Z</time>
   </trkpt>
   <trkpt lat="37.7715580" lon="-122.4609400">
    <ele>74.7</ele>
    <time>2026-04-27T02:05:09Z</time>
   </trkpt>
   <trkpt lat="37.7715690" lon="-122.4609990">
    <ele>74.7</ele>
    <time>2026-04-27T02:05:10Z</time>
   </trkpt>
   <trkpt lat="37.7715620" lon="-122.4610360">
    <ele>74.7</ele>
    <time>2026-04-27T02:05:11Z</time>
   </trkpt>
   <trkpt lat="37.7715670" lon="-122.4610800">
    <ele>74.6</ele>
    <time>2026-04-27T02:05:12Z</time>
   </trkpt>
   <trkpt lat="37.7715770" lon="-122.4611220">
    <ele>74.6</ele>
    <time>2026-04-27T02:05:13Z</time>
   </trkpt>
   <trkpt lat="37.7715860" lon="-122.4611590">
    <ele>74.6</ele>
    <time>2026-04-27T02:05:14Z</time>
   </trkpt>
   <trkpt lat="37.7715890" lon="-122.4611750">
    <ele>74.6</ele>
    <time>2026-04-27T02:05:15Z</time>
   </trkpt>
   <trkpt lat="37.7715980" lon="-122.4612210">
    <ele>74.6</ele>
    <time>2026-04-27T02:05:16Z</time>
   </trkpt>
   <trkpt lat="37.7715830" lon="-122.4612620">
    <ele>74.6</ele>
    <time>2026-04-27T02:05:17Z</time>
   </trkpt>
   <trkpt lat="37.7715730" lon="-122.4612990">
    <ele>74.6</ele>
    <time>2026-04-27T02:05:18Z</time>
   </trkpt>
   <trkpt lat="37.7715960" lon="-122.4613380">
    <ele>74.6</ele>
    <time>2026-04-27T02:05:19Z</time>
   </trkpt>
   <trkpt lat="37.7716080" lon="-122.4613710">
    <ele>74.6</ele>
    <time>2026-04-27T02:05:20Z</time>
   </trkpt>
   <trkpt lat="37.7716180" lon="-122.4614090">
    <ele>74.6</ele>
    <time>2026-04-27T02:05:21Z</time>
   </trkpt>
   <trkpt lat="37.7716310" lon="-122.4614430">
    <ele>74.6</ele>
    <time>2026-04-27T02:05:22Z</time>
   </trkpt>
   <trkpt lat="37.7716310" lon="-122.4614850">
    <ele>74.6</ele>
    <time>2026-04-27T02:05:23Z</time>
   </trkpt>
   <trkpt lat="37.7716400" lon="-122.4615350">
    <ele>74.6</ele>
    <time>2026-04-27T02:05:24Z</time>
   </trkpt>
   <trkpt lat="37.7716400" lon="-122.4615550">
    <ele>74.6</ele>
    <time>2026-04-27T02:05:25Z</time>
   </trkpt>
   <trkpt lat="37.7716600" lon="-122.4616010">
    <ele>74.6</ele>
    <time>2026-04-27T02:05:26Z</time>
   </trkpt>
   <trkpt lat="37.7716650" lon="-122.4616390">
    <ele>74.6</ele>
    <time>2026-04-27T02:05:27Z</time>
   </trkpt>
   <trkpt lat="37.7716680" lon="-122.4616560">
    <ele>74.6</ele>
    <time>2026-04-27T02:05:28Z</time>
   </trkpt>
   <trkpt lat="37.7716840" lon="-122.4617200">
    <ele>74.6</ele>
    <time>2026-04-27T02:05:29Z</time>
   </trkpt>
   <trkpt lat="37.7716890" lon="-122.4617700">
    <ele>74.6</ele>
    <time>2026-04-27T02:05:30Z</time>
   </trkpt>
   <trkpt lat="37.7716700" lon="-122.4617790">
    <ele>74.6</ele>
    <time>2026-04-27T02:05:31Z</time>
   </trkpt>
   <trkpt lat="37.7716880" lon="-122.4618110">
    <ele>74.6</ele>
    <time>2026-04-27T02:05:32Z</time>
   </trkpt>
   <trkpt lat="37.7717070" lon="-122.4618470">
    <ele>74.6</ele>
    <time>2026-04-27T02:05:33Z</time>
   </trkpt>
   <trkpt lat="37.7717150" lon="-122.4618990">
    <ele>74.6</ele>
    <time>2026-04-27T02:05:34Z</time>
   </trkpt>
   <trkpt lat="37.7717200" lon="-122.4619200">
    <ele>74.6</ele>
    <time>2026-04-27T02:05:35Z</time>
   </trkpt>
   <trkpt lat="37.7717270" lon="-122.4619610">
    <ele>74.6</ele>
    <time>2026-04-27T02:05:36Z</time>
   </trkpt>
   <trkpt lat="37.7717330" lon="-122.4620050">
    <ele>74.6</ele>
    <time>2026-04-27T02:05:37Z</time>
   </trkpt>
   <trkpt lat="37.7717340" lon="-122.4620250">
    <ele>74.6</ele>
    <time>2026-04-27T02:05:38Z</time>
   </trkpt>
   <trkpt lat="37.7717340" lon="-122.4620660">
    <ele>74.6</ele>
    <time>2026-04-27T02:05:39Z</time>
   </trkpt>
   <trkpt lat="37.7717460" lon="-122.4621080">
    <ele>74.5</ele>
    <time>2026-04-27T02:05:40Z</time>
   </trkpt>
   <trkpt lat="37.7717610" lon="-122.4621430">
    <ele>74.5</ele>
    <time>2026-04-27T02:05:41Z</time>
   </trkpt>
   <trkpt lat="37.7717710" lon="-122.4621820">
    <ele>74.5</ele>
    <time>2026-04-27T02:05:42Z</time>
   </trkpt>
   <trkpt lat="37.7717730" lon="-122.4622280">
    <ele>74.5</ele>
    <time>2026-04-27T02:05:43Z</time>
   </trkpt>
   <trkpt lat="37.7717760" lon="-122.4622480">
    <ele>74.5</ele>
    <time>2026-04-27T02:05:44Z</time>
   </trkpt>
   <trkpt lat="37.7717840" lon="-122.4622820">
    <ele>74.4</ele>
    <time>2026-04-27T02:05:45Z</time>
   </trkpt>
   <trkpt lat="37.7718040" lon="-122.4623510">
    <ele>74.4</ele>
    <time>2026-04-27T02:05:47Z</time>
   </trkpt>
   <trkpt lat="37.7718110" lon="-122.4623840">
    <ele>74.4</ele>
    <time>2026-04-27T02:05:48Z</time>
   </trkpt>
   <trkpt lat="37.7718190" lon="-122.4624260">
    <ele>74.4</ele>
    <time>2026-04-27T02:05:50Z</time>
   </trkpt>
   <trkpt lat="37.7718220" lon="-122.4624490">
    <ele>74.4</ele>
    <time>2026-04-27T02:05:51Z</time>
   </trkpt>
  </trkseg>
 </trk>
</gpx>
